signaled_at,current_price,moving_average,pct_diff_from_ma
2025-02-03 21:28:50,101138,100049.2785,0.01088185258627327
2025-02-03 22:03:40,101854,100519.1925,0.013279130749085507
2025-02-04 19:32:57,100440,99530.8460559721,0.009134393809097432
2025-02-04 19:53:56,99016,99468.15468556204,-0.004545723070779667
2025-02-04 19:59:12,99132,99405.97250000005,-0.0027560969739524152
2025-02-04 19:59:47,99103,99473.67849508586,-0.003726397783753101
2025-02-04 21:15:27,98214,99115.75650000003,-0.009098013593832903
2025-02-04 21:16:01,98163,98985.22563651513,-0.008306549095866398
2025-02-04 22:17:09,96685,98567.35200000006,-0.01909711442790972
2025-02-04 22:17:43,96960,98190.78920561023,-0.012534670670921809
2025-02-04 23:17:21,97696,98269.12550000007,-0.005832203116532944
2025-02-04 23:17:57,97748,98003.84402970281,-0.0026105509659934668
2025-02-05 01:22:32,98377,97742.26650000004,0.0064939511096763665
2025-02-05 01:23:07,98396,98085.42548633323,0.003166367603819411
2025-02-05 02:47:26,97834,97766.86700000004,0.0006866641231324099
2025-02-05 02:48:00,97776,97933.87384427371,-0.0016120453330044553
2025-02-05 03:22:09,98029,97894.39150000004,0.0013750379152206935
2025-02-05 03:22:43,98054,97953.91296549393,0.0010217767874298798
2025-02-05 04:21:57,98026,97989.15100000004,0.0003760518345541978
2025-02-05 04:22:33,98044,97991.52518705558,0.000535503584052302
2025-02-05 05:19:08,97941,98018.37550000004,-0.0007893979022335284
2025-02-05 05:19:43,97953,98008.49967639084,-0.0005662741147359011
2025-02-05 06:25:47,97862,97949.84250000003,-0.0008968110387725014
2025-02-05 06:26:22,97822,97987.8528896286,-0.0016925862210228628
2025-02-05 07:17:31,97476,97927.69300000006,-0.004612515481193427
2025-02-05 07:18:06,97495,97867.60977021753,-0.003807283851034874
2025-02-05 08:21:32,97861,97922.96250000008,-0.0006327678250142957
2025-02-05 08:22:06,97858,97873.02033333044,-0.00015346755703750227
2025-02-05 09:20:14,97833,97855.11950000007,-0.00022604335994984341
2025-02-05 09:20:49,97788,97827.03383268902,-0.0003990086498562161
2025-02-05 10:19:12,97683,97738.57750000006,-0.0005686342222451273
2025-02-05 10:19:48,97680,97718.80895863421,-0.00039714932107531804
2025-02-05 11:15:15,98110,97754.85200000004,0.00363304728853722
2025-02-05 11:15:50,98105,97823.27717622597,0.002879916027210156
2025-02-05 12:36:21,98447,97909.68700000008,0.005487843097689828
2025-02-05 12:36:55,98486,98025.10173757972,0.0047018391641575055
2025-02-05 13:23:40,98272,97954.36350000008,0.003242698830868522
2025-02-05 13:24:14,98319,98066.68734446679,0.0025728681407065908
2025-02-05 14:17:01,98560,98121.52700000005,0.004468672812235732
2025-02-05 14:17:35,98610,98235.32352155914,0.003814070794591832
2025-02-05 15:19:30,98029,98286.67100000007,-0.00262162709733118
2025-02-05 15:20:02,98016,98271.3324129582,-0.0025982390458006537
2025-02-05 16:23:09,97431,98286.66150000005,-0.008705774384248927
2025-02-05 16:23:43,97511,98141.55941964014,-0.006424998984823022
2025-02-05 17:16:07,97892,98221.69250000003,-0.0033566159532430542
2025-02-05 17:16:41,97772,98069.9847396413,-0.0030384907312098874
2025-02-05 18:25:21,96870,97988.87400000004,-0.011418377968095025
2025-02-05 18:25:56,96966,97765.77359500428,-0.00818050699744222
2025-02-05 19:16:01,96908,97658.21650000001,-0.007682062266619516
2025-02-05 19:16:35,96914,97478.70925582529,-0.005793154834900984
2025-02-05 20:20:19,97697,97475.24350000003,0.00227500329352831
2025-02-05 20:20:54,97670,97499.52308612748,0.0017484897205284908
2025-02-05 21:06:38,97276,97355.16650000002,-0.0008131720467040767
2025-02-05 21:07:12,97252,97408.49877727246,-0.0016066234387853108
2025-02-05 21:17:32,97200,97321.23800000001,-0.0012457506962664417
2025-02-05 21:18:07,97244,97390.44184156842,-0.0015036572254867296
2025-02-05 22:19:00,96846,97162.55549999999,-0.003257998910907481
2025-02-05 22:19:35,96710,97255.69136372505,-0.005610893882644172
2025-02-05 23:17:42,96557,97003.2135,-0.004599986782912073
2025-02-05 23:18:17,96560,97002.66245267983,-0.004563405183808919
2025-02-06 01:22:42,97143,96848.5585,0.003040225942030937
2025-02-06 01:23:17,97127,96929.58108113905,0.0020367251839836934
2025-02-06 02:47:56,97332,96869.641,0.004773002100833601
2025-02-06 02:48:31,97339,97066.66176322126,0.002805682526128978
2025-02-06 03:21:50,97237,96915.25550000001,0.0033198540141080894
2025-02-06 03:22:26,97198,97093.27672896867,0.0010785841673018788
2025-02-06 04:21:54,97777,97122.4885,0.006739031403627937
2025-02-06 04:22:29,97636,97224.97660161044,0.004227549470891324
2025-02-06 05:19:45,97647,97321.55300000004,0.003344038293346555
2025-02-06 05:20:21,97657,97371.31520012066,0.00293397289840637
2025-02-06 06:26:57,98116,97509.29900000003,0.0062219809415302195
2025-02-06 06:27:32,98087,97559.31638812882,0.00540884901009197
2025-02-06 07:17:25,98176,97716.23000000001,0.004705154916434961
2025-02-06 07:18:00,98144,97775.59622573579,0.003767849938891416
2025-02-06 08:23:42,98095,97887.31050000004,0.0021217203633351837
2025-02-06 08:24:16,98116,97898.98793070413,0.00221669369503065
2025-02-06 09:19:17,98554,98057.52550000005,0.005063094315998752
2025-02-06 09:19:52,98624,98059.01730949926,0.005761659722914684
2025-02-06 10:19:43,98791,98255.88300000002,0.005446157356297778
2025-02-06 10:20:19,98772,98259.57597602914,0.0052150034119409164
2025-02-06 11:15:04,98748,98445.88100000002,0.0030688841110576978
2025-02-06 11:15:39,98731,98446.73134382183,0.002887537781070408
2025-02-06 12:36:40,98469,98560.92600000005,-0.0009326819839339817
2025-02-06 12:37:14,98492,98537.28614571436,-0.00045958385384585324
2025-02-06 13:24:15,98265,98588.63300000005,-0.0032826603854020893
2025-02-06 13:24:49,98213,98470.94078970465,-0.002619461006831529
2025-02-06 14:17:07,98276,98618.00550000001,-0.0034679823249925065
2025-02-06 14:17:41,98221,98458.4124563122,-0.0024112968144550015
2025-02-06 15:19:41,97806,98466.87200000003,-0.006711617690059576
2025-02-06 15:20:15,97970,98303.04550211385,-0.003387946939107661
2025-02-06 16:22:01,97017,98220.15850000003,-0.012249608617766928
2025-02-06 16:22:35,97080,98018.86777565729,-0.009578439304217838
2025-02-06 17:16:00,96527,97777.22250000006,-0.012786439091170347
2025-02-06 17:16:36,96582,97535.82009286746,-0.009779177454593562
2025-02-06 18:27:07,96201,97405.93450000006,-0.012370237051625026
2025-02-06 18:27:42,96202,97205.8625297894,-0.01032718092987203
2025-02-06 19:15:41,96551,97000.65700000006,-0.004635607777378915
2025-02-06 19:16:15,96559,96961.26263012066,-0.004148694222920531
2025-02-06 20:19:30,96205,96611.10800000004,-0.0042035332003441716
2025-02-06 20:20:05,96265,96681.19374034555,-0.004304805559841494
2025-02-06 21:17:16,96513,96484.47350000002,0.00029565896941934506
2025-02-06 21:17:51,96495,96692.3276486961,-0.0020407787618168657
2025-02-06 22:18:09,96372,96470.73050000003,-0.0010234244053955225
2025-02-06 22:18:44,96403,96629.16207662773,-0.0023405157590871517
2025-02-06 23:19:34,96598,96518.00250000002,0.0008288350144832629
2025-02-06 23:20:08,96649,96664.7987429871,-0.00016343843045807076
2025-02-07 01:22:42,96738,96650.98500000003,0.0009003012230032656
2025-02-07 01:23:16,96757,96653.71266844895,0.0010686328408858728
2025-02-07 02:49:24,97533,96818.49900000003,0.007379798358575819
2025-02-07 02:49:59,97532,96961.24433027253,0.00588643095155982
2025-02-07 03:23:00,97504,96936.7135,0.005852132587515483
2025-02-07 03:23:34,97500,97070.00767603886,0.004429713505289842
2025-02-07 04:22:25,97655,97100.19000000003,0.005713789025541231
2025-02-07 04:22:59,97696,97221.3846084243,0.0048818003722874
2025-02-07 05:18:35,97356,97256.00600000001,0.0010281524413000415
2025-02-07 05:19:09,97347,97280.11880836534,0.0006875114098741118
2025-02-07 06:26:34,97093,97377.2295,-0.002918849729648565
2025-02-07 06:27:09,97054,97258.34140903578,-0.002101016797894925
2025-02-07 07:17:15,96992,97289.88749999998,-0.0030618547071501402
2025-02-07 07:17:51,97000,97116.77760352299,-0.001202445204676505
2025-02-07 08:23:14,96832,97144.18449999997,-0.0032136200597779893
2025-02-07 08:23:49,96812,97006.17034863308,-0.002001628844178125
2025-02-07 09:19:10,97340,97081.00499999998,0.0026678236386203924
2025-02-07 09:19:45,97303,97064.82839477982,0.0024537374573155883
2025-02-07 10:19:48,97276,97062.64349999998,0.0021981319723692007
2025-02-07 10:20:23,97304,97145.98961495266,0.00162652504414879
2025-02-07 11:15:13,97640,97122.07149999999,0.005332757961201529
2025-02-07 11:15:49,97607,97262.54480659388,0.003541498879050142
2025-02-07 12:35:37,97826,97340.34850000002,0.004989210614958688
2025-02-07 12:36:11,97891,97444.49874520185,0.0045821083852630685
2025-02-07 13:23:09,97591,97481.89000000003,0.0011192848230576105
2025-02-07 13:23:44,97509,97518.24353669578,-9.478776852970548e-05
2025-02-07 14:17:08,99762,97880.6995,0.019220341799866248
2025-02-07 14:17:43,99744,98074.73937361996,0.01702029122933399
2025-02-07 15:18:56,98040,98220.146,-0.0018341043801746474
2025-02-07 15:19:30,98081,98360.85545141516,-0.002845191312446394
2025-02-07 16:22:32,98315,98402.2495,-0.0008866616407992315
2025-02-07 16:23:06,98269,98340.14445286817,-0.000723452800115345
2025-02-07 17:15:58,97958,98447.16299999999,-0.004968787165557894
2025-02-07 17:16:32,97863,98200.81217607672,-0.003440014075148564
2025-02-07 18:25:05,97937,98397.81249999997,-0.004683157971626361
2025-02-07 18:25:40,97955,98011.09395105265,-0.0005723224666859147
2025-02-07 19:14:26,97414,98219.73899999997,-0.00820343250962999
2025-02-07 19:15:00,97393,97935.23915064034,-0.005536711354799312
2025-02-07 20:19:35,96540,97622.228,-0.011085876876319631
2025-02-07 20:20:09,96547,97487.6001231387,-0.009648407817513334
2025-02-07 21:16:39,96111,97155.29450000003,-0.010748714265901715
2025-02-07 21:17:14,96155,96974.39303783595,-0.00844958150463755
2025-02-07 22:16:55,95805,96750.34049999998,-0.009770926852706805
2025-02-07 22:17:30,95773,96581.12583435327,-0.0083673267149452
2025-02-07 23:17:03,96088,96423.9905,-0.003484511460869273
2025-02-07 23:17:38,96172,96421.9287623625,-0.0025920323890062684
2025-02-08 01:20:19,96446,96198.86750000004,0.002568975149317254
2025-02-08 01:20:54,96520,96510.16920802237,0.00010186275765859817
2025-02-08 02:42:03,96534,96375.5495,0.001644094387238812
2025-02-08 02:42:37,96538,96541.30115108131,-3.419418468518865e-05
2025-02-08 03:19:43,96817,96515.45450000002,0.0031243234729830577
2025-02-08 03:20:17,96788,96608.31287406279,0.001859955117645522
2025-02-08 04:20:47,96561,96618.12450000002,-0.0005912400007311247
2025-02-08 04:21:21,96537,96605.47442082736,-0.0007088047674097421
2025-02-08 05:16:32,96200,96561.23700000002,-0.003741014626811613
2025-02-08 05:17:07,96186,96487.60383611216,-0.003125829890277371
2025-02-08 06:23:44,96105,96466.77050000001,-0.0037502084720459593
2025-02-08 06:24:19,96106,96382.19966729653,-0.002865670925232575
2025-02-08 07:16:30,95890,96351.45250000004,-0.004789263555731481
2025-02-08 07:17:04,95843,96247.91611938512,-0.0042070118056671815
2025-02-08 08:21:52,96125,96250.39900000003,-0.0013028413523774997
2025-02-08 08:22:26,96130,96230.72587158886,-0.0010467121667903625
2025-02-08 09:17:01,96019,96125.40850000003,-0.0011069757898613671
2025-02-08 09:17:36,96019,96157.71219123574,-0.001442548788597142
2025-02-08 10:17:22,96226,96120.14500000003,0.001101277989124619
2025-02-08 10:17:56,96211,96172.92388860477,0.00039591300602792286
2025-02-08 11:13:31,96087,96105.13450000001,-0.0001886943928059813
2025-02-08 11:14:05,96080,96155.00623038107,-0.0007800553847540716
2025-02-08 12:32:50,95989,96084.83000000003,-0.0009973478643822424
2025-02-08 12:33:24,95966,96086.84631784054,-0.0012576780534642098
2025-02-08 13:19:20,96195,96076.31800000003,0.0012352888044686679
2025-02-08 13:19:54,96172,96096.4597852512,0.0007860873846717878
2025-02-08 14:15:17,96250,96123.99050000004,0.0013109058346881303
2025-02-08 14:15:51,96106,96141.87873334381,-0.0003731852738526228
2025-02-08 15:16:52,96157,96102.45050000002,0.0005676182003286082
2025-02-08 15:17:27,96132,96127.97050942917,4.1917982346600486e-05
2025-02-08 16:20:02,95797,96048.02300000002,-0.002613515532745693
2025-02-08 16:20:37,95818,96019.22093965007,-0.002095631871211917
2025-02-08 17:14:43,96278,96068.89150000001,0.0021766515334465737
2025-02-08 17:15:17,96273,96079.04328968331,0.0020187202502829084
2025-02-08 18:22:30,96301,96120.9015,0.0018736663638136265
2025-02-08 18:23:04,96319,96150.45845386559,0.0017528938378934288
2025-02-08 19:14:39,96496,96153.839,0.00355847466475044
2025-02-08 19:15:13,96500,96270.4513647656,0.0023844142411325064
2025-02-08 20:17:44,96427,96274.63150000003,0.001582644333465641
2025-02-08 20:18:18,96427,96351.41481076981,0.000784474098056923
2025-02-08 21:15:39,96411,96385.50750000004,0.00026448478263149574
2025-02-08 21:16:13,96402,96374.93039987035,0.0002808780252014788
2025-02-08 22:15:50,96649,96474.58450000003,0.0018078906574609155
2025-02-08 22:16:24,96636,96444.80327060267,0.0019824471916944342
2025-02-08 23:18:17,96611,96505.3725,0.0010945245561328964
2025-02-08 23:18:51,96609,96463.41367121733,0.001509238821662238
2025-02-09 01:26:23,96833,96523.68849999999,0.003204513884692779
2025-02-09 01:26:57,96837,96531.71889094415,0.003162495318256397
2025-02-09 02:50:10,96742,96628.168,0.0011780415830712518
2025-02-09 02:50:46,96742,96651.42684275887,0.0009371114343555824
2025-02-09 03:22:08,96811,96645.2255,0.00171528908067993
2025-02-09 03:22:42,96811,96673.76818647608,0.0014195351655188306
2025-02-09 04:20:45,96995,96778.96850000003,0.0022322153598895627
2025-02-09 04:21:20,96995,96831.21794924876,0.0016914178528362467
2025-02-09 05:17:29,97105,96911.70550000004,0.0019945423414301573
2025-02-09 05:18:05,97115,96937.54492121648,0.0018306124724712174
2025-02-09 06:23:54,96796,96964.57650000004,-0.0017385369594228998
2025-02-09 06:24:28,96778,96928.44278169294,-0.0015521015026700989
2025-02-09 07:15:39,97034,97007.23000000003,0.00027595881255422885
2025-02-09 07:16:15,97034,96961.58090619532,0.000746884416774749
2025-02-09 08:20:52,97237,97079.00350000004,0.0016275043449530738
2025-02-09 08:21:26,97240,97024.51138323512,0.0022209709040814036
2025-02-09 09:17:07,96957,97056.39800000004,-0.0010241261992851277
2025-02-09 09:17:41,96960,97027.4430988133,-0.0006950930237810238
2025-02-09 10:18:21,96782,97005.48000000004,-0.0023037873736621835
2025-02-09 10:18:56,96782,96972.2534324566,-0.0019619367986442537
2025-02-09 11:13:26,96848,96978.62650000004,-0.001346961745225811
2025-02-09 11:14:00,96804,96927.85721462566,-0.0012778288738129022
2025-02-09 12:32:15,96530,96861.85750000003,-0.003426090605376087
2025-02-09 12:32:49,96567,96788.2962983178,-0.0022863952231964905
2025-02-09 13:19:13,96231,96743.56800000004,-0.005298212693582304
2025-02-09 13:19:47,96212,96675.33346668005,-0.004792675132998044
2025-02-09 14:14:44,96070,96585.06800000003,-0.005332791192941214
2025-02-09 14:15:18,96105,96463.43123332049,-0.003715721374802988
2025-02-09 15:18:47,96316,96408.44300000001,-0.0009588683016072964
2025-02-09 15:19:21,96321,96383.0506809133,-0.0006437924559860494
2025-02-09 16:19:50,96487,96362.09850000002,0.0012961683270106253
2025-02-09 16:20:24,96508,96436.44451382407,0.000741996312044382
2025-02-09 17:14:36,96433,96332.41750000001,0.0010441189228951875
2025-02-09 17:15:11,96404,96426.1505938436,-0.0002297156290818098
2025-02-09 18:22:44,96087,96246.6995,-0.00165927248237746
2025-02-09 18:23:19,96071,96295.84277791998,-0.002334916767264014
2025-02-09 19:14:13,96235,96276.29350000001,-0.00042890620835973827
2025-02-09 19:14:47,96235,96279.63279954759,-0.00046357467565868576
2025-02-09 20:17:40,96141,96249.2595,-0.0011247826794968756
2025-02-09 20:18:15,96137,96207.62973535841,-0.0007341386078494217
2025-02-09 21:16:33,96249,96227.56450000004,0.00022275841762536976
2025-02-09 21:17:07,96258,96264.75530012463,-7.017417853051158e-05
2025-02-09 22:17:07,95379,95990.75000000004,-0.0063730098993917995
2025-02-09 22:17:41,95430,95930.85114849957,-0.005220960123915282
2025-02-09 23:18:05,96137,96015.28950000004,0.0012676158207069442
2025-02-09 23:18:40,96132,96004.80125795034,0.0013249206329576703
2025-02-10 01:23:37,96254,96170.47800000003,0.0008684785782178193
2025-02-10 01:24:12,96243,96310.81837202325,-0.0007041615175699553
2025-02-10 02:49:52,95843,96109.59400000003,-0.002773854189832769
2025-02-10 02:50:26,95810,96024.36755799467,-0.0022324287412276173
2025-02-10 03:23:46,96066,96153.16150000003,-0.0009064860545436258
2025-02-10 03:24:20,96109,96035.18466009691,0.0007686280831795588
2025-02-10 04:23:58,96933,96330.91100000002,0.0062502159872647525
2025-02-10 04:24:32,96964,96341.2749011786,0.006463741521587177
2025-02-10 05:18:56,97029,96411.57100000003,0.006404096454355821
2025-02-10 05:19:30,96994,96562.23048409591,0.004471411997625742
2025-02-10 06:27:01,97055,96507.76400000004,0.005670383162125283
2025-02-10 06:27:36,97047,96713.83958921074,0.003444805957496392
2025-02-10 07:17:59,97178,96823.69150000003,0.0036593161705673035
2025-02-10 07:18:35,97135,96854.84156748722,0.002892559917281637
2025-02-10 08:24:51,97589,97122.35250000004,0.0048047384354694515
2025-02-10 08:25:25,97639,97084.79681771006,0.005708444580983534
2025-02-10 09:20:34,97832,97294.39300000004,0.005525570214513387
2025-02-10 09:21:09,97839,97310.10037467156,0.005435197613526533
2025-02-10 10:20:21,97834,97428.65950000004,0.004160382602820907
2025-02-10 10:20:56,97784,97430.21583295296,0.0036311545039950507
2025-02-10 11:15:23,97671,97571.89650000006,0.0010156971787459227
2025-02-10 11:15:57,97633,97532.40186860504,0.0010314329337493885
2025-02-10 12:36:42,97338,97685.88850000006,-0.0035612973925098603
2025-02-10 12:37:18,97371,97556.71601205671,-0.0019036722395797045
2025-02-10 13:24:51,97503,97664.16150000006,-0.001650160074328392
2025-02-10 13:25:26,97492,97538.47393977117,-0.00047646777619121303
2025-02-10 14:18:03,97736,97689.59500000006,0.00047502500138259967
2025-02-10 14:18:38,97696,97637.06146042993,0.000603649256629389
2025-02-10 15:20:19,97319,97619.76450000005,-0.0030809795694605293
2025-02-10 15:20:53,97340,97558.48795179126,-0.0022395586112325715
2025-02-10 16:23:47,97036,97484.57750000007,-0.004601522738302598
2025-02-10 16:24:22,97057,97407.40029817905,-0.003597265681112782
2025-02-10 17:14:50,96949,97398.79500000007,-0.004618075613769869
2025-02-10 17:15:24,96973,97290.40074074056,-0.0032624055232989353
2025-02-10 18:25:59,97324,97365.25500000003,-0.0004237137775691518
2025-02-10 18:26:33,97324,97333.14542419367,-9.396001900294385e-05
2025-02-10 19:14:56,97611,97309.47100000003,0.003098660355475222
2025-02-10 19:15:30,97594,97401.28528924064,0.001978564350430095
2025-02-10 20:19:12,97320,97314.81650000003,5.326527024762031e-05
2025-02-10 20:19:48,97293,97390.81558285693,-0.0010043614715774766
2025-02-10 21:17:25,97183,97346.3615,-0.0016781469536485867
2025-02-10 21:18:00,97164,97357.10546158964,-0.0019834757891998836
2025-02-10 22:17:28,97336,97381.62700000002,-0.00046853807443597367
2025-02-10 22:18:05,97314,97353.92993605103,-0.00041015227713213874
2025-02-10 23:18:42,97403,97391.62750000006,0.00011677081790156404
2025-02-10 23:19:16,97389,97372.13810626083,0.00017316959519541217
2025-02-11 01:22:18,97918,97503.31900000008,0.004252993685270589
2025-02-11 01:22:53,97943,97590.95770143587,0.003607324970015688
2025-02-11 02:49:31,97860,97657.16700000007,0.0020769904168930664
2025-02-11 02:50:06,97822,97690.79831525062,0.0013430301216905665
2025-02-11 03:22:10,97642,97675.46900000007,-0.000342655124595
2025-02-11 03:22:45,97621,97676.11219608199,-0.0005642341289275642
2025-02-11 04:21:32,97640,97720.32250000004,-0.0008219631080325014
2025-02-11 04:22:07,97640,97644.58185083022,-4.6923759038855625e-05
2025-02-11 05:18:54,98087,97822.47150000003,0.0027041690517906323
2025-02-11 05:19:29,98098,97786.50307193259,0.0031854797776976686
2025-02-11 06:26:25,98313,97906.50750000004,0.004151843532974187
2025-02-11 06:27:00,98309,97965.64117849777,0.0035048902591942087
2025-02-11 07:17:14,98385,98005.48900000005,0.00387234433369293
2025-02-11 07:17:49,98376,98100.6270450371,0.0028070458187436954
2025-02-11 08:23:41,98136,98127.04650000004,9.124395688358561e-05
2025-02-11 08:24:16,98124,98150.0599587282,-0.0002655113887771753
2025-02-11 09:19:56,98179,98253.30800000003,-0.0007562900579391547
2025-02-11 09:20:31,98136,98168.97060310941,-0.0003358556467165994
2025-02-11 10:20:32,98103,98242.30600000004,-0.0014179838164633518
2025-02-11 10:21:06,98118,98134.36669865028,-0.00016677846101089208
2025-02-11 11:15:54,97997,98165.30100000005,-0.001714465277298445
2025-02-11 11:16:29,97986,98065.76006771889,-0.0008133324787755824
2025-02-11 12:36:52,97722,98044.83900000004,-0.0032927689340184058
2025-02-11 12:37:26,97747,97995.58614807345,-0.002536707599236425
2025-02-11 13:24:53,97656,97976.24500000004,-0.003268598424036754
2025-02-11 13:25:27,97665,97929.99984873767,-0.002706012959736447
2025-02-11 14:18:17,96893,97719.64500000005,-0.008459353285616698
2025-02-11 14:18:52,96874,97598.7154603949,-0.007425461052189649
2025-02-11 15:20:57,97023,97519.90850000005,-0.0050954569958404795
2025-02-11 15:21:31,96941,97395.96342292523,-0.004671275963970145
2025-02-11 16:25:11,96880,97303.36650000005,-0.004350995399527591
2025-02-11 16:25:46,96787,97231.07715668148,-0.004567234773773811
2025-02-11 17:17:12,96200,96966.19900000005,-0.007901712224484029
2025-02-11 17:17:46,96249,96916.8540133443,-0.006890999714583662
2025-02-11 18:24:35,95646,96617.51800000007,-0.01005529866747424
2025-02-11 18:25:09,95632,96595.31403898037,-0.00997267878431075
2025-02-11 19:13:52,95398,96399.63800000006,-0.010390474702820604
2025-02-11 19:14:27,95424,96315.65366766264,-0.009257619438884718
2025-02-11 20:19:50,95131,95932.70100000009,-0.00835691053877538
2025-02-11 20:20:24,95131,95836.75404802003,-0.00736412720808971
2025-02-11 21:17:17,95458,95628.70400000009,-0.0017850707252090865
2025-02-11 21:17:51,95445,95681.3019021744,-0.0024696769115453124
2025-02-11 22:17:23,96157,95635.41450000004,0.005453894906263591
2025-02-11 22:17:57,96233,95897.09667058154,0.003502747643886786
2025-02-11 23:18:18,95784,95590.33000000006,0.0020260417554781945
2025-02-11 23:18:52,95762,95840.24027298638,-0.0008163614027211005
2025-02-12 01:22:37,95855,95846.46300000006,8.906953613863049e-05
2025-02-12 01:23:13,95854,95882.62972154081,-0.0002985913259154204
2025-02-12 02:48:11,95809,95949.26300000005,-0.0014618455172506106
2025-02-12 02:48:46,95801,95944.48869500373,-0.0014955386907096488
2025-02-12 03:21:46,95585,95865.22800000003,-0.0029231453974117895
2025-02-12 03:22:21,95610,95847.57174568874,-0.002478641256755908
2025-02-12 04:21:56,95447,95807.92100000003,-0.003767131112259821
2025-02-12 04:22:30,95433,95725.59604389021,-0.003056612400261846
2025-02-12 05:18:12,95725,95757.98800000004,-0.00034449345364316966
2025-02-12 05:18:48,95744,95698.86473646763,0.0004716384426990124
2025-02-12 06:26:31,95792,95742.07100000004,0.0005214948818055131
2025-02-12 06:27:05,95801,95755.6398163232,0.0004737076976752048
2025-02-12 07:17:24,95898,95701.32300000005,0.0020551126550251795
2025-02-12 07:17:59,95938,95796.68683457733,0.0014751362504498249
2025-02-12 08:24:19,96168,95802.4415,0.003815753484737643
2025-02-12 08:24:53,96185,95920.18210468057,0.0027608151851757903
2025-02-12 09:19:34,96200,95970.80350000001,0.002388189862346947
2025-02-12 09:20:08,96170,96036.35536109062,0.00139160465228903
2025-02-12 10:19:31,96042,96060.091,-0.00018833003187557201
2025-02-12 10:20:06,96041,96061.20894067179,-0.00021037566458555795
2025-02-12 11:15:39,96157,96114.26950000001,0.0004445801879604419
2025-02-12 11:16:14,96178,96079.90333990345,0.0010209904120064464
2025-02-12 12:36:30,96180,96178.61000000002,1.4452277902382513e-05
2025-02-12 12:37:05,96169,96126.96974775718,0.0004372368374152904
2025-02-12 13:23:58,96570,96174.6595,0.004110651413327913
2025-02-12 13:24:32,96471,96134.20055860057,0.0035034299910168608
2025-02-12 14:17:55,95050,95894.53750000002,-0.008806940645602678
2025-02-12 14:18:29,95069,95713.1420270079,-0.00672992248886924
2025-02-12 15:20:27,95423,95754.05699999999,-0.003457367869018711
2025-02-12 15:21:03,95377,95590.16974274209,-0.002230038332558491
2025-02-12 16:24:17,95514,95628.31150000001,-0.0011953729832405405
2025-02-12 16:24:53,95490,95596.8065187982,-0.0011172603216321538
2025-02-12 17:01:28,97090,95702.44249999999,0.014498663396182497
2025-02-12 17:02:02,97208,95890.63757992386,0.013738175627189177
2025-02-12 17:16:59,96912,95730.54299999999,0.012341484368264887
2025-02-12 17:17:34,96833,95970.26311652976,0.0089896271558897
2025-02-12 18:26:09,96900,95957.64300000001,0.009820551761572436
2025-02-12 18:26:44,96879,96390.84202373419,0.005064360534848414
2025-02-12 19:15:21,96551,96336.89650000003,0.0022224454780933106
2025-02-12 19:15:55,96585,96483.56141753506,0.0010513561167788796
2025-02-12 20:19:56,97446,96710.62400000001,0.007603880210720068
2025-02-12 20:20:31,97480,96757.81992620803,0.007463790258428075
2025-02-12 21:17:19,97570,97049.85900000001,0.005359523500183433
2025-02-12 21:17:54,97590,96930.92130373136,0.006799467986107633
2025-02-12 22:17:29,97464,97186.27799999999,0.0028576256413483485
2025-02-12 22:18:03,97436,97134.98877896024,0.0030988959264178534
2025-02-12 23:17:00,97958,97368.6365,0.006052909039144312
2025-02-12 23:17:34,97976,97422.14758616906,0.005685077033854815
2025-02-13 01:23:00,97866,97663.201,0.002076513957391168
2025-02-13 01:23:34,97844,97602.08381721142,0.0024785964943293917
2025-02-13 02:49:17,97673,97769.00350000002,-0.0009819420937436547
2025-02-13 02:49:52,97672,97665.73269752237,6.417094619092976e-05
2025-02-13 03:22:06,97623,97747.953,-0.0012783183295919666
2025-02-13 03:22:40,97631,97634.38308605085,-3.465056001700059e-05
2025-02-13 04:21:57,97430,97671.2235,-0.002469749956597941
2025-02-13 04:22:32,97400,97574.49868228076,-0.0017883636056276605
2025-02-13 05:17:54,96579,97496.11850000001,-0.009406718073602195
2025-02-13 05:18:28,96643,97334.37358288735,-0.0071030773347361366
2025-02-13 06:26:04,96531,97269.8695,-0.007596077837855027
2025-02-13 06:26:38,96529,97112.54871366921,-0.006008993908601554
2025-02-13 07:17:38,96006,96925.86249999999,-0.009490372087222731
2025-02-13 07:18:12,95988,96767.85320562733,-0.008059011126041748
2025-02-13 08:23:54,95921,96628.75399999999,-0.0073244657589187825
2025-02-13 08:24:29,95927,96528.55301458066,-0.006231866072723482
2025-02-13 09:20:02,96193,96353.17149999998,-0.0016623376014144196
2025-02-13 09:20:36,96182,96380.93000110831,-0.0020639975263366207
2025-02-13 10:19:58,96237,96218.30699999999,0.00019427695812621038
2025-02-13 10:20:33,96238,96336.79896029094,-0.00102555784868522
2025-02-13 11:15:26,96246,96136.77299999999,0.0011361625379293053
2025-02-13 11:16:01,96246,96301.25026051654,-0.0005737231901670136
2025-02-13 12:36:38,96021,96089.60749999998,-0.000713995007212239
2025-02-13 12:37:12,96056,96151.49099817614,-0.0009931307063970139
2025-02-13 13:24:20,95972,96058.88949999999,-0.0009045440817842291
2025-02-13 13:24:56,95984,96074.52425710633,-0.000942229564042128
2025-02-13 14:17:58,95897,96034.82449999997,-0.0014351512664030888
2025-02-13 14:18:34,95839,96014.80637915601,-0.0018310340434553915
2025-02-13 15:20:30,96196,95981.71549999998,0.002232555428747504
2025-02-13 15:21:05,96199,96014.05132967516,0.0019262667053783417
2025-02-13 16:24:25,95530,95920.45199999998,-0.004070581318778354
2025-02-13 16:24:59,95606,95969.07291710447,-0.003783228347095513
2025-02-13 17:13:54,95708,95853.1605,-0.0015144049423388407
2025-02-13 17:14:28,95695,95843.91718042796,-0.0015537468084450463
2025-02-13 18:26:15,95670,95822.85249999996,-0.0015951570633942935
2025-02-13 18:26:49,95750,95796.28926073207,-0.0004832051542840155
2025-02-13 19:14:40,96248,95821.04749999999,0.004455727746036319
2025-02-13 19:15:14,96270,95888.52724155576,0.003978294061011747
2025-02-13 20:19:58,96226,95811.593,0.004325228158976613
2025-02-13 20:20:33,96138,95864.16364977325,0.002856503825842259
2025-02-13 21:17:06,96364,95889.23549999998,0.004951176193286257
2025-02-13 21:17:39,96360,95887.51999999997,0.0049274399838480035
2025-02-13 21:18:13,96357,96016.85418825444,0.003542563590748963
2025-02-13 22:17:24,96491,96072.20899999996,0.004359127414256096
2025-02-13 22:17:59,96486,96182.74867820302,0.003152866038498915
2025-02-13 23:18:25,96451,96217.62999999995,0.002425439080135872
2025-02-13 23:18:59,96464,96262.73742116417,0.0020907630951244693
2025-02-14 01:22:48,96727,96524.48199999995,0.0020980998375112205
2025-02-14 01:23:22,96753,96496.17763315047,0.002661477098356118
2025-02-14 02:48:33,96737,96586.11199999995,0.0015622121739412185
2025-02-14 02:49:07,96701,96559.9113525094,0.0014611513775683836
2025-02-14 03:21:59,96581,96594.25149999997,-0.00013718725280426638
2025-02-14 03:22:33,96576,96552.49132527527,0.00024348076783982438
2025-02-14 04:22:12,96896,96693.99249999996,0.002089142197743424
2025-02-14 04:22:46,96885,96681.12382796241,0.0021087484709049874
2025-02-14 05:17:57,96829,96723.34499999999,0.001092342288203674
2025-02-14 05:18:33,96816,96721.06969771352,0.0009814852398052115
2025-02-14 06:25:59,96701,96729.77499999997,-0.00029747820668418886
2025-02-14 06:26:34,96781,96722.99014863986,0.0005997524608264641
2025-02-14 07:17:04,96961,96783.34149999997,0.0018356309799453883
2025-02-14 07:17:38,96941,96764.84370821853,0.0018204575652770066
2025-02-14 08:23:43,96902,96846.77699999997,0.0005702099926363812
2025-02-14 08:24:18,96902,96823.70641145598,0.0008086200316615878
2025-02-14 09:19:25,96985,96858.37899999999,0.0013072797759707889
2025-02-14 09:19:59,96995,96871.53303286928,0.0012745433386382647
2025-02-14 10:19:27,97167,96922.12299999999,0.002526533596462881
2025-02-14 10:20:03,97167,96954.85835931769,0.002188045491192493
2025-02-14 11:15:20,97068,96983.8485,0.0008676857157303592
2025-02-14 11:15:54,97077,96981.19013944501,0.0009879220951735962
2025-02-14 12:36:01,96750,96937.56800000001,-0.0019349361023789438
2025-02-14 12:36:36,96750,96882.12683006222,-0.001363789528423309
2025-02-14 13:24:22,96565,96882.2705,-0.003274804547442958
2025-02-14 13:24:56,96565,96798.90208593811,-0.0024163712696912017
2025-02-14 14:17:23,96779,96840.275,-0.0006327429367584322
2025-02-14 14:17:58,96779,96782.4265770147,-3.540495042223775e-05
2025-02-14 15:19:44,96405,96789.57349999998,-0.003973294706169814
2025-02-14 15:20:19,96344,96779.34245284964,-0.004498299345872661
2025-02-14 16:21:30,96540,96739.18249999997,-0.0020589640603998934
2025-02-14 16:22:05,96553,96775.1947098845,-0.0022959882493711263
2025-02-14 17:15:55,97245,96842.52049999998,0.0041560204951503294
2025-02-14 17:16:29,97289,96949.23456391602,0.003504570589053825
2025-02-14 18:25:42,98360,97198.02599999997,0.011954707804457175
2025-02-14 18:26:17,98357,97410.05413475832,0.009721233333179988
2025-02-14 19:14:55,98425,97427.63149999997,0.01023701884819017
2025-02-14 19:15:29,98430,97712.99688018791,0.007337848011060882
2025-02-14 20:19:44,98190,97753.31899999999,0.004467173129947756
2025-02-14 20:20:18,98189,97826.0593932722,0.0037100605807777617
2025-02-14 21:16:56,96796,97817.1445,-0.010439320276825245
2025-02-14 21:17:30,96878,97601.94491230823,-0.0074173205560469965
2025-02-14 22:16:56,97367,97858.61850000001,-0.005023762929986707
2025-02-14 22:17:31,97421,97547.66333550273,-0.0012984763670564551
2025-02-14 23:17:42,97261,97642.23650000003,-0.003904422037690913
2025-02-14 23:18:17,97229,97439.33877999273,-0.002158663868477713
2025-02-15 01:22:02,97666,97373.89050000002,0.0029998750024266183
2025-02-15 01:22:36,97680,97481.7319236398,0.00203389981330559
2025-02-15 02:46:28,97762,97509.27300000002,0.0025918252923492146
2025-02-15 02:47:03,97788,97600.97026717327,0.001916269196041366
2025-02-15 03:21:48,97834,97558.1095,0.0028279607037690092
2025-02-15 03:22:22,97858,97657.62414160896,0.0020518199183351257
2025-02-15 04:23:55,97738,97650.537,0.0008956735179039863
2025-02-15 04:24:30,97711,97673.09336620496,0.00038809699261711984
2025-02-15 05:17:42,97523,97666.06950000003,-0.0014648843834145168
2025-02-15 05:18:17,97539,97619.88601074784,-0.0008285812865929182
2025-02-15 06:25:07,97664,97682.9255,-0.00019374419739299838
2025-02-15 06:25:43,97643,97619.36563246597,0.00024210736651388316
2025-02-15 07:15:39,97410,97623.433,-0.0021862886137184352
2025-02-15 07:16:13,97403,97565.1437687071,-0.001661902626736116
2025-02-15 08:21:16,97415,97543.01400000002,-0.001312385118631096
2025-02-15 08:21:50,97435,97516.89633943807,-0.0008398169190393838
2025-02-15 09:19:05,97561,97511.30900000004,0.0005095921745852319
2025-02-15 09:19:39,97551,97522.37115375213,0.0002935618351889117
2025-02-15 10:17:21,97466,97505.15900000004,-0.00040160951893882137
2025-02-15 10:17:56,97458,97515.7119573122,-0.0005918221397744312
2025-02-15 11:13:41,97546,97509.41850000004,0.0003751586314706262
2025-02-15 11:14:15,97546,97542.6620130465,3.422079000726747e-05
2025-02-15 12:32:58,97635,97542.30150000005,0.0009503415295153242
2025-02-15 12:33:33,97635,97571.67327800742,0.0006490277338192404
2025-02-15 13:18:44,97773,97599.75450000004,0.0017750608173913063
2025-02-15 13:19:18,97743,97623.6110686952,0.001222951394625093
2025-02-15 14:14:57,97701,97631.42250000006,0.000712654780789875
2025-02-15 14:15:30,97723,97660.57213554023,0.0006392330404651271
2025-02-15 15:17:50,97629,97644.44900000007,-0.00015821687928277415
2025-02-15 15:18:24,97625,97633.36528615,-8.568060852438951e-05
2025-02-15 16:20:35,97644,97656.61750000005,-0.00012920271378487195
2025-02-15 16:21:09,97649,97634.20293954601,0.00015155611464508976
2025-02-15 17:15:14,97571,97640.40600000005,-0.0007108327673283774
2025-02-15 17:15:49,97557,97597.17698792869,-0.0004116613735011709
2025-02-15 18:22:35,97467,97566.09600000005,-0.001015680693015006
2025-02-15 18:23:09,97471,97532.15862662088,-0.0006270611404696533
2025-02-15 19:15:25,97593,97540.11750000008,0.0005421615367637796
2025-02-15 19:16:01,97557,97539.29695105416,0.0001814965813699134
2025-02-15 20:18:25,97575,97536.89600000005,0.0003906624217357543
2025-02-15 20:19:00,97580,97552.37486615176,0.00028318258664787274
2025-02-15 21:16:40,97618,97523.23250000006,0.0009717428101036692
2025-02-15 21:17:16,97617,97558.69138261929,0.0005976773217675373
2025-02-15 22:17:06,97679,97560.52900000007,0.0012143333089136095
2025-02-15 22:17:40,97679,97603.27590102717,0.0007758356292222951
2025-02-15 23:16:25,97464,97561.26050000006,-0.0009969172138777575
2025-02-15 23:16:59,97485,97547.62345455047,-0.0006419782700256962
2025-02-16 01:36:05,97549,97587.96950000005,-0.00039932688629257886
2025-02-16 01:36:40,97565,97583.88867179712,-0.00019356342582991568
2025-02-16 02:53:10,97469,97579.3515000001,-0.0011308898686430196
2025-02-16 02:53:45,97482,97581.31945865977,-0.0010178122125295097
2025-02-16 03:24:47,97470,97569.59400000008,-0.0010207483286246385
2025-02-16 03:25:21,97480,97569.50186978729,-0.0009173139974285548
2025-02-16 04:20:57,97503,97574.73700000007,-0.0007352005468389469
2025-02-16 04:21:33,97494,97553.01115746245,-0.0006049137465085003
2025-02-16 05:18:04,97493,97556.09300000007,-0.0006467356170164195
2025-02-16 05:18:40,97493,97538.67841307179,-0.0004683107646624049
2025-02-16 06:24:12,97575,97551.10500000007,0.00024494853236087173
2025-02-16 06:24:46,97575,97554.65195543118,0.00020858097651882867
2025-02-16 07:18:44,97457,97525.85450000006,-0.0007060127835133139
2025-02-16 07:19:19,97457,97529.89088824653,-0.0007473697302712473
2025-02-16 08:21:21,97305,97478.60050000006,-0.001780908826240879
2025-02-16 08:21:55,97305,97451.27890126876,-0.0015010465015749806
2025-02-16 09:17:07,97069,97399.88950000008,-0.0033972266467517634
2025-02-16 09:17:42,97074,97342.47632295014,-0.002758059308656016
2025-02-16 10:17:51,97269,97364.47050000008,-0.000980547621835863
2025-02-16 10:18:27,97277,97340.41354970087,-0.0006514616836766376
2025-02-16 11:14:47,97205,97309.55750000008,-0.0010744833568900214
2025-02-16 11:15:21,97209,97298.35209881488,-0.0009183310599560453
2025-02-16 12:35:27,97200,97246.10400000008,-0.0004740961139181407
2025-02-16 12:36:01,97200,97283.37975207124,-0.0008570811610753523
2025-02-16 13:19:57,97170,97224.16100000005,-0.0005570734624292717
2025-02-16 13:20:32,97170,97243.13573556587,-0.000752091497385974
2025-02-16 14:15:50,96780,97157.81950000004,-0.0038887194252032516
2025-02-16 14:16:25,96757,97107.17886788015,-0.0036061069012888474
2025-02-16 15:17:01,96919,97083.52100000007,-0.0016946336340651058
2025-02-16 15:17:35,96911,97050.70238286495,-0.0014394783286969795
2025-02-16 16:20:39,96989,97041.07250000007,-0.000536602684394976
2025-02-16 16:21:13,96995,97041.03896587383,-0.0004744277922458981
2025-02-16 17:06:07,97063,97012.44850000007,0.0005210826113715561
2025-02-16 17:06:42,97063,97048.77260722384,0.00014660044010795842
2025-02-16 17:15:48,97126,97010.94350000005,0.0011860156787357478
2025-02-16 17:16:23,97137,97064.77303918892,0.0007441109534343541
2025-02-16 18:23:20,96836,96971.15800000004,-0.0013937958748521846
2025-02-16 18:23:55,96828,97016.58171261266,-0.0019438090817432642
2025-02-16 19:14:32,96894,96968.03500000006,-0.0007634990231581124
2025-02-16 19:15:06,96887,96967.03796531893,-0.0008254141510185808
2025-02-16 20:19:02,97094,96994.87450000006,0.0010219663720471785
2025-02-16 20:19:36,97094,97006.0197541601,0.0009069565586019547
2025-02-16 21:16:28,96864,96970.10900000003,-0.001094244412987365
2025-02-16 21:17:03,96884,96966.0709861435,-0.0008463886935795357
2025-02-16 22:16:35,97070,96984.71250000004,0.0008793911720876848
2025-02-16 22:17:10,97069,97021.91764573142,0.0004852754450855202
2025-02-16 23:16:56,96304,96905.32100000007,-0.006205242331327385
2025-02-16 23:17:31,96299,96850.73609256404,-0.0056967671576261735
2025-02-17 01:25:39,96157,96621.54450000005,-0.004807876984413627
2025-02-17 01:26:13,96119,96530.95121009563,-0.004267555689978022
2025-02-17 02:52:13,96247,96435.24400000002,-0.0019520249256591352
2025-02-17 02:52:47,96247,96461.05066046087,-0.0022190372071968943
2025-02-17 03:25:10,96124,96349.52600000003,-0.0023407068966797727
2025-02-17 03:25:45,96124,96401.75221001553,-0.0028811946219653487
2025-02-17 04:22:48,96047,96270.01150000002,-0.002316520965617858
2025-02-17 04:23:24,96093,96318.91165749573,-0.0023454548396379107
2025-02-17 05:18:28,96173,96254.25950000004,-0.0008442171850072124
2025-02-17 05:19:04,96153,96261.92749767614,-0.0011315740345918875
2025-02-17 05:20:11,96133,96250.00400000004,-0.0012156259235069167
2025-02-17 05:20:46,96132,96262.21987862852,-0.0013527620575621675
2025-02-17 06:27:34,96344,96237.99050000003,0.001101534845534529
2025-02-17 06:28:08,96370,96267.51789797013,0.0010645553585217186
2025-02-17 07:18:35,96226,96215.684,0.00010721744700174008
2025-02-17 07:19:10,96251,96279.75456505328,-0.00029865640168262136
2025-02-17 08:25:43,96040,96183.045,-0.0014872163799763071
2025-02-17 08:26:18,96056,96207.14351020177,-0.0015710217005428923
2025-02-17 09:21:10,96236,96179.8605,0.0005836928823576821
2025-02-17 09:21:45,96190,96188.95303048412,1.0884508905621009e-05
2025-02-17 10:21:10,96346,96221.928,0.0012894358134249828
2025-02-17 10:21:44,96330,96230.12365612411,0.0010378906321766369
2025-02-17 11:16:46,96263,96195.98400000001,0.0006966610996981818
2025-02-17 11:17:20,96265,96210.61002283361,0.0005653220279289068
2025-02-17 12:37:44,96260,96178.3975,0.0008484493620305286
2025-02-17 12:38:19,96243,96192.76239726356,0.0005222596948506621
2025-02-17 13:25:51,96402,96227.55850000001,0.001812801890842801
2025-02-17 13:26:26,96381,96250.72851723019,0.0013534597065048392
2025-02-17 14:18:37,96982,96323.0715,0.0068408169479935495
2025-02-17 14:19:12,96937,96392.8205688089,0.005645435292586453
2025-02-17 15:20:23,96600,96382.936,0.0022520998945290325
2025-02-17 15:20:59,96618,96461.77422941366,0.0016195614463279035
2025-02-17 16:23:34,95660,96301.13000000002,-0.006657554277919886
2025-02-17 16:24:08,95688,96219.41528811355,-0.005522952789957358
2025-02-17 17:16:33,95629,96170.25650000002,-0.005628107064474946
2025-02-17 17:17:07,95699,95990.05503825868,-0.003032137424472516
2025-02-17 18:25:14,95705,96002.02250000005,-0.0030939191932133504
2025-02-17 18:25:49,95694,95833.95719359512,-0.0014604133826217308
2025-02-17 19:15:31,95286,95735.52650000002,-0.004695503502558391
2025-02-17 19:16:07,95325,95656.2032559373,-0.0034624336390514875
2025-02-17 20:20:02,95668,95531.47500000005,0.0014291101440645658
2025-02-17 20:20:37,95691,95643.9159213931,0.0004922851407046011
2025-02-17 21:16:46,96040,95595.58550000007,0.004648901909805509
2025-02-17 21:17:21,95986,95771.15968898649,0.002243267302089667
2025-02-17 22:17:01,96146,95748.36000000007,0.004152969304120993
2025-02-17 22:17:35,96124,95918.98604236686,0.0021373657718044337
2025-02-17 23:17:20,95900,95825.12950000005,0.0007813242767383507
2025-02-17 23:17:55,95850,95911.34151568555,-0.0006395647763462484
2025-02-18 01:22:47,96006,95943.0215,0.0006564156414439943
2025-02-18 01:23:21,96047,95852.77200702022,0.0020263158687320523
2025-02-18 02:47:46,96104,95953.13799999999,0.0015722466523190547
2025-02-18 02:48:22,96093,95985.37499459779,0.0011212646239936726
2025-02-18 03:21:41,96213,95957.80549999997,0.0026594449369731258
2025-02-18 03:22:17,96189,96018.6488385753,0.0017741466213619336
2025-02-18 04:22:14,96145,96024.77550000002,0.0012520154238734153
2025-02-18 04:22:48,96171,96086.6020377144,0.0008783530741619114
2025-02-18 05:19:26,95886,96075.00200000001,-0.00196723389087213
2025-02-18 05:20:01,95902,96059.62005601637,-0.001640856542264646
2025-02-18 06:26:24,95388,96051.6265,-0.006909060514451554
2025-02-18 06:26:58,95416,95935.43186721863,-0.005414390252993959
2025-02-18 07:17:39,95509,95867.285,-0.0037373020420887427
2025-02-18 07:18:13,95499,95732.43609309544,-0.0024384221547275433
2025-02-18 08:24:16,95392,95725.905,-0.003488136257369401
2025-02-18 08:24:51,95398,95633.71094850353,-0.002464726571474961
2025-02-18 09:19:49,95575,95569.76599999997,5.476627409578303e-05
2025-02-18 09:20:23,95560,95561.62432283102,-1.6997647774719258e-05
2025-02-18 10:20:12,95644,95501.262,0.0014946189925741247
2025-02-18 10:20:46,95680,95603.92791110917,0.0007957004544996924
2025-02-18 11:15:36,95640,95543.0815,0.001014395793796956
2025-02-18 11:16:10,95664,95645.4640187392,0.0001937988534109826
2025-02-18 12:35:29,96035,95637.13600000001,0.004160141307451812
2025-02-18 12:36:03,96233,95741.94055553518,0.005128989882756518
2025-02-18 13:24:03,96272,95769.59,0.0052460285148970935
2025-02-18 13:24:37,96316,95878.22101705943,0.004565989838950738
2025-02-18 14:18:00,96334,95940.27,0.004103907566655753
2025-02-18 14:18:34,96298,96002.75881208332,0.0030753406628093206
2025-02-18 15:20:50,95386,95935.155,-0.0057242311225743974
2025-02-18 15:21:26,95395,95883.75065480989,-0.005097325161689139
2025-02-18 16:24:28,95291,95873.50200000001,-0.006075735086843992
2025-02-18 16:25:03,95269,95731.96645132308,-0.004836069585580766
2025-02-18 17:17:18,94640,95659.208,-0.010654572845721227
2025-02-18 17:17:52,94637,95384.82335703264,-0.00784006648765791
2025-02-18 18:30:57,94075,95113.88100000001,-0.010922496160155724
2025-02-18 18:35:56,93967,94850.65321738672,-0.009316258638319395
2025-02-18 19:15:18,93513,94695.97949999999,-0.012492394146469406
2025-02-18 19:16:15,93479,94524.11180114852,-0.011056563042318102
2025-02-18 20:19:47,94358,94431.54499999997,-0.0007788181375192917
2025-02-18 20:20:23,94376,94447.731586341,-0.0007594844803173419
2025-02-18 21:17:38,95009,94243.47549999999,0.008122838169311935
2025-02-18 21:18:13,94924,94486.36171074971,0.004631761466168274
2025-02-18 22:17:32,95082,94325.591,0.0080191281282298
2025-02-18 22:18:07,95081,94676.96341724508,0.004267527898780613
2025-02-18 23:17:37,95467,94594.99549999998,0.009218294217266755
2025-02-18 23:18:12,95475,94933.21162893248,0.005707047741998062
2025-02-19 01:23:26,95105,95179.86849999997,-0.0007866001621967757
2025-02-19 01:24:01,95086,95178.724193525,-0.0009742113514410171
2025-02-19 02:49:40,95826,95443.927,0.004003114834116203
2025-02-19 02:50:14,95825,95378.460759428,0.004681761867580415
2025-02-19 03:25:30,95729,95493.13099999996,0.0024700101204141608
2025-02-19 03:26:04,95729,95437.19443010728,0.0030575665141374386
2025-02-19 04:22:58,95585,95543.72,0.0004320535143492302
2025-02-19 04:23:33,95583,95504.51975926309,0.0008217437345869855
2025-02-19 05:18:08,95130,95485.44700000003,-0.0037225253812764696
2025-02-19 05:18:42,95173,95421.51442144194,-0.0026043856351340663
2025-02-19 06:26:54,95382,95488.17250000002,-0.0011118916324429093
2025-02-19 06:27:28,95382,95388.02993569242,-6.321480479770504e-05
2025-02-19 07:18:06,95690,95510.76400000002,0.001876605237918265
2025-02-19 07:18:40,95690,95463.81304032316,0.002369347635226951
2025-02-19 08:25:04,95800,95509.85950000002,0.00303780679312987
2025-02-19 08:25:39,95810,95552.52789072237,0.0026945609390060937
2025-02-19 09:19:52,95724,95524.52800000002,0.002088175719643228
2025-02-19 09:20:27,95716,95608.24050693246,0.0011270941970710875
2025-02-19 10:19:59,96377,95707.37750000002,0.006996560949546267
2025-02-19 10:20:35,96387,95795.75983545037,0.006171882404453071
2025-02-19 11:15:47,96380,95903.24850000002,0.004971171544830245
2025-02-19 11:16:22,96380,95969.31841458139,0.004279300845344081
2025-02-19 12:35:02,96284,96082.76699999999,0.002094371407934239
2025-02-19 12:35:37,96340,96121.08011889987,0.002277542874355204
2025-02-19 13:24:19,96290,96152.73700000001,0.0014275516670939042
2025-02-19 13:24:54,96288,96142.1959855524,0.0015165454975618272
2025-02-19 14:18:05,96176,96251.93850000003,-0.0007889555388022956
2025-02-19 14:18:39,96089,96160.74562395904,-0.0007461009530812474
2025-02-19 15:20:49,96000,96215.38150000005,-0.0022385350101225415
2025-02-19 15:21:23,96064,96103.23980512707,-0.0004083088687399132
2025-02-19 16:22:25,96200,96187.63300000005,0.00012857162209152926
2025-02-19 16:23:00,96232,96113.95430879407,0.001228184731913897
2025-02-19 17:21:21,96344,96171.44350000002,0.0017942592283121642
2025-02-19 17:23:54,96295,96163.49859699927,0.0013674773164381632
2025-02-19 18:25:11,96090,96162.97300000007,-0.0007588471708343589
2025-02-19 18:25:45,96142,96169.56367622898,-0.0002866153819910981
2025-02-19 19:15:04,95748,96088.38300000006,-0.0035423949219757357
2025-02-19 19:15:40,96026,96069.4289059077,-0.0004520575005211423
2025-02-19 20:20:49,96476,96153.31350000005,0.0033559581906654973
2025-02-19 20:21:23,96441,96140.4768548483,0.003125875333502132
2025-02-19 21:17:42,96338,96162.45050000005,0.0018255514401637463
2025-02-19 21:18:16,96338,96178.4745070199,0.0016586402913726583
2025-02-19 22:17:45,96340,96197.46250000005,0.001481717877952836
2025-02-19 22:18:21,96365,96251.92048456395,0.001174828666968653
2025-02-19 23:17:42,96769,96284.44200000004,0.005032567982270289
2025-02-19 23:18:16,96767,96372.9070502238,0.00408925041112249
2025-02-20 01:23:35,96807,96521.30750000004,0.0029598904884287945
2025-02-20 01:24:09,96767,96535.18401199984,0.0024013626779987927
2025-02-20 02:49:55,96978,96675.97700000006,0.003124074970558018
2025-02-20 02:50:29,97031,96682.49597093975,0.0036046238314430728
2025-02-20 03:23:06,96979,96744.21600000006,0.002426853094762185
2025-02-20 03:23:41,96984,96762.27544279175,0.002291435956767424
2025-02-20 04:22:14,97187,96852.62200000005,0.003452441380471384
2025-02-20 04:22:49,97258,96881.31531031708,0.0038881046203427115
2025-02-20 05:18:32,97177,96973.46050000003,0.002098919631727175
2025-02-20 05:19:06,97180,96984.01884055573,0.002020757252454869
2025-02-20 06:26:28,96969,97015.51700000008,-0.00047947999906117927
2025-02-20 06:27:03,96966,96961.5501163564,4.5893280772182274e-05
2025-02-20 07:17:44,96885,97030.98900000009,-0.001504560568789921
2025-02-20 07:18:18,96882,96935.69441801448,-0.0005539179178201642
2025-02-20 08:24:28,96874,97009.51050000006,-0.0013968785050210318
2025-02-20 08:25:02,96874,96933.04729844129,-0.0006091554953337496
2025-02-20 09:19:53,97182,97019.14500000005,0.0016785862213066524
2025-02-20 09:20:27,97182,97010.78932641567,0.001764862184640593
2025-02-20 10:20:20,97227,97029.56850000004,0.0020347560341872728
2025-02-20 10:20:54,97225,97074.34173418923,0.0015519885390858554
2025-02-20 11:15:45,97300,97102.17350000003,0.002037302491483019
2025-02-20 11:16:19,97286,97152.00071857349,0.0013792745433486003
2025-02-20 12:37:19,97471,97205.09950000004,0.0027354583387876642
2025-02-20 12:37:53,97475,97233.97436265377,0.0024788212034538327
2025-02-20 13:25:40,97394,97280.85700000003,0.0011630551322133937
2025-02-20 13:26:14,97386,97279.15647534866,0.0010983187819727344
2025-02-20 14:18:39,97761,97369.77150000002,0.004017966705405926
2025-02-20 14:19:13,97800,97393.68581772638,0.004171873965567379
2025-02-20 15:21:15,97257,97379.49300000003,-0.0012578931788033779
2025-02-20 15:21:49,97199,97333.80230699253,-0.0013849485358370863
2025-02-20 16:25:09,97620,97369.93600000002,0.0025681849066839678
2025-02-20 16:25:47,97623,97323.81797629908,0.0030740884392120955
2025-02-20 17:16:12,97796,97465.12100000001,0.003394845218526802
2025-02-20 17:16:47,97858,97474.43113720615,0.003935071570245275
2025-02-20 18:26:09,98366,97606.31450000001,0.007783159356969597
2025-02-20 18:26:44,98393,97698.94977721375,0.007103968101693127
2025-02-20 19:16:13,98406,97749.28300000001,0.006718381760406259
2025-02-20 19:16:48,98300,97900.07949670235,0.004084986502090807
2025-02-20 20:20:45,98558,97998.34050000002,0.005710907931139707
2025-02-20 20:21:20,98554,98091.20818052361,0.0047179745061829165
2025-02-20 21:17:17,98282,98220.7885,0.0006232031012457704
2025-02-20 21:17:51,98269,98193.32214211999,0.0007707026937176305
2025-02-20 22:17:53,98113,98282.85750000003,-0.001728251541730228
2025-02-20 22:18:27,98087,98157.74523165013,-0.0007207299992799573
2025-02-20 23:18:24,98276,98315.92850000002,-0.00040612442570812544
2025-02-20 23:18:58,98250,98191.24833216704,0.0005983391476418262
2025-02-21 01:23:57,98167,98265.86950000002,-0.0010061428296832527
2025-02-21 01:24:33,98167,98230.9785484314,-0.0006513072492692465
2025-02-21 02:50:15,98206,98252.97800000003,-0.0004781330902767332
2025-02-21 02:50:51,98182,98237.10826345698,-0.0005609719629489064
2025-02-21 03:23:54,98214,98252.15200000005,-0.0003883070164208261
2025-02-21 03:24:30,98222,98223.12641456291,-1.1467915999293694e-05
2025-02-21 04:23:42,98249,98241.85250000002,7.275412482655799e-05
2025-02-21 04:24:17,98249,98214.57038595216,0.0003505550542301669
2025-02-21 05:18:06,98273,98212.44300000003,0.0006165919322460146
2025-02-21 05:18:41,98278,98223.25447647378,0.0005573580698176661
2025-02-21 06:26:30,98375,98247.48250000001,0.0012979212978814717
2025-02-21 06:27:06,98375,98267.39646465633,0.0010950074919546299
2025-02-21 07:18:25,98427,98274.80750000002,0.0015486420566122759
2025-02-21 07:18:59,98443,98319.4146559304,0.0012569780292334084
2025-02-21 08:23:50,98189,98284.59100000001,-0.0009725939643989045
2025-02-21 08:24:24,98189,98286.62779238455,-0.0009932967950713701
2025-02-21 09:19:36,98859,98330.14500000002,0.005378360827190698
2025-02-21 09:20:11,98860,98336.08334416761,0.005327816992657011
2025-02-21 10:20:00,98425,98328.55100000002,0.0009808849923963454
2025-02-21 10:20:34,98430,98313.17104818432,0.0011883346917822694
2025-02-21 11:16:47,98523,98367.64349999999,0.0015793455497387103
2025-02-21 11:17:22,98548,98399.69280044225,0.001507191692747661
2025-02-21 12:36:43,98866,98467.79149999998,0.004044048251046867
2025-02-21 12:37:18,98866,98549.88654223374,0.0032076491293654475
2025-02-21 13:24:11,99104,98600.98549999998,0.00510151594783015
2025-02-21 13:24:45,99117,98692.81680255041,0.004298014903133512
2025-02-21 14:16:52,99103,98792.314,0.00314483978986464
2025-02-21 14:17:27,99158,98873.12368088072,0.002881231102182441
2025-02-21 15:19:35,99268,98914.06499999997,0.003578207002209715
2025-02-21 15:20:09,99238,98902.71089780524,0.0033900901112933848
2025-02-21 16:23:31,98714,98847.6465,-0.0013520453418180529
2025-02-21 16:24:05,98720,98718.60148060205,1.4166726199224774e-05
2025-02-21 17:16:14,97929,98647.90650000001,-0.00728760016818007
2025-02-21 17:16:49,97900,98428.95944959705,-0.0053740225697287685
2025-02-21 18:25:39,97112,98238.21950000004,-0.011464168484853649
2025-02-21 18:26:15,97195,97965.6128408356,-0.007866156485823386
2025-02-21 19:14:46,96634,97841.61150000003,-0.012342514411672664
2025-02-21 19:15:21,96571,97510.05536764173,-0.009630343907622825
2025-02-21 20:19:54,95380,97009.84600000002,-0.01680083071155498
2025-02-21 20:20:28,95327,96752.43524165418,-0.014732809960740889
2025-02-21 21:15:30,95364,96434.62000000002,-0.01110202954084357
2025-02-21 21:16:04,95323,96266.9744224689,-0.009805797140006305
2025-02-21 22:17:38,95500,95876.41100000002,-0.003926002194638072
2025-02-21 22:18:12,95476,95966.66949750803,-0.005112915766247082
2025-02-21 23:19:00,95839,95655.36650000002,0.0019197406974545614
2025-02-21 23:19:34,95825,95931.61336706401,-0.0011113475873284469
2025-02-22 01:21:27,96250,95759.51100000001,0.00512209173666297
2025-02-22 01:22:01,96268,96056.27005659461,0.002204228243306119
2025-02-22 02:44:58,96432,96032.74000000002,0.004157540438812639
2025-02-22 02:45:32,96404,96168.47965482315,0.0024490388745064717
2025-02-22 03:20:42,96296,96139.714,0.0016256133235427845
2025-02-22 03:21:17,96308,96185.60356799635,0.0012725026143555994
2025-02-22 04:22:13,96352,96232.41799999999,0.0012426373823425016
2025-02-22 04:22:48,96373,96236.50360682605,0.0014183432279668345
2025-02-22 05:17:06,96417,96307.62649999997,0.0011356681082783267
2025-02-22 05:17:41,96430,96293.18026885939,0.0014208662623728687
2025-02-22 06:26:32,96441,96362.73799999998,0.0008121604016691287
2025-02-22 06:27:07,96441,96361.58886883517,0.0008240952862755575
2025-02-22 07:15:56,96404,96392.41399999999,0.00012019618058336257
2025-02-22 07:16:31,96404,96375.18676825687,0.0002989693997938922
2025-02-22 08:21:02,96196,96384.537,-0.0019560917743475454
2025-02-22 08:21:35,96185,96337.65688336948,-0.0015846024110207438
2025-02-22 09:18:47,96340,96380.13249999999,-0.0004163980579710495
2025-02-22 09:19:22,96344,96329.69360564038,0.00014851489529478867
2025-02-22 10:19:07,96539,96391.05800000002,0.0015348104177877256
2025-02-22 10:19:41,96516,96379.07266943547,0.0014207164145910737
2025-02-22 11:13:39,96505,96392.612,0.001165939978885584
2025-02-22 11:14:14,96533,96418.74790243169,0.0011849572832446334
2025-02-22 12:32:46,96653,96448.791,0.002117279002491618
2025-02-22 12:33:21,96638,96502.18214025552,0.0014074071355928705
2025-02-22 13:19:36,96864,96542.25649999999,0.003332670186759219
2025-02-22 13:20:10,96864,96595.58248980757,0.0027787762470479053
2025-02-22 14:15:57,96609,96602.65699999998,6.566071987049575e-05
2025-02-22 14:16:31,96645,96597.2686739869,0.0004941270769694006
2025-02-22 15:17:14,96600,96624.74049999999,-0.0002560472594488917
2025-02-22 15:17:49,96600,96594.88401667723,5.296329484580985e-05
2025-02-22 16:20:12,96768,96650.49499999998,0.0012157723558479368
2025-02-22 16:20:46,96781,96620.06615870305,0.0016656358010830835
2025-02-22 17:16:03,96590,96643.39149999997,-0.0005524588817846776
2025-02-22 17:16:38,96629,96607.01487899419,0.0002275727185375617
2025-02-22 18:23:19,96745,96623.87699999996,0.0012535514384300272
2025-02-22 18:23:53,96750,96631.98907718823,0.0012212407499704878
2025-02-22 19:14:12,96474,96612.07399999994,-0.001429158844058509
2025-02-22 19:14:47,96472,96602.23033390983,-0.0013481089769840932
2025-02-22 20:18:34,96559,96613.01349999997,-0.0005590706473509579
2025-02-22 20:19:10,96582,96600.64823098016,-0.00019304457394090654
2025-02-22 21:17:13,96558,96596.26699999998,-0.0003961540252893831
2025-02-22 21:17:48,96558,96589.3623822772,-0.0003246980982551823
2025-02-22 22:16:26,96656,96605.62649999995,0.0005214344321864648
2025-02-22 22:17:01,96643,96605.2377952004,0.00039089189842534094
2025-02-22 23:16:33,96638,96595.99849999996,0.0004348161482076523
2025-02-22 23:17:08,96638,96618.00657412602,0.00020693270936657368
2025-02-23 01:35:47,96452,96586.55299999996,-0.0013930821198263105
2025-02-23 01:36:21,96452,96569.51235845881,-0.0012168680941725943
2025-02-23 02:53:14,96444,96549.88899999994,-0.0010967283452799975
2025-02-23 02:53:49,96426,96520.93126036304,-0.000983530298800825
2025-02-23 03:24:54,96547,96534.08099999995,0.00013382838336703726
2025-02-23 03:25:28,96547,96516.18624174627,0.0003192600065708269
2025-02-23 04:21:19,96485,96497.74349999995,-0.00013206008283450906
2025-02-23 04:21:53,96486,96497.05298871966,-0.0001145422412117898
2025-02-23 05:17:13,96328,96461.99149999997,-0.0013890600631024153
2025-02-23 05:17:48,96318,96452.35624616573,-0.0013929804454214001
2025-02-23 06:24:35,96244,96393.88099999995,-0.0015548808538993297
2025-02-23 06:25:10,96244,96384.51758872466,-0.0014578854803657477
2025-02-23 07:16:27,96338,96373.64499999995,-0.00036986252828712546
2025-02-23 07:17:02,96331,96367.15417957195,-0.000375171186487285
2025-02-23 08:22:31,96387,96379.23299999995,8.058790009307048e-05
2025-02-23 08:23:05,96394,96403.49928127536,-9.853668535046274e-05
2025-02-23 09:17:46,96312,96353.38199999998,-0.00042948155156591436
2025-02-23 09:18:20,96302,96375.69162081854,-0.0007646287106138345
2025-02-23 10:18:48,96238,96332.46299999999,-0.000980593634359674
2025-02-23 10:19:23,96230,96341.92108917744,-0.0011617070524662244
2025-02-23 11:14:57,96213,96325.51999999999,-0.0011681224248775355
2025-02-23 11:15:32,96213,96293.50678476771,-0.0008360562145447575
2025-02-23 12:33:42,95836,96220.69649999999,-0.003998063971611253
2025-02-23 12:34:17,95829,96164.75206911116,-0.0034914255159713852
2025-02-23 13:19:52,95849,96124.506,-0.002866136966155061
2025-02-23 13:20:25,95832,96063.61215698553,-0.0024110290232167686
2025-02-23 14:16:53,96009,96046.8825,-0.00039441675787870557
2025-02-23 14:17:29,95990,96031.19623568581,-0.0004289880507653639
2025-02-23 15:17:22,95658,95927.15149999999,-0.002805790600380672
2025-02-23 15:17:57,95690,95916.26301339443,-0.0023589640201353143
2025-02-23 16:20:31,95486,95796.57949999999,-0.003242072959400315
2025-02-23 16:21:05,95469,95785.3119418888,-0.003302301109388204
2025-02-23 17:15:54,95352,95678.4875,-0.003412339686076276
2025-02-23 17:16:28,95328,95663.8839233498,-0.0035110839072656245
2025-02-23 18:23:19,95786,95653.63950000002,0.0013837476617915897
2025-02-23 18:23:55,95797,95666.68644917749,0.0013621622704758159
2025-02-23 19:13:46,95777,95625.46300000002,0.0015846929807804648
2025-02-23 19:14:21,95778,95692.56811695274,0.0008927744832059442
2025-02-23 20:18:48,95766,95631.99399999999,0.0014012674461227747
2025-02-23 20:19:23,95752,95723.00445727272,0.0003029109135434877
2025-02-23 21:17:03,95731,95670.454,0.0006328599632233594
2025-02-23 21:17:37,95749,95729.65654218667,0.0002020633783931593
2025-02-23 22:17:05,95690,95730.301,-0.00042098478307309146
2025-02-23 22:17:41,95676,95715.77087250793,-0.0004155101311454989
2025-02-23 23:17:00,96142,95784.304,0.0037343905531745185
2025-02-23 23:17:34,96118,95799.37620460374,0.0033259485397457485
2025-02-24 01:25:51,96155,95962.18900000004,0.0020092392848599754
2025-02-24 01:26:26,96181,96033.89876154721,0.0015317636829265788
2025-02-24 02:54:09,95941,96027.83200000004,-0.0009042378463781052
2025-02-24 02:54:43,95913,95994.22077812311,-0.0008461007075711569
2025-02-24 03:26:29,95638,96028.53250000006,-0.004066838155628996
2025-02-24 03:27:04,95670,95930.37853856721,-0.002714244877732117
2025-02-24 04:23:00,95416,95945.13600000007,-0.005514985147345781
2025-02-24 04:23:35,95464,95785.66715990545,-0.003358197206774782
2025-02-24 05:18:44,95532,95761.63150000006,-0.002397948911303388
2025-02-24 05:19:18,95522,95650.0915395106,-0.0013391679762030043
2025-02-24 06:28:17,95718,95662.44600000005,0.0005807294536452213
2025-02-24 06:28:52,95713,95666.14508105742,0.0004897753421848775
2025-02-24 07:18:22,95728,95620.49750000004,0.0011242620861699514
2025-02-24 07:18:56,95724,95702.60225255897,0.00022358584758820112
2025-02-24 08:25:23,95534,95618.33350000004,-0.0008819804415440579
2025-02-24 08:25:57,95547,95706.71334375678,-0.0016687788993769814
2025-02-24 09:21:08,95699,95635.91200000001,0.0006596685144800922
2025-02-24 09:21:42,95694,95676.6933157741,0.00018088714843833535
2025-02-24 10:20:57,95649,95725.49050000001,-0.000799060935603296
2025-02-24 10:21:32,95619,95716.2260156115,-0.0010157736013916361
2025-02-24 11:16:13,95500,95692.66550000003,-0.002013377921843256
2025-02-24 11:16:49,95474,95649.30560889914,-0.001832795416371879
2025-02-24 12:38:12,95911,95714.28450000008,0.0020552365932372217
2025-02-24 12:38:47,95946,95737.89481592273,0.0021736970974492275
2025-02-24 13:26:19,95909,95733.76200000008,0.0018304723050570672
2025-02-24 13:26:53,95919,95759.15259429302,0.001669265040222483
2025-02-24 14:18:59,95533,95715.74800000005,-0.0019092782934742403
2025-02-24 14:19:34,95522,95700.82096591592,-0.0018685416082230462
2025-02-24 15:21:43,94576,95526.00500000003,-0.009944988278323096
2025-02-24 15:22:18,94576,95385.5549979253,-0.008487186534092146
2025-02-24 16:25:19,94693,95286.13850000004,-0.006224814116064157
2025-02-24 16:25:53,94730,95088.54494465176,-0.0037706428767046336
2025-02-24 17:16:02,94721,95058.21300000003,-0.0035474367690883518
2025-02-24 17:16:36,94756,94946.65419515113,-0.0020080138343713046
2025-02-24 18:26:59,94556,94850.05000000008,-0.00310015651019768
2025-02-24 18:27:33,94600,94886.34874596189,-0.0030178076166523173
2025-02-24 19:15:20,94316,94586.82750000007,-0.002863268672374829
2025-02-24 19:15:54,94291,94685.91212897838,-0.004170759092867396
2025-02-24 20:21:04,94352,94490.02000000005,-0.001460683361058106
2025-02-24 20:21:39,94398,94569.29639062897,-0.0018113319773619475
2025-02-24 21:17:24,94048,94419.67650000006,-0.003936430559577901
2025-02-24 21:17:58,94048,94387.80999647318,-0.0036001470580351216
2025-02-24 22:18:11,93000,94217.32750000004,-0.012920420609468491
2025-02-24 22:18:46,93294,94124.13449565953,-0.008819571092022192
2025-02-24 23:18:05,92497,93759.27850000004,-0.013462971560729783
2025-02-24 23:18:39,92533,93637.90734502397,-0.011799786820873275
2025-02-25 01:25:21,92002,92740.02900000007,-0.007958041505465425
2025-02-25 01:25:55,92018,92547.80700384991,-0.005724684581968258
2025-02-25 02:53:19,92441,92154.72800000005,0.0031064277027647827
2025-02-25 02:53:54,92466,92383.42885033987,0.0008937874539587962
2025-02-25 03:26:09,92106,92033.62600000008,0.0007863864887809955
2025-02-25 03:26:44,92149,92332.63882889824,-0.0019888831428130525
2025-02-25 04:23:00,92293,91963.43000000002,0.0035837071322804923
2025-02-25 04:23:36,92267,92283.91898808406,-0.0001833362547839065
2025-02-25 05:18:30,92091,92049.59600000003,0.00044980099641030337
2025-02-25 05:19:04,92020,92188.36949629018,-0.0018263637507652695
2025-02-25 06:27:25,91539,92057.481,-0.005632144116565603
2025-02-25 06:27:56,91566,92054.60321828637,-0.005307754324113055
2025-02-25 07:18:32,90578,91828.03950000004,-0.013612830098589244
2025-02-25 07:19:08,90626,91676.05017950249,-0.011453920379930014
2025-02-25 08:24:58,89776,91230.54050000003,-0.015943569905738215
2025-02-25 08:25:33,89722,90888.79704571994,-0.012837633279853017
2025-02-25 09:20:43,89160,90660.50500000005,-0.016550812285901644
2025-02-25 09:21:18,89100,90381.65932459797,-0.014180524391514049
2025-02-25 10:20:31,87946,89892.74950000006,-0.021656357279405077
2025-02-25 10:21:05,87819,89614.00306431986,-0.02003038591001792
2025-02-25 11:16:07,88099,89145.88450000007,-0.011743497816773269
2025-02-25 11:16:43,88116,89115.70732311705,-0.011218082122069649
2025-02-25 12:37:55,89066,88824.60050000009,0.002717709943428476
2025-02-25 12:38:29,89020,89116.54717516071,-0.0010833810130788087
2025-02-25 13:26:27,89077,88776.22200000008,0.0033880468578615353
2025-02-25 13:27:02,89121,89155.81427092094,-0.000390487947484207
2025-02-25 14:18:53,89030,88720.73050000005,0.0034858763927777966
2025-02-25 14:19:29,89042,89104.65295634816,-0.0007031389974534017
2025-02-25 15:21:06,86499,88506.53200000006,-0.02268230326774145
2025-02-25 15:21:40,86494,88439.6454248877,-0.021999697257268473
2025-02-25 16:24:50,86615,88311.78850000007,-0.01921361268773383
2025-02-25 16:25:24,86622,87955.58886010229,-0.015162070738033804
2025-02-25 17:19:49,87157,87935.95250000004,-0.008858180048712644
2025-02-25 17:20:23,87122,87734.56538879387,-0.006982030241778681
2025-02-25 18:26:58,87161,87561.66350000005,-0.004575786753983415
2025-02-25 18:27:33,87116,87598.71026743784,-0.005510472311340332
2025-02-25 19:15:47,86565,87136.76800000007,-0.006561730634765667
2025-02-25 19:16:21,86645,87359.85383884434,-0.008182864410041896
2025-02-25 20:20:52,88096,87279.59100000009,0.009353950799333047
2025-02-25 20:21:27,88104,87528.0570556538,0.006580095157144779
2025-02-25 21:18:02,87961,87535.72900000008,0.00485825622129588
2025-02-25 21:18:37,87876,87745.6198840007,0.001485887457079495
2025-02-25 22:18:10,89094,87831.96050000004,0.014368795741499527
2025-02-25 22:18:45,89098,88136.9989569661,0.010903491773110204
2025-02-25 23:17:50,89019,88158.62400000004,0.009759408223067999
2025-02-25 23:18:26,89000,88368.24069997936,0.0071491668841245515
2025-02-26 01:24:58,88258,88531.46300000005,-0.003088879260924976
2025-02-26 01:25:33,88282,88379.08060996083,-0.0010984568892413804
2025-02-26 02:52:14,88873,88646.62600000006,0.002553667411999841
2025-02-26 02:52:49,88888,88537.42112104477,0.003959668968400767
2025-02-26 03:25:22,89316,88691.27300000007,0.0070438384619862845
2025-02-26 03:25:56,89259,88672.86805297923,0.0066100483709467025
2025-02-26 04:23:17,88998,88702.80450000003,0.0033279161990867204
2025-02-26 04:23:53,89016,88768.84307089329,0.002784275659752905
2025-02-26 05:18:46,88748,88761.94450000007,-0.00015709998331627962
2025-02-26 05:19:22,88744,88798.60641584515,-0.0006149467660497455
2025-02-26 06:27:14,88674,88839.72850000007,-0.001865477335402596
2025-02-26 06:27:48,88697,88750.72524265351,-0.0006053499000331786
2025-02-26 07:18:17,89072,88900.61750000008,0.0019277987579773507
2025-02-26 07:18:52,89031,88823.47315651712,0.0023363964063552187
2025-02-26 08:25:26,88362,88794.14400000006,-0.004866807432707028
2025-02-26 08:26:01,88354,88709.37906329932,-0.0040061047326882425
2025-02-26 09:20:36,88852,88717.66900000007,0.0015141403230503354
2025-02-26 09:21:11,88893,88689.48513410732,0.0022946899013444786
2025-02-26 10:20:35,88915,88755.40750000006,0.0017981157936764645
2025-02-26 10:21:09,88924,88807.52160300204,0.0013115825652545206
2025-02-26 11:16:23,89116,88869.88600000003,0.0027693745438131002
2025-02-26 11:16:58,89116,88938.43402250858,0.001996504429642705
2025-02-26 12:37:42,88426,88771.10650000005,-0.0038875993958693354
2025-02-26 12:38:17,88431,88755.24043200728,-0.003653197607589974
2025-02-26 13:25:58,87817,88662.27850000006,-0.00953368799336753
2025-02-26 13:26:33,87798,88496.05078298596,-0.007887931459198649
2025-02-26 14:18:39,86297,88332.06850000008,-0.023038841210880047
2025-02-26 14:19:14,86336,87968.7093140742,-0.01856011446348444
2025-02-26 15:21:38,87962,88024.38500000005,-0.0007087240654967703
2025-02-26 15:22:13,88018,87874.23300166882,0.0016360540902638505
2025-02-26 16:24:57,86606,87622.46850000008,-0.011600546268564375
2025-02-26 16:25:32,86746,87617.30499217537,-0.009944439540261842
2025-02-26 17:17:03,87142,87339.27200000008,-0.002258686104002382
2025-02-26 17:17:37,87130,87461.06644067592,-0.0037853007532268825
2025-02-26 18:26:50,85821,86995.95300000007,-0.013505835150746218
2025-02-26 18:27:24,85770,87020.66634115115,-0.014372061186570431
2025-02-26 19:15:35,84623,86521.05900000008,-0.021937537773319204
2025-02-26 19:16:10,84888,86202.21239267793,-0.015245692148726816
2025-02-26 20:20:49,82338,85665.64150000006,-0.03884452905194265
2025-02-26 20:21:23,82837,85254.82617858125,-0.02835999188499531
2025-02-26 21:17:56,84247,85111.47800000003,-0.01015700843545487
2025-02-26 21:18:31,84295,84978.7066829828,-0.008045623541123042
2025-02-26 22:18:13,84794,84615.57900000006,0.0021086069741358595
2025-02-26 22:18:49,84800,84849.75393256314,-0.0005863768633045222
2025-02-26 23:19:25,84340,84247.98200000005,0.0010922279420289577
2025-02-26 23:19:59,84302,84656.95767765703,-0.004192894327818654
2025-02-27 01:25:16,84989,84421.58950000005,0.006721153953159744
2025-02-27 01:25:51,85025,84616.56246142708,0.004826921901478924
2025-02-27 02:53:22,84554,84563.1415,-0.00010810265368390914
2025-02-27 02:53:57,84559,84673.33961393844,-0.0013503614533188942
2025-02-27 03:26:48,84728,84559.67750000002,0.0019905764186480034
2025-02-27 03:27:23,84755,84669.42583449598,0.001010685553381345
2025-02-27 04:22:42,84807,84702.45600000002,0.0012342499254092447
2025-02-27 04:23:16,84845,84779.0155251117,0.0007783114073642378
2025-02-27 05:19:48,85516,84914.51999999997,0.007083358652913839
2025-02-27 05:20:23,85515,84957.31796381867,0.006564261320241223
2025-02-27 06:27:24,85995,85108.53300000002,0.010415724120165188
2025-02-27 06:27:58,86100,85252.06851800653,0.009946169010718727
2025-02-27 07:18:22,86315,85399.39900000002,0.010721398636540525
2025-02-27 07:18:56,86360,85593.45066274748,0.008955700831280375
2025-02-27 08:24:48,86137,85741.83600000004,0.004608765317317913
2025-02-27 08:25:23,86145,85806.88170910522,0.003940456571316034
2025-02-27 09:20:32,86014,85936.50850000003,0.0009017296763921308
2025-02-27 09:21:07,85985,85869.88092252819,0.0013406223024307316
2025-02-27 10:20:27,86442,86149.33600000002,0.0033971706990286623
2025-02-27 10:21:02,86311,86016.33418161323,0.0034256960749410414
2025-02-27 11:16:01,86742,86325.748,0.004821875392264114
2025-02-27 11:16:35,86710,86260.97698817497,0.00520540141675635
2025-02-27 12:37:47,86558,86373.88699999999,0.00213158173604034
2025-02-27 12:38:22,86524,86355.60156332716,0.0019500580578938865
2025-02-27 13:26:36,86288,86411.30300000001,-0.0014269313818820024
2025-02-27 13:27:10,86351,86376.67359690699,-0.0002972283585125738
2025-02-27 14:18:44,85625,86424.78000000006,-0.009254058847474723
2025-02-27 14:19:20,85691,86296.05025965642,-0.007011332011556508
2025-02-27 15:21:35,85354,86257.41950000005,-0.010473528019233716
2025-02-27 15:22:10,85327,86001.58153645621,-0.007843827106484765
2025-02-27 16:25:22,85171,86033.57400000002,-0.010026016122496807
2025-02-27 16:25:57,85145,85843.91319811555,-0.008141674488936206
2025-02-27 17:17:23,84490,85644.11150000003,-0.013475666683751256
2025-02-27 17:17:57,84540,85440.36623453822,-0.010537949147674136
2025-02-27 18:30:31,84542,85185.69850000003,-0.007556415118202353
2025-02-27 18:31:06,84605,85134.65361367232,-0.00622136334841744
2025-02-27 19:15:17,84245,84926.00000000003,-0.00801874573157842
2025-02-27 19:15:51,84283,84951.08309983881,-0.007864327039287385
2025-02-27 20:20:54,82890,84546.42150000003,-0.019591858184086777
2025-02-27 20:21:30,82896,84465.32902139692,-0.018579564415114873
2025-02-27 21:18:05,84026,84202.53100000002,-0.0020965046763263824
2025-02-27 21:18:39,84128,84222.59682657372,-0.0011231763224839257
2025-02-27 22:19:28,84190,84102.96850000005,0.001034820786378707
2025-02-27 22:20:03,84125,84211.38796823437,-0.0010258466261944912
2025-02-27 23:18:31,84647,84077.64000000004,0.0067718361267033265
2025-02-27 23:19:06,84662,84321.20333488175,0.004041648501679657
2025-02-28 01:25:30,83866,84249.80600000006,-0.004555571320841437
2025-02-28 01:26:04,83830,84339.19640526477,-0.006037482297293756
2025-02-28 02:53:58,80232,83485.52300000006,-0.03897110400805726
2025-02-28 02:54:33,80216,82931.25572612399,-0.03274104199134487
2025-02-28 03:26:46,81064,83215.12100000001,-0.025850121638349998
2025-02-28 03:27:21,80959,82654.47660416533,-0.02051282246072431
2025-02-28 04:23:05,80534,82406.88400000003,-0.022727276036793646
2025-02-28 04:23:40,80555,81924.18916434249,-0.016712880265386008
2025-02-28 05:20:07,80114,81522.98200000002,-0.017283249035223193
2025-02-28 05:20:42,80120,81364.17272358637,-0.015291407531581732
2025-02-28 06:27:09,79604,80644.88600000003,-0.012907030459439516
2025-02-28 06:27:43,79503,80776.52431393848,-0.015766020198998948
2025-02-28 07:18:36,79970,80133.05700000003,-0.0020348281483886198
2025-02-28 07:19:10,80012,80418.50578422334,-0.005054878603614711
2025-02-28 08:24:12,78469,79752.74450000004,-0.01609655577432879
2025-02-28 08:24:46,78423,79876.96936202144,-0.01820261051006709
2025-02-28 09:20:18,79363,79482.74000000003,-0.0015064905915426958
2025-02-28 09:20:52,79336,79621.40548552248,-0.003584532121508171
2025-02-28 10:19:59,79904,79515.68750000003,0.004883470321500657
2025-02-28 10:20:33,79882,79828.02901702057,0.0006760906368854813
2025-02-28 11:15:51,80209,79595.03750000006,0.007713577620965823
2025-02-28 11:16:25,80336,79941.98609574299,0.004928748002146394
2025-02-28 12:37:00,80299,79851.42050000004,0.0056051538870240045
2025-02-28 12:37:35,80332,80125.59832713359,0.0025759766813063315
2025-02-28 13:25:10,80919,80134.57700000002,0.0097888206235865
2025-02-28 13:25:45,80785,80306.86976898511,0.005953789911003923
2025-02-28 14:18:08,82122,80573.3285,0.019220646941499962
2025-02-28 14:18:42,82090,80705.82304890883,0.01715089319208527
2025-02-28 15:20:19,83433,81078.38650000004,0.029041198297649423
2025-02-28 15:20:53,83608,81419.51453193597,0.026879126959245332
2025-02-28 16:24:52,83697,81910.79350000006,0.021806729292641276
2025-02-28 16:25:27,83660,82270.45648494254,0.016889945363458423
2025-02-28 17:15:48,84175,82698.84050000002,0.017849821002024563
2025-02-28 17:16:23,84100,82937.14311961379,0.014020942085129657
2025-02-28 18:26:51,83301,83290.73650000004,0.0001232249879307679
2025-02-28 18:27:27,83475,83193.87902475837,0.0033791064743834264
2025-02-28 19:16:32,84431,83850.09350000008,0.00692791714060431
2025-02-28 19:17:08,84375,83600.6167745304,0.009262888903775704
2025-02-28 20:20:25,83917,84134.48700000005,-0.002584992287408275
2025-02-28 20:20:59,83981,83866.2990882657,0.0013676639243801495
2025-02-28 21:17:33,84546,84234.83950000007,0.0036939644195549885
2025-02-28 21:18:07,84451,83991.15100613807,0.005474969545640893
2025-02-28 22:17:55,84222,84203.51750000007,0.00021949795624542025
2025-02-28 22:18:30,84291,84076.22765068476,0.002554495549057798
2025-02-28 23:17:37,84036,84267.97900000006,-0.0027528724760334487
2025-02-28 23:18:12,84036,84071.51596883695,-0.00042244948753048113
2025-03-01 01:38:02,84038,84196.81100000007,-0.0018861878272334344
2025-03-01 01:38:36,84019,84111.43594795829,-0.00109897003798015
2025-03-01 02:57:19,85245,84412.99000000003,0.009856421387276595
2025-03-01 02:57:53,85292,84525.1494315968,0.009072454453615415
2025-03-01 03:32:46,85120,84541.50100000002,0.006842781274962004
2025-03-01 03:33:22,85130,84660.69670773888,0.00554334313927536
2025-03-01 04:22:03,85942,84784.47750000004,0.013652528553943877
2025-03-01 04:22:37,85917,84946.96961279512,0.011419246520817288
2025-03-01 05:17:47,85977,85138.00850000004,0.009854488198416805
2025-03-01 05:18:22,85967,85338.5621003522,0.007364055406848844
2025-03-01 06:26:11,85382,85439.82950000002,-0.0006768447495558455
2025-03-01 06:26:46,85371,85386.064392957,-0.00017642683339612388
2025-03-01 07:17:03,85000,85491.29050000002,-0.005746673107011027
2025-03-01 07:17:39,85000,85263.89639722565,-0.0030950543943735706
2025-03-01 08:22:32,85123,85440.0565,-0.0037108648213499957
2025-03-01 08:23:06,85157,85165.9806543128,-0.00010544884522916884
2025-03-01 09:18:30,85405,85381.72500000002,0.00027259931794514135
2025-03-01 09:19:04,85448,85215.51875849415,0.002728156149171851
2025-03-01 10:18:25,85126,85205.29100000001,-0.0009305877495332065
2025-03-01 10:19:00,85113,85215.70143090485,-0.00120519375162483
2025-03-01 11:14:30,84618,85100.59450000002,-0.005670871077169983
2025-03-01 11:15:06,84584,85125.70179105467,-0.0063635515438604595
2025-03-01 12:34:34,84577,84961.17850000001,-0.004521812276886072
2025-03-01 12:35:10,84622,84881.31553914133,-0.003055036759200002
2025-03-01 13:20:45,84507,84911.17500000002,-0.004759974173011001
2025-03-01 13:21:19,84507,84810.16870039942,-0.0035746739458848396
2025-03-01 14:16:25,84594,84760.20800000003,-0.00196092015253228
2025-03-01 14:17:00,84639,84736.34029703955,-0.0011487432275023017
2025-03-01 15:19:12,84819,84646.61350000004,0.0020365433757130054
2025-03-01 15:19:46,84801,84725.61145435441,0.0008897964187157899
2025-03-01 16:21:10,85013,84669.81800000003,0.004053179847392272
2025-03-01 16:21:44,85008,84772.46510324335,0.002778436329175968
2025-03-01 17:15:19,85052,84771.96400000002,0.003303403469571357
2025-03-01 17:15:54,85042,84879.80599947822,0.0019108667675651104
2025-03-01 18:23:47,85138,84883.48150000001,0.0029984455809578337
2025-03-01 18:24:22,85115,84974.45015158986,0.0016540248058023023
2025-03-01 19:14:05,85226,84991.36450000001,0.002760698117748061
2025-03-01 19:14:40,85248,85060.71679477602,0.002201759076117787
2025-03-01 20:18:47,85534,85180.1765,0.004153824452336027
2025-03-01 20:19:23,85536,85209.67438250623,0.0038296780249258418
2025-03-01 21:16:21,85355,85292.372,0.0007342743381553156
2025-03-01 21:16:55,85354,85278.44496155062,0.0008859804899520504
2025-03-01 22:16:38,85946,85464.23150000001,0.005637077541614482
2025-03-01 22:17:13,85885,85499.9164560521,0.004503905499671863
2025-03-01 23:19:14,85801,85621.26550000001,0.002099180606014184
2025-03-01 23:19:49,85825,85653.03469342031,0.002007696600537358
2025-03-02 01:37:07,86212,85935.65550000005,0.0032157141106574573
2025-03-02 01:37:43,86252,85930.7434788508,0.0037385516305729525
2025-03-02 02:56:21,85726,86032.52700000003,-0.0035629198709928728
2025-03-02 02:56:56,85692,85951.4461496814,-0.0030185198888868893
2025-03-02 03:28:27,85881,86033.68250000004,-0.0017746828400613786
2025-03-02 03:29:02,85908,85958.74736429489,-0.0005903688205206331
2025-03-02 04:21:13,85691,86012.78500000003,-0.0037411298797037263
2025-03-02 04:21:47,85681,85908.90117344008,-0.0026528237508238956
2025-03-02 05:19:34,85885,85988.57900000003,-0.0012045669460362517
2025-03-02 05:20:09,85886,85890.84706511948,-5.643284802867727e-05
2025-03-02 06:25:49,86112,85952.99,0.0018499647307207666
2025-03-02 06:26:23,86147,85935.79840423199,0.0024576672316994675
2025-03-02 07:16:25,86153,85971.21949999999,0.002114434354394706
2025-03-02 07:16:59,86137,86044.1318573601,0.001079308264668768
2025-03-02 08:22:05,85821,86006.24249999998,-0.002153826217904805
2025-03-02 08:22:40,85820,86039.59542657339,-0.0025522601016969306
2025-03-02 09:19:43,85832,86003.97899999999,-0.001999663294648171
2025-03-02 09:20:20,85848,85966.10180189865,-0.0013738182774741356
2025-03-02 10:19:23,85863,86016.7965,-0.0017879821878741642
2025-03-02 10:19:58,85853,85949.57860432196,-0.0011236658269910295
2025-03-02 11:14:59,86056,86018.98799999998,0.0004302770918441519
2025-03-02 11:15:33,86022,85960.10631772588,0.0007200279865331006
2025-03-02 12:33:44,85853,85925.73499999997,-0.000846486794671835
2025-03-02 12:34:19,85875,85957.14516871283,-0.00095565259352899
2025-03-02 13:20:18,85717,85918.03849999995,-0.0023398869842675887
2025-03-02 13:20:52,85629,85925.94786717588,-0.003455857916573764
2025-03-02 14:17:15,85390,85868.55899999998,-0.005573157458016495
2025-03-02 14:17:49,85387,85805.8095818401,-0.004880900068201697
2025-03-02 15:18:47,85232,85731.75149999998,-0.005829246355709693
2025-03-02 15:19:22,85239,85616.09695728257,-0.004404510024215657
2025-03-02 16:21:48,89178,86051.83099999998,0.03632890740000668
2025-03-02 16:22:23,89196,86234.48927471752,0.03434253220713103
2025-03-02 17:15:20,91608,86521.56499999997,0.05878806052572013
2025-03-02 17:15:55,91734,87082.27652934406,0.05341756848867463
2025-03-02 18:25:30,93867,89015.37999999998,0.05450316563272578
2025-03-02 18:26:05,93985,90173.74677810224,0.042265663323011446
2025-03-02 19:14:04,92802,90051.31299999995,0.030545773385892226
2025-03-02 19:14:39,92838,90814.68785988953,0.022279569393357092
2025-03-02 20:19:05,93793,92071.26199999996,0.018700058656739623
2025-03-02 20:19:39,93948,91919.83726474087,0.02206447264933426
2025-03-02 21:17:22,94022,93275.99399999996,0.007997834898441693
2025-03-02 21:17:57,94117,92660.07238212872,0.015723359376009636
2025-03-02 22:18:17,94126,93747.83999999998,0.0040337996054097686
2025-03-02 22:18:52,94162,93146.91488086517,0.010897678365763663
2025-03-02 23:17:39,94432,93850.07449999997,0.006200586447057395
2025-03-02 23:18:14,94538,93576.10837405677,0.010279243737068112
2025-03-03 01:27:41,93036,93972.28299999997,-0.009963395270496589
2025-03-03 01:28:15,92934,93521.91646256948,-0.006286403067935271
2025-03-03 02:55:36,93113,93631.81149999995,-0.005540974714560049
2025-03-03 02:56:10,93188,93273.53018170249,-0.0009169823586163229
2025-03-03 03:28:39,92616,93484.84999999996,-0.009294019298313711
2025-03-03 03:29:13,92670,93191.9575410308,-0.00560088611510273
2025-03-03 04:24:26,92876,93165.45249999996,-0.0031068651762299537
2025-03-03 04:25:00,92861,93037.70605729328,-0.0018992950791850512
2025-03-03 05:19:15,93026,92936.68649999998,0.0009610144644011857
2025-03-03 05:19:49,93060,92990.22263815264,0.000750373102330112
2025-03-03 06:28:26,92809,92906.47699999998,-0.0010491948801371988
2025-03-03 06:29:01,92835,93020.85835325345,-0.0019980287920763253
2025-03-03 07:19:31,91822,92711.85449999996,-0.00959806601646565
2025-03-03 07:20:05,91927,92648.06797944548,-0.007782871193875844
2025-03-03 08:26:46,91812,92534.67699999994,-0.007809796537139675
2025-03-03 08:27:20,91700,92455.06247831171,-0.00816680512750541
2025-03-03 09:22:09,91380,92334.42199999995,-0.010336578486406166
2025-03-03 09:22:43,91295,92192.77994279208,-0.0097380721500011
2025-03-03 10:21:36,92075,92156.48099999996,-0.0008841591944027914
2025-03-03 10:22:11,92188,92129.21188694876,0.0006381050249662202
2025-03-03 11:16:32,92626,92040.58849999997,0.0063603624177178235
2025-03-03 11:17:07,92674,92272.73623241438,0.004348670950592929
2025-03-03 12:38:19,92963,92276.17999999996,0.0074430909471982516
2025-03-03 12:38:54,92829,92501.0214365539,0.0035456750460972986
2025-03-03 13:26:50,93126,92410.77599999995,0.007739616860267962
2025-03-03 13:27:24,93108,92650.69971791479,0.004935745585057785
2025-03-03 14:18:53,93366,92765.41199999998,0.006474266507866294
2025-03-03 14:19:29,93298,92926.40607985112,0.003998797928648736
2025-03-03 15:21:15,90335,92607.52699999994,-0.024539333611618256
2025-03-03 15:21:51,90529,92495.2806901362,-0.021258173124781832
2025-03-03 16:23:25,90728,92049.99849999996,-0.014361743851630356
2025-03-03 16:24:01,90621,91545.1844304465,-0.010095390994036115
2025-03-03 17:17:17,90250,91493.70149999997,-0.013593301829634327
2025-03-03 17:17:52,90344,91075.25831862752,-0.008029165463019627
2025-03-03 18:26:18,88561,90852.55149999994,-0.02522275337528572
2025-03-03 18:26:53,88322,90599.20831768838,-0.025134969278134172
2025-03-03 19:15:49,86982,90162.18649999997,-0.03527184314679378
2025-03-03 19:16:25,86836,89911.89303276055,-0.03421007976819938
2025-03-03 20:21:29,86288,89201.54099999995,-0.032662451425586415
2025-03-03 20:22:04,86156,88961.21817496726,-0.03153304588804089
2025-03-03 21:18:59,86328,88317.05899999994,-0.022521798421751532
2025-03-03 21:19:34,86383,88009.82768097991,-0.01848461386467971
2025-03-03 22:18:15,86386,86955.75649999997,-0.006552257411502989
2025-03-03 22:18:50,86282,87034.32217059983,-0.008643971158012461
2025-03-03 23:18:15,86402,86324.08149999993,0.0009026276173013505
2025-03-03 23:18:50,86392,86843.52120638284,-0.00519925033106155
2025-03-04 01:26:34,85388,86133.11399999996,-0.008650726362917265
2025-03-04 01:27:09,85420,86394.28767244339,-0.011277223282832278
2025-03-04 02:55:15,84165,85666.83849999998,-0.01753115355132411
2025-03-04 02:55:50,84360,85494.53218711549,-0.013270230950353908
2025-03-04 03:28:35,83994,85461.17299999995,-0.017167714278856813
2025-03-04 03:29:10,84046,85183.60234861488,-0.013354710498849605
2025-03-04 04:22:55,83752,84680.67899999997,-0.010966834595173416
2025-03-04 04:23:29,83687,84562.02778331193,-0.010347762538927866
2025-03-04 05:18:45,83921,84156.66249999995,-0.00280028334060833
2025-03-04 05:19:20,83774,84284.49077066637,-0.006056758082046003
2025-03-04 06:27:16,84124,83829.23099999997,0.0035163032808929076
2025-03-04 06:27:51,84200,84278.42268877271,-0.0009305191800078613
2025-03-04 07:19:35,83654,83872.34049999996,-0.002603247968261505
2025-03-04 07:20:09,83610,84074.40620292079,-0.005523752398558738
2025-03-04 08:23:28,83443,83776.52599999997,-0.00398113906036124
2025-03-04 08:24:02,83488,83832.74876980942,-0.004112340044533684
2025-03-04 09:20:43,83892,83784.95099999997,0.0012776638133980434
2025-03-04 09:21:17,83915,83858.84833469514,0.000669597382028778
2025-03-04 10:21:16,83530,83774.16899999997,-0.0029146096334296723
2025-03-04 10:21:47,83590,83824.49795421363,-0.002797487130095485
2025-03-04 11:16:15,83990,83734.75499999996,0.003048256366189154
2025-03-04 11:16:49,83979,83880.14055699715,0.0011785798443634033
2025-03-04 12:38:09,83523,83757.07249999994,-0.0027946595196475703
2025-03-04 12:38:44,83612,83799.13248514252,-0.002233107665830484
2025-03-04 13:26:18,82834,83759.72449999992,-0.011052143563341409
2025-03-04 13:26:53,82844,83676.52779792082,-0.009949358796667291
2025-03-04 14:19:14,82907,83633.48599999992,-0.008686544525956
2025-03-04 14:20:07,82736,83490.50452776728,-0.009037010041259758
2025-03-04 15:21:14,82007,83455.50899999993,-0.017356661260072525
2025-03-04 15:21:48,81930,83243.32430082995,-0.01577693240702129
2025-03-04 16:25:09,82508,83453.68299999993,-0.011331830615551534
2025-03-04 16:25:43,82577,83309.95985494592,-0.008797985933759932
2025-03-04 17:17:26,84226,83333.56149999995,0.010709232678121504
2025-03-04 17:18:02,84300,83378.41641040555,0.011053023423450803
2025-03-04 18:27:29,85497,83625.01599999996,0.022385454610855216
2025-03-04 18:28:04,85392,84067.02694386382,0.015760912504030108
2025-03-04 19:15:39,88073,84201.49299999996,0.0459790778294162
2025-03-04 19:16:10,87829,84792.56820022115,0.03581011713914482
2025-03-04 20:20:53,88524,85189.65849999996,0.03914021441933636
2025-03-04 20:21:27,88610,85945.87819401169,0.030997668090311445
2025-03-04 21:18:32,87500,86094.50949999996,0.01632497250013422
2025-03-04 21:19:06,87428,86401.71429376448,0.011878071108012539
2025-03-04 22:16:52,87654,86825.71549999996,0.009539621933781108
2025-03-04 22:17:27,87629,86729.3742483818,0.010372791910636657
2025-03-04 23:18:13,87564,87393.00199999996,0.0019566555226016385
2025-03-04 23:18:48,87548,87030.40323390404,0.005947309754556209
2025-03-05 01:26:24,87222,87411.79799999995,-0.0021713087288280203
2025-03-05 01:26:58,87208,87099.63459277319,0.001244154556255764
2025-03-05 02:54:28,87759,87356.41599999997,0.004608522400919376
2025-03-05 02:55:04,87770,87281.5081886937,0.005596738890558969
2025-03-05 03:27:34,87811,87352.454,0.005249377424473983
2025-03-05 03:28:08,87750,87343.29928717062,0.004656347036905614
2025-03-05 04:23:29,87376,87259.885,0.0013306801859755517
2025-03-05 04:24:03,87328,87270.5627690311,0.0006581512613929001
2025-03-05 05:19:12,86937,87196.98649999997,-0.0029815995992014017
2025-03-05 05:19:47,86978,87165.50500256504,-0.0021511376841047833
2025-03-05 06:27:49,87205,87237.72699999997,-0.0003751473258808068
2025-03-05 06:28:24,87151,87136.53610899064,0.00016599111756372895
2025-03-05 07:18:24,87446,87239.411,0.0023680696331157855
2025-03-05 07:18:58,87396,87240.90958838066,0.0017777257521853884
2025-03-05 08:25:50,87713,87254.22549999999,0.005257905819128658
2025-03-05 08:26:25,87717,87384.8644749076,0.0038008358436919854
2025-03-05 09:20:52,88292,87453.6525,0.009586191954647104
2025-03-05 09:21:26,88337,87619.97614077694,0.00818333775931455
2025-03-05 10:20:57,88611,87772.61549999999,0.00955177757007839
2025-03-05 10:21:33,88647,87937.89746645495,0.00806367395599321
2025-03-05 11:16:27,90058,88402.44699999999,0.018727456718477652
2025-03-05 11:17:01,90029,88670.1282378088,0.015325023084964615
2025-03-05 12:38:05,90536,89050.51849999998,0.016681334651633992
2025-03-05 12:38:40,90473,89250.98709800592,0.013691869879850127
2025-03-05 13:26:45,89495,89287.81,0.0023204735338452397
2025-03-05 13:27:19,89684,89396.96945509105,0.0032107413333864873
2025-03-05 14:18:35,89600,89569.79199999997,0.0003372565607836605
2025-03-05 14:19:09,89650,89471.70938406253,0.0019927038073246812
2025-03-05 15:21:22,88414,89661.41149999999,-0.013912467795579904
2025-03-05 15:21:57,88360,89216.74128418432,-0.009602920616157886
2025-03-05 16:30:41,87827,89215.0505,-0.015558479115583728
2025-03-05 16:31:16,87856,88764.04934443909,-0.010229922487149087
2025-03-05 17:17:44,89256,89073.29500000001,0.002051175944484676
2025-03-05 17:22:21,89440,88897.0827684126,0.006107255881520494
2025-03-05 18:27:54,89380,88989.42850000002,0.004388965145449566
2025-03-05 18:28:29,89439,89128.26916310335,0.0034863331220761754
2025-03-05 19:16:05,89942,89013.81650000003,0.010427409322461416
2025-03-05 19:16:40,89822,89300.43641772374,0.00584054908574601
2025-03-05 20:21:27,89764,89251.9915,0.005736661909667262
2025-03-05 20:22:03,89772,89484.03688329914,0.0032180389567852286
2025-03-05 21:18:28,90201,89691.795,0.005677275162126054
2025-03-05 21:19:02,90197,89779.56763542243,0.004649525226861034
2025-03-05 22:18:35,90269,89938.5485,0.003674192051253702
2025-03-05 22:19:09,90207,89945.89585828407,0.0029029022305510866
2025-03-05 23:20:01,90397,90097.18049999999,0.0033277345454779507
2025-03-05 23:20:35,90345,90068.1676521899,0.003073586984461795
2025-03-06 01:26:54,90371,90362.41650000002,9.498971289660908e-05
2025-03-06 01:27:30,90396,90246.86916080439,0.001652476596499833
2025-03-06 02:55:23,91980,90659.66700000002,0.014563620667170374
2025-03-06 02:55:57,91995,90760.14567970095,0.013605689050532646
2025-03-06 03:28:09,91656,90801.39950000001,0.009411754716401544
2025-03-06 03:28:45,91585,90907.68951925419,0.007450530140273348
2025-03-06 04:23:56,91653,91048.11850000001,0.006643536516353037
2025-03-06 04:24:32,91528,91148.86858757239,0.004159474695655222
2025-03-06 05:18:58,92335,91373.14950000003,0.010526620842810842
2025-03-06 05:19:33,92342,91504.41300473265,0.009153514762441375
2025-03-06 06:27:36,92130,91822.161,0.0033525566883576964
2025-03-06 06:28:10,92128,91815.97375210778,0.003398387395363872
2025-03-06 07:20:08,91718,91954.1635,-0.002568274138016547
2025-03-06 07:20:43,91718,91820.01185122924,-0.0011109980185422246
2025-03-06 08:25:02,91502,91916.5985,-0.004510594460259458
2025-03-06 08:25:37,91454,91685.16894508366,-0.0025213341235387704
2025-03-06 09:20:55,90954,91807.467,-0.0092962699864054
2025-03-06 09:21:29,90936,91487.47421522552,-0.006027865781146933
2025-03-06 10:20:51,91141,91538.8015,-0.004345714532869445
2025-03-06 10:21:25,91155,91308.99456312432,-0.0016865212880846773
2025-03-06 11:16:03,91301,91325.86700000001,-0.0002722886824607197
2025-03-06 11:16:37,91288,91324.02534310964,-0.0003944782654321904
2025-03-06 12:38:37,90420,91153.2605,-0.008044259700397705
2025-03-06 12:39:11,90472,91193.03640139091,-0.007906704610834906
2025-03-06 13:26:23,90128,90967.41949999999,-0.00922769387780632
2025-03-06 13:26:58,90250,90935.42744103514,-0.007537518218403759
2025-03-06 14:18:35,89829,90704.9175,-0.009656780736281425
2025-03-06 14:19:10,89785,90536.05786446664,-0.008295676685978302
2025-03-06 15:20:48,91126,90540.65749999997,0.006464968514283521
2025-03-06 15:21:24,91078,90460.17075785401,0.006829848285383103
2025-03-06 16:24:42,90360,90422.80249999999,-0.0006945427288652184
2025-03-06 16:25:17,90404,90543.58827105626,-0.0015416693078076288
2025-03-06 17:17:43,88674,90104.07149999999,-0.015871330520286102
2025-03-06 17:18:18,88500,90156.89616556202,-0.01837791933874184
2025-03-06 18:26:52,88683,89713.5435,-0.011487044874110895
2025-03-06 18:27:28,88674,89595.09025600723,-0.01028058851634976
2025-03-06 19:15:24,88302,89410.24799999998,-0.012395089207223518
2025-03-06 19:15:58,88297,89176.7120727463,-0.009864818429599369
2025-03-06 20:21:10,89184,89140.71599999997,0.0004855693553104147
2025-03-06 20:21:44,89157,89065.07614071741,0.0010320976893047483
2025-03-06 21:18:24,89583,88861.56399999998,0.008118650713822865
2025-03-06 21:18:59,89679,89084.33474896131,0.006675306637406592
2025-03-06 22:18:28,90024,88804.21599999999,0.013735654172094875
2025-03-06 22:19:04,90070,89210.5194907761,0.00963429553072788
2025-03-06 23:18:42,90368,89299.0395,0.011970571083242178
2025-03-06 23:19:17,90344,89684.86375429833,0.007349470335456414
2025-03-07 01:27:18,87232,89058.47399999999,-0.02050870532544705
2025-03-07 01:27:53,87129,88627.60306880363,-0.016908987910236345
2025-03-07 02:56:12,87523,88598.15699999998,-0.012135207282020298
2025-03-07 02:56:47,87452,88214.2379543521,-0.008640758816581596
2025-03-07 03:29:20,87487,88329.381,-0.009536815388754892
2025-03-07 03:29:51,87520,88083.17271481946,-0.006393647020899281
2025-03-07 04:23:18,87372,87703.83249999999,-0.0037835575771445287
2025-03-07 04:23:52,87378,87794.86571269586,-0.004748178715370764
2025-03-07 05:19:06,88037,87397.274,0.007319747753230782
2025-03-07 05:19:41,88030,87813.02404220389,0.002470885841396688
2025-03-07 06:27:16,88022,87786.79149999998,0.002679315372860193
2025-03-07 06:27:50,88004,87938.06776422159,0.0007497576129963184
2025-03-07 07:18:34,88498,87818.24399999996,0.0077404872727817
2025-03-07 07:19:08,88488,88059.44165951421,0.0048666938196454835
2025-03-07 08:24:49,88074,87948.50899999995,0.0014268689876260757
2025-03-07 08:25:25,88084,88105.72459043021,-0.0002465741077688211
2025-03-07 09:20:18,88544,88192.65849999993,0.003983795317838933
2025-03-07 09:20:53,88551,88226.06508118148,0.003682980970754224
2025-03-07 10:20:32,89128,88403.71449999994,0.00819293062623581
2025-03-07 10:21:06,89129,88455.93640483286,0.007609026850236018
2025-03-07 11:16:22,89228,88651.77799999998,0.006499835795735801
2025-03-07 11:16:56,89178,88739.93170637265,0.004936540801911533
2025-03-07 12:37:05,89044,88857.02899999997,0.002104177937347356
2025-03-07 12:37:40,89101,88868.34894293247,0.0026179293284376163
2025-03-07 13:25:38,89451,88968.95399999994,0.005418137207728222
2025-03-07 13:26:12,89334,88958.82144221693,0.004217440740565239
2025-03-07 14:18:04,89571,89179.41349999994,0.004390996583533972
2025-03-07 14:18:38,89580,89135.18372767844,0.004990355701521254
2025-03-07 15:20:14,89480,89304.98449999998,0.0019597506340760097
2025-03-07 15:20:49,89586,89315.87870759133,0.003024336728444608
2025-03-07 16:24:01,87866,89181.412,-0.014749844956480357
2025-03-07 16:24:35,87758,89012.5265497374,-0.01409382025614581
2025-03-07 17:16:49,86963,88769.59299999996,-0.020351484544938323
2025-03-07 17:17:24,86934,88364.78027454641,-0.0161917482293401
2025-03-07 18:26:23,87806,88645.09999999998,-0.009465836239115044
2025-03-07 18:26:58,87949,88310.32574300504,-0.0040915458069597675
2025-03-07 19:15:30,88347,88440.9405,-0.0010621834126695766
2025-03-07 19:16:05,88368,88368.96407435008,-1.0909648655238926e-05
2025-03-07 20:20:44,87807,88024.29499999995,-0.0024685798392359145
2025-03-07 20:21:20,87713,88177.23624906965,-0.0052648083430325504
2025-03-07 21:15:58,86526,87645.24499999997,-0.012770173670003052
2025-03-07 21:16:32,86706,87721.23076091296,-0.01157337570513583
2025-03-07 22:15:31,85929,87481.41899999997,-0.017745699803977413
2025-03-07 22:16:05,85826,87314.90930040047,-0.017052177140538347
2025-03-07 23:15:26,86017,87244.19649999996,-0.014066225023918496
2025-03-07 23:16:01,86128,87028.0208050064,-0.010341735876344562
2025-03-08 01:10:01,86546,86739.89749999998,-0.0022353900060808505
2025-03-08 01:10:35,86540,86878.02328509536,-0.003890780111169407
2025-03-08 02:29:29,86008,86370.49449999994,-0.004196971455338174
2025-03-08 02:30:06,86018,86458.28446979218,-0.005092449757617092
2025-03-08 03:17:59,85773,86331.09699999997,-0.006464611471344623
2025-03-08 03:18:33,85775,86314.41693967221,-0.006249441968069235
2025-03-08 04:18:19,85988,86216.90599999996,-0.002655001328857233
2025-03-08 04:18:53,86016,86204.35382504879,-0.0021849688175965432
2025-03-08 05:15:15,86295,86161.17049999998,0.0015532460762011314
2025-03-08 05:15:50,86292,86266.3402235444,0.0002974483024214709
2025-03-08 06:21:01,86521,86134.73199999997,0.004484462783259436
2025-03-08 06:21:35,86499,86295.44328856294,0.002358834993829186
2025-03-08 07:15:16,86445,86228.87149999996,0.0025064516819060466
2025-03-08 07:15:51,86445,86353.46948086367,0.0010599518431232589
2025-03-08 08:19:26,86140,86278.65649999997,-0.0016070776438199205
2025-03-08 08:20:00,86062,86292.15934413188,-0.0026672103917809212
2025-03-08 09:15:40,86220,86310.91549999997,-0.0010533488084710876
2025-03-08 09:16:14,86260,86261.64223439108,-1.9037828964807226e-05
2025-03-08 10:16:25,86058,86251.05549999999,-0.0022382972461129787
2025-03-08 10:17:01,86093,86185.69925064288,-0.0010755757793795258
2025-03-08 11:13:32,85853,86223.22799999997,-0.004293831355977229
2025-03-08 11:14:07,85901,86169.03533940772,-0.003110576071229893
2025-03-08 12:27:54,86201,86106.0375,0.001102855302103458
2025-03-08 12:28:28,86196,86104.51124761117,0.0010625314639524201
2025-03-08 13:17:19,86170,86107.22199999998,0.0007290677662324336
2025-03-08 13:17:54,86200,86146.07359039334,0.0006259880149973013
2025-03-08 14:13:22,86312,86142.82499999998,0.001963889621683727
2025-03-08 14:13:56,86340,86203.71223341442,0.001580996491387172
2025-03-08 15:15:33,86404,86225.36449999995,0.0020717279774450557
2025-03-08 15:16:07,86449,86300.61047180429,0.0017194493455430365
2025-03-08 16:18:19,86269,86302.61949999996,-0.0003895536450079254
2025-03-08 16:18:53,86242,86331.78110653874,-0.001039954294791399
2025-03-08 18:20:22,86053,86231.15149999995,-0.002065976122329169
2025-03-08 18:20:56,86055,86138.46124747636,-0.0009689196471315121
2025-03-08 18:34:30,86057,86215.77749999994,-0.0018416292771927785
2025-03-08 18:35:04,85993,86122.18666154896,-0.0015000392646397384
2025-03-08 19:13:58,85971,86180.67149999995,-0.002432929522949391
2025-03-08 19:14:33,85971,86103.7794580717,-0.0015420862929293234
2025-03-08 20:15:49,86322,86143.97399999996,0.0020666100219620905
2025-03-08 20:16:25,86323,86188.22962335915,0.0015636749615324048
2025-03-08 21:15:40,86360,86140.98299999995,0.002542541219898209
2025-03-08 21:16:15,86362,86225.96254882074,0.0015776855039714723
2025-03-08 22:14:55,86006,86172.95299999995,-0.0019374176488990752
2025-03-08 22:15:29,86008,86202.97178292662,-0.002261775654528325
2025-03-08 23:16:10,86349,86234.03849999992,0.001333133667398376
2025-03-08 23:16:45,86289,86230.11032875985,0.0006829362854300592
2025-03-09 01:15:48,86468,86291.33099999993,0.002047355139302085
2025-03-09 01:16:23,86451,86300.63798782288,0.0017423047579131449
2025-03-09 02:33:32,86239,86247.74699999993,-0.00010141714194494001
2025-03-09 02:34:06,86239,86255.12260831894,-0.0001869176905834518
2025-03-09 03:19:00,86049,86235.24199999994,-0.002159697076050883
2025-03-09 03:19:35,86077,86196.27868346855,-0.0013838031674960256
2025-03-09 04:18:21,86050,86197.94599999994,-0.0017163518026280832
2025-03-09 04:18:55,86025,86154.89535456504,-0.0015076955758633061
2025-03-09 05:15:19,85985,86147.84599999995,-0.0018903084355695544
2025-03-09 05:15:54,85986,86109.32344002953,-0.0014321729065194817
2025-03-09 06:21:10,85925,86075.89999999995,-0.001753103946632572
2025-03-09 06:21:44,85928,86068.4620754506,-0.0016319807751121337
2025-03-09 07:14:18,85979,86040.98649999996,-0.0007204299081340199
2025-03-09 07:14:51,85972,86043.12596822227,-0.0008266316155057173
2025-03-09 08:19:53,85942,86016.59199999998,-0.0008671815316744369
2025-03-09 08:20:27,85946,86023.1732659062,-0.0008971218216706104
2025-03-09 09:15:09,85794,85958.64449999997,-0.0019153919999281264
2025-03-09 09:15:44,85839,85954.33560546357,-0.0013418241750243357
2025-03-09 10:19:03,85457,85868.22249999995,-0.00478899513728662
2025-03-09 10:19:37,85438,85821.28745502418,-0.004466111688490459
2025-03-09 11:13:44,84848,85699.08349999998,-0.009931068866097955
2025-03-09 11:14:17,84789,85576.67725708026,-0.009204344949196865
2025-03-09 12:27:59,84603,85395.42799999999,-0.009279513184241965
2025-03-09 12:28:34,84650,85250.70603780317,-0.007046346777900002
2025-03-09 13:17:14,84419,85107.88199999995,-0.008094220932439071
2025-03-09 13:17:49,84331,85007.33782936413,-0.007956228798997883
2025-03-09 14:14:05,83311,84797.30299999999,-0.01752771547462996
2025-03-09 14:14:38,83204,84660.80389459006,-0.017207536753417886
2025-03-09 15:17:08,83704,84283.27399999996,-0.006872941362006909
2025-03-09 15:17:42,83735,84233.03133433583,-0.005912541985566847
2025-03-09 16:18:53,83516,83958.0875,-0.005265573730463956
2025-03-09 16:19:27,83461,83924.58388585715,-0.005523815125347008
2025-03-09 17:13:10,82788,83641.17649999997,-0.010200436384344409
2025-03-09 17:13:45,82782,83595.74649222787,-0.009734304990069446
2025-03-09 18:20:02,82341,83091.951,-0.00903759017525056
2025-03-09 18:20:37,82350,83130.61259166738,-0.009390194145467205
2025-03-09 19:11:54,82378,82980.43999999997,-0.007260024169550962
2025-03-09 19:12:29,82360,83046.1298628204,-0.008262032968348765
2025-03-09 20:18:25,83103,82822.649,0.0033849557263013297
2025-03-09 20:18:59,83086,82991.58772868325,0.0011376125448448902
2025-03-09 21:16:22,82624,82747.0165,-0.0014866578301345513
2025-03-09 21:16:56,82550,82945.73389808045,-0.004770997608710133
2025-03-09 22:15:52,81619,82545.4505,-0.011223519823179186
2025-03-09 22:16:26,81513,82525.4404065929,-0.012268221794451816
2025-03-09 23:14:52,80614,82275.60700000002,-0.020195621285419598
2025-03-09 23:15:26,80570,81889.86864805735,-0.01611760611962666
2025-03-10 01:13:47,81268,81499.812,-0.0028443255795486417
2025-03-10 01:14:22,81212,81411.17839433555,-0.0024465730414904964
2025-03-10 02:34:05,82431,81244.91149999997,0.014598926604776073
2025-03-10 02:34:40,82342,81654.38791155328,0.008421005974492565
2025-03-10 03:19:37,81987,81311.96249999994,0.008301822748406356
2025-03-10 03:20:12,81992,81746.80460555102,0.002999449282844869
2025-03-10 04:18:54,82378,81620.63399999996,0.009279099694325317
2025-03-10 04:19:30,82396,81911.60774513664,0.005913597207986877
2025-03-10 05:16:18,82483,81977.59799999997,0.006165123306004052
2025-03-10 05:16:52,82487,82101.70766515644,0.004692866272829963
2025-03-10 06:23:12,82340,82199.5985,0.0017080557881314618
2025-03-10 06:23:46,82289,82153.3189793073,0.0016515586026034945
2025-03-10 07:17:12,82258,82266.8455,-0.00010752205151704534
2025-03-10 07:17:48,82249,82177.9199708206,0.0008649528876447482
2025-03-10 08:21:16,82003,82278.839,-0.003352490182803955
2025-03-10 08:21:50,82075,82173.81494986628,-0.0012025114073938123
2025-03-10 09:17:54,82487,82188.8585,0.0036275172260726543
2025-03-10 09:18:30,82608,82079.19493569623,0.00644262001738755
2025-03-10 10:18:47,82376,82216.988,0.0019340528504887876
2025-03-10 10:19:23,82369,82243.31319726724,0.0015282312670367286
2025-03-10 11:13:54,82171,82177.88349999997,-8.376341305951466e-05
2025-03-10 11:14:28,82122,82177.78561968094,-0.0006788406290128136
2025-03-10 12:39:06,82900,82395.5015,0.006122888881257693
2025-03-10 12:39:41,82942,82532.08653345871,0.0049667163858156645
2025-03-10 13:28:16,82575,82522.888,0.0006314854128710778
2025-03-10 13:28:51,82562,82647.42716302807,-0.0010336336648394345
2025-03-10 14:19:24,79419,82315.046,-0.03518246226819823
2025-03-10 14:19:59,79423,82039.30223278381,-0.03189083965341563
2025-03-10 15:22:05,79962,81861.89699999998,-0.023208563075443795
2025-03-10 15:22:40,80026,81393.99871398651,-0.01680712012679921
2025-03-10 16:22:59,79521,81418.139,-0.02330118353601764
2025-03-10 16:23:34,79490,80911.23600398982,-0.01756537255122066
2025-03-10 17:18:17,79153,80617.693,-0.018168381474275123
2025-03-10 17:18:51,79112,80301.67407696697,-0.014815059469702963
2025-03-10 18:25:31,78363,79730.38349999998,-0.017150093100956703
2025-03-10 18:26:05,78371,79727.08988502796,-0.017009148170133128
2025-03-10 19:16:41,78289,79152.73799999998,-0.01091229465745055
2025-03-10 19:17:16,78592,79209.23701549026,-0.007792487830296262
2025-03-10 20:21:24,78800,78936.90499999997,-0.0017343598662750937
2025-03-10 20:21:58,78792,79111.2838335804,-0.004035882343308284
2025-03-10 21:18:06,79430,78811.48799999998,0.007847992922047319
2025-03-10 21:18:41,79381,79196.90628235613,0.002324506426899254
2025-03-10 22:18:22,79253,78913.145,0.004306696938767248
2025-03-10 22:18:56,79347,79305.85951287724,0.0005187572188922148
2025-03-10 23:18:38,79122,79056.17900000003,0.0008325851417631397
2025-03-10 23:19:12,79083,79298.85071959562,-0.0027219905160905432
2025-03-11 01:27:15,77771,78793.45950000003,-0.012976451427418616
2025-03-11 01:27:49,77620,78458.48187451142,-0.010686950020936007
2025-03-11 02:56:18,79427,78727.34,0.008887128664578322
2025-03-11 02:56:52,79442,78818.68208523553,0.00790825091556854
2025-03-11 03:29:57,79418,78741.25800000003,0.00859450327806509
2025-03-11 03:30:33,79382,78980.14371468288,0.005088067283959747
2025-03-11 04:24:05,79994,78817.86050000004,0.014922245954645781
2025-03-11 04:24:40,79948,79190.01881910929,0.009571675726231837
2025-03-11 05:18:55,80114,79127.88050000003,0.01246235200246481
2025-03-11 05:19:30,80042,79469.58082993736,0.007202997223397975
2025-03-11 06:27:47,80351,79724.90849999998,0.007853147928040887
2025-03-11 06:28:23,80340,79756.62814596496,0.007314399663027281
2025-03-11 07:18:44,80371,79958.90549999996,0.005153828675156588
2025-03-11 07:19:18,80366,79949.3576263311,0.005211328596487473
2025-03-11 08:26:19,80891,80208.27500000001,0.00851190229437039
2025-03-11 08:26:54,80905,80190.23273589533,0.008913395556024085
2025-03-11 09:21:01,81407,80506.02199999997,0.011191436089091972
2025-03-11 09:21:35,81410,80535.9570933449,0.010852828204947566
2025-03-11 10:21:25,81636,80825.73749999996,0.010024808001288465
2025-03-11 10:21:59,81623,80881.48531136663,0.009167916313341485
2025-03-11 11:16:52,81781,81113.43299999995,0.008230042488770684
2025-03-11 11:17:27,81774,81171.28795070808,0.007425187705016114
2025-03-11 12:38:53,81451,81439.7205,0.00013850121207137727
2025-03-11 12:39:26,81452,81357.21488052777,0.0011650487250752448
2025-03-11 13:27:54,81000,81484.17899999999,-0.005942000102866462
2025-03-11 13:28:29,81132,81271.04626311231,-0.0017108954480806187
2025-03-11 14:19:50,80756,81416.374,-0.008111071121885092
2025-03-11 14:20:25,80679,81140.63598884459,-0.005689331655079146
2025-03-11 15:22:16,81076,81134.07800000001,-0.0007158274479930444
2025-03-11 15:22:51,80938,80859.24244864332,0.0009740080289115526
2025-03-11 16:26:09,81335,81003.20599999998,0.004096060099152417
2025-03-11 16:26:45,81471,80942.86031938161,0.006524845780523142
2025-03-11 17:18:07,81600,80966.97099999999,0.007818360896815686
2025-03-11 17:18:42,81572,81124.152807515,0.005520516110012494
2025-03-11 18:27:50,82567,81077.58249999999,0.01837027516206481
2025-03-11 18:28:25,82653,81366.48820176863,0.01581132265461843
2025-03-11 19:16:30,82920,81550.33,0.016795394941994696
2025-03-11 19:17:04,82944,81927.12661384144,0.012411925429187032
2025-03-11 20:21:28,82738,82096.406,0.007815128959482066
2025-03-11 20:22:03,82720,82286.59936997909,0.005266964892694714
2025-03-11 21:15:12,83046,82461.0655,0.007093462793055992
2025-03-11 21:15:47,83068,82506.5651713109,0.006804729145170198
2025-03-11 22:18:05,83292,82835.589,0.005509841911065457
2025-03-11 22:18:39,83248,82728.51876296854,0.00627934894519101
2025-03-11 23:18:02,82742,83037.56150000003,-0.003559371140734006
2025-03-11 23:18:36,82702,82794.39305429156,-0.0011159337110059676
2025-03-12 01:26:20,83201,82970.37499999999,0.0027796065764438766
2025-03-12 01:26:54,83223,82858.0520547299,0.004404495836192814
2025-03-12 02:55:19,82458,82934.33899999998,-0.005743567812121566
2025-03-12 02:55:54,82446,82851.3943315819,-0.004893029681063242
2025-03-12 03:28:07,82358,82854.36049999998,-0.005990758929338195
2025-03-12 03:28:41,82355,82768.61714801019,-0.004997270248825641
2025-03-12 04:23:33,82022,82688.71849999999,-0.008062992293198838
2025-03-12 04:24:07,81952,82547.05027837036,-0.007208619525030754
2025-03-12 05:19:11,81773,82464.981,-0.00839121032478016
2025-03-12 05:19:46,81820,82283.00209679865,-0.005626947060754643
2025-03-12 06:27:41,81723,82245.12399999997,-0.006348388507505531
2025-03-12 06:28:16,81723,82117.96150443265,-0.004809684716921883
2025-03-12 07:18:50,81382,81913.1255,-0.006484009696345852
2025-03-12 07:19:25,81407,81910.76417459862,-0.006150158403171642
2025-03-12 08:26:28,82317,81913.34399999995,0.0049278417933962815
2025-03-12 08:27:03,82366,82088.45255929645,0.003381077752721248
2025-03-12 09:20:59,82364,82015.54699999995,0.004248621301032748
2025-03-12 09:21:34,82324,82246.26731357074,0.0009451211461414178
2025-03-12 10:20:46,82486,82171.38399999995,0.00382877815469255
2025-03-12 10:21:22,82479,82343.31833637046,0.0016477555965777866
2025-03-12 11:16:33,82528,82299.8865,0.0027717352927334447
2025-03-12 11:17:07,82513,82378.6300828987,0.0016311258995941216
2025-03-12 12:38:35,83996,82708.62999999998,0.015565123010742952
2025-03-12 12:39:10,83923,82744.80656937722,0.01423888071615617
2025-03-12 13:27:29,83474,82874.30849999997,0.007236156908627843
2025-03-12 13:28:04,83461,82985.37523288403,0.005731428770204474
2025-03-12 14:19:05,82445,82918.75199999996,-0.005713448268010163
2025-03-12 14:19:39,82540,82909.3445713165,-0.004454800278861179
2025-03-12 15:21:57,80921,82667.68299999993,-0.021128970071653434
2025-03-12 15:22:31,80834,82342.56685796684,-0.018320619766067983
2025-03-12 16:25:26,81916,82551.82499999997,-0.007702131358088913
2025-03-12 16:26:00,81896,82212.50028849405,-0.00384978303035923
2025-03-12 17:17:48,82574,82374.48499999994,0.0024220485263131875
2025-03-12 17:18:22,82558,82215.89111677045,0.004161104119684794
2025-03-12 18:27:43,82612,82102.75699999995,0.006202507913346274
2025-03-12 18:28:18,82614,82259.5144689912,0.004309355985105289
2025-03-12 19:15:49,82922,82102.55399999995,0.009980761378020652
2025-03-12 19:16:24,82891,82425.78017683727,0.005644105790259285
2025-03-12 20:21:36,82786,82378.69899999994,0.004944251425967109
2025-03-12 20:22:10,82815,82546.00887988754,0.0032586811132670444
2025-03-12 21:18:27,83258,82654.48649999996,0.0073016423615437365
2025-03-12 21:19:01,83250,82770.12605901582,0.005797670776072345
2025-03-12 22:18:50,83456,82857.61999999991,0.007221785998681746
2025-03-12 22:19:21,83385,82928.64082587505,0.005503034531618219
2025-03-12 23:18:50,83507,83121.59099999993,0.004636689401193881
2025-03-12 23:19:25,83512,83150.60803126227,0.004346233627081375
2025-03-13 01:27:54,83705,83474.22199999998,0.0027646618856779557
2025-03-13 01:28:29,83671,83434.00527799454,0.0028405051539335206
2025-03-13 02:56:53,83852,83704.70249999996,0.0017597278958137903
2025-03-13 02:57:27,83887,83655.91486458013,0.002762328710336164
2025-03-13 03:31:20,83807,83759.01149999995,0.0005729353670804775
2025-03-13 03:31:55,83752,83699.9818775061,0.0006214830795307516
2025-03-13 04:23:51,83541,83751.51099999995,-0.00251351883072241
2025-03-13 04:24:27,83527,83660.81954460389,-0.0015995485740196698
2025-03-13 05:18:42,83343,83675.85399999993,-0.0039778978533034645
2025-03-13 05:19:17,83384,83551.33882824129,-0.0020028264129351102
2025-03-13 06:27:43,82962,83560.14199999993,-0.0071582214400728855
2025-03-13 06:28:18,82908,83380.53829545836,-0.005667249278050062
2025-03-13 07:18:38,83302,83416.80199999995,-0.0013762455194572486
2025-03-13 07:19:13,83294,83331.1815128644,-0.0004461896758136559
2025-03-13 08:26:15,82636,83250.20199999993,-0.007377783900151168
2025-03-13 08:26:49,82558,83228.16785117656,-0.008052175945707667
2025-03-13 09:20:42,83340,83144.59499999997,0.0023501828350962323
2025-03-13 09:21:17,83313,83185.70504110862,0.0015302504057454302
2025-03-13 10:21:11,83195,83131.85049999997,0.0007596306303806945
2025-03-13 10:21:45,83198,83217.70612683395,-0.00023680209117890372
2025-03-13 11:16:59,82950,83134.87799999997,-0.0022238319757920126
2025-03-13 11:17:35,82925,83163.19690358233,-0.0028642105216143644
2025-03-13 12:39:04,82752,83054.23449999993,-0.0036390016935251316
2025-03-13 12:39:39,82715,83065.59018008842,-0.00422064273941024
2025-03-13 13:27:52,82973,83026.17649999994,-0.000640478729017989
2025-03-13 13:28:27,82921,82992.5766196685,-0.0008624460473918688
2025-03-13 14:18:54,82261,82850.61599999994,-0.00711661576541491
2025-03-13 14:19:30,82362,82716.57650010327,-0.004286643803528642
2025-03-13 15:22:17,81669,82529.13499999992,-0.010422198172801917
2025-03-13 15:22:52,81708,82389.31488321404,-0.008269456836481765
2025-03-13 16:25:42,81067,82143.93249999992,-0.01311031097762362
2025-03-13 16:26:16,81013,81953.1914153842,-0.011472297773234753
2025-03-13 17:16:46,80550,81691.15849999995,-0.013969180030663263
2025-03-13 17:17:23,80506,81544.69800286255,-0.012737774843756149
2025-03-13 18:27:22,80905,81224.27649999995,-0.003930801402705621
2025-03-13 18:27:58,80899,81197.91597368242,-0.0036813256854930335
2025-03-13 19:15:52,80699,80969.91849999999,-0.0033459154340137473
2025-03-13 19:16:27,80719,81045.20671216295,-0.004024996978803383
2025-03-13 20:21:28,80641,80679.18249999997,-0.00047326334770392915
2025-03-13 20:22:02,80625,80830.48048975559,-0.0025421163960745014
2025-03-13 21:18:36,80422,80544.67299999994,-0.0015230429950337885
2025-03-13 21:19:11,80416,80695.60742967771,-0.0034649646812730433
2025-03-13 22:18:02,80863,80583.76549999992,0.003465145842559057
2025-03-13 22:18:36,80853,80763.97602371333,0.0011022733236973241
2025-03-13 23:18:27,81350,80764.52799999993,0.007249123030844278
2025-03-13 23:19:02,81373,80961.64500205388,0.005080862647191625
2025-03-14 01:26:13,81375,81038.54749999996,0.0041517587664073475
2025-03-14 01:26:48,81433,81151.23638944232,0.0034720803168728953
2025-03-14 02:55:26,82111,81415.07249999997,0.008547895108734745
2025-03-14 02:56:01,82018,81459.02296271914,0.006862064102299383
2025-03-14 03:29:21,82000,81525.06299999994,0.005825656338346699
2025-03-14 03:29:56,82027,81582.45157114483,0.005449069258080507
2025-03-14 04:22:48,81897,81655.33749999998,0.0029595432141838914
2025-03-14 04:23:22,81900,81688.13194662602,0.002593620986613018
2025-03-14 05:18:33,81922,81820.94299999998,0.001235099429250226
2025-03-14 05:19:09,81924,81765.98487537928,0.0019325288487817688
2025-03-14 06:27:02,81936,81939.38199999997,-4.1274414297738855e-05
2025-03-14 06:27:36,81915,81859.15712089647,0.0006821824346548343
2025-03-14 07:18:21,82040,81979.55149999997,0.0007373607063467251
2025-03-14 07:18:57,82044,81895.60215140601,0.0018120368456371392
2025-03-14 08:24:35,82489,82039.04500000001,0.005484644537244274
2025-03-14 08:25:09,82479,82046.20193855175,0.005275052972865143
2025-03-14 09:20:37,82764,82176.80999999997,0.007145446507354467
2025-03-14 09:21:11,82788,82244.21698965675,0.006611808468085207
2025-03-14 10:20:29,82810,82360.286,0.005460325866279863
2025-03-14 10:21:03,82821,82429.56596669137,0.004748709139955951
2025-03-14 11:16:16,83022,82567.79549999998,0.005500988578531466
2025-03-14 11:16:50,83038,82638.92822220828,0.004829101567225676
2025-03-14 12:37:08,83495,82904.88949999998,0.007117921555157787
2025-03-14 12:37:42,83495,82939.98887669222,0.006691719287941042
2025-03-14 13:25:30,83400,83056.86599999995,0.004131314080645053
2025-03-14 13:26:06,83400,83044.15109810149,0.004285056770321397
2025-03-14 14:18:11,82776,83155.19999999997,-0.004560147771876782
2025-03-14 14:18:45,82770,83065.11578895562,-0.0035528246262296614
2025-03-14 15:20:23,84850,83374.07399999994,0.017702457480967836
2025-03-14 15:20:59,84850,83379.28663684419,0.017638833605778552
2025-03-14 16:24:02,84667,83715.22999999997,0.011369137969280303
2025-03-14 16:24:36,84676,83842.43712977803,0.009942016224214879
2025-03-14 17:14:45,84526,83896.3035,0.0075056524987421585
2025-03-14 17:15:20,84553,84071.02248977813,0.005732980234425861
2025-03-14 18:26:13,84243,84138.83149999994,0.0012380549877265416
2025-03-14 18:26:47,84302,84145.36842463454,0.001861440246776646
2025-03-14 19:16:07,84850,84452.98549999997,0.0047010120204694725
2025-03-14 19:16:41,84812,84337.94344003807,0.005620916762085508
2025-03-14 20:20:19,84002,84521.35799999996,-0.0061446954034974684
2025-03-14 20:20:53,83936,84319.65914775204,-0.004550055724012848
2025-03-14 21:18:22,84064,84407.36199999995,-0.004067915308145162
2025-03-14 21:18:57,84155,84258.71476404197,-0.0012309084506263166
2025-03-14 22:18:01,84396,84351.29349999997,0.0005300037278032891
2025-03-14 22:18:35,84368,84259.43225251263,0.0012884936983910062
2025-03-14 23:20:08,84200,84347.11399999999,-0.0017441497761261503
2025-03-14 23:20:43,84213,84272.04360055583,-0.0007006309332629029
2025-03-15 01:25:55,84383,84227.32749999998,0.0018482421871929293
2025-03-15 01:26:31,84367,84262.1274408868,0.0012445989948066216
2025-03-15 02:52:46,84525,84285.98749999999,0.002835732333325414
2025-03-15 02:53:20,84548,84313.05903868137,0.0027865311020306136
2025-03-15 03:26:25,84636,84320.24849999999,0.003744669941289524
2025-03-15 03:27:01,84645,84364.91115130585,0.003319968513827084
2025-03-15 04:22:10,84311,84333.45649999994,-0.00026628221979662416
2025-03-15 04:22:45,84307,84375.04131876664,-0.0008064152349221793
2025-03-15 05:17:49,84384,84408.75849999995,-0.0002933167178374343
2025-03-15 05:18:24,84378,84402.84589116735,-0.00029437267079108765
2025-03-15 06:25:40,84213,84392.99799999999,-0.0021328546711895735
2025-03-15 06:26:15,84256,84356.21058814149,-0.0011879455874417534
2025-03-15 07:17:58,84230,84398.1455,-0.0019922890367300634
2025-03-15 07:18:32,84230,84344.18785639103,-0.0013538319508802554
2025-03-15 08:23:02,84230,84398.1455,-0.0019922890367300634
2025-03-15 08:23:38,84230,84344.18785639103,-0.0013538319508802554
2025-03-15 09:18:14,84230,84184.77499999998,0.0005372111524918892
2025-03-15 09:18:49,84230,84129.987953995,0.0011887799872226843
2025-03-15 10:20:13,83827,84197.894,-0.0044050270426003795
2025-03-15 10:20:48,83827,84119.5014228366,-0.0034772129873465655
2025-03-15 11:14:24,83827,84197.894,-0.0044050270426003795
2025-03-15 11:14:59,83827,84119.5014228366,-0.0034772129873465655
2025-03-15 12:34:47,84189,83941.48849999995,0.0029486193826554746
2025-03-15 12:35:23,84189,84039.84985423769,0.0017747550242057947
2025-03-15 13:22:01,84366,84009.86149999997,0.004239246365142861
2025-03-15 13:22:36,84359,84102.1006761305,0.003054612450868408
2025-03-15 14:18:05,84277,84112.24049999997,0.001958805270441337
2025-03-15 14:18:40,84263,84188.2062697407,0.0008884110206560862
2025-03-15 15:17:58,84315,84182.05949999996,0.0015792022764665279
2025-03-15 15:18:33,84306,84203.50728302178,0.001217202469176515
2025-03-15 16:21:28,84248,84259.56949999998,-0.0001373078460836812
2025-03-15 16:22:04,84242,84235.93069357108,7.205127763117106e-05
2025-03-15 17:15:23,84416,84311.74399999996,0.0012365537119008907
2025-03-15 17:15:57,84426,84293.72513067964,0.0015692137121155448
2025-03-15 18:24:49,84399,84353.54349999999,0.0005388807406770623
2025-03-15 18:25:24,84366,84338.15294802976,0.00033018332743661564
2025-03-15 19:14:05,84213,84319.67499999996,-0.0012651258439973743
2025-03-15 19:14:39,84208,84304.40106221821,-0.0011434878962850903
2025-03-15 20:19:28,84422,84343.68549999999,0.0009285164566351288
2025-03-15 20:20:04,84418,84316.57807676331,0.0012028704858533547
2025-03-15 21:18:41,84283,84346.22800000002,-0.000749624511958227
2025-03-15 21:19:16,84283,84320.28405935099,-0.00044217188979992823
2025-03-15 22:18:10,84441,84348.34700000001,0.001098456618242811
2025-03-15 22:18:45,84431,84352.54622718494,0.0009300700017254121
2025-03-15 23:17:11,84317,84331.98700000001,-0.00017771429955763124
2025-03-15 23:17:46,84317,84348.18205910493,-0.0003696826457158571
2025-03-16 01:40:29,83957,84307.58399999996,-0.00415839220348147
2025-03-16 01:41:03,83972,84270.17914806699,-0.0035383708813894496
2025-03-16 03:00:29,83943,84176.01949999997,-0.002768240900247913
2025-03-16 03:01:04,83926,84119.40917759828,-0.0022992217787686036
2025-03-16 03:36:00,84168,84159.27449999997,0.00010367841276993865
2025-03-16 03:36:34,84157,84130.09312119342,0.00031982466449689096
2025-03-16 04:22:55,84377,84164.18999999999,0.002528510046850237
2025-03-16 04:23:31,84377,84194.01136102542,0.002173416327557101
2025-03-16 05:17:36,84339,84168.06999999999,0.002030817624783455
2025-03-16 05:18:10,84352,84245.1102395225,0.0012687948318138888
2025-03-16 06:25:12,84336,84197.73150000001,0.0016421879489709414
2025-03-16 06:25:46,84334,84285.6261221554,0.000573927964591379
2025-03-16 07:16:46,84066,84248.413,-0.0021651802509324476
2025-03-16 07:17:20,84120,84245.73067862759,-0.001492427896521104
2025-03-16 08:22:36,84233,84300.05449999997,-0.0007954265320192561
2025-03-16 08:23:11,84233,84257.60909771278,-0.0002920697368024788
2025-03-16 09:18:14,84213,84284.96699999996,-0.0008538533330618801
2025-03-16 09:18:48,84220,84246.8663019067,-0.0003188997180076065
2025-03-16 10:18:52,83956,84183.32699999998,-0.002700380325904389
2025-03-16 10:19:27,83937,84129.35218331442,-0.002286386122352293
2025-03-16 11:16:12,83101,83996.1625,-0.010657183296915567
2025-03-16 11:16:46,83068,83879.85221378607,-0.009678751122699749
2025-03-16 12:34:50,82826,83594.00200000001,-0.00918728594905658
2025-03-16 12:35:25,82800,83392.1557648475,-0.00710085690214417
2025-03-16 13:22:51,82885,83379.686,-0.005932931913415955
2025-03-16 13:23:25,82892,83247.71449824332,-0.004272964133457742
2025-03-16 14:16:09,82718,83083.314,-0.004396959899794061
2025-03-16 14:16:44,82667,83068.6675457088,-0.004835367625076924
2025-03-16 15:18:17,83158,82955.9555,0.0024355635322650658
2025-03-16 15:18:51,83167,83125.92631376909,0.0004941140273838928
2025-03-16 16:22:00,84214,83020.34,0.014377922326022799
2025-03-16 16:22:36,84206,83337.32115464105,0.010423647332592207
2025-03-16 17:16:14,83848,83271.08499999998,0.006928155193366615
2025-03-16 17:16:49,83828,83509.59133172595,0.003812839497791667
2025-03-16 18:25:10,83954,83463.30149999997,0.005879212674087999
2025-03-16 18:25:44,83946,83611.124887396,0.004005150188506572
2025-03-16 19:14:28,83029,83599.39199999996,-0.00682292043463622
2025-03-16 19:15:02,83210,83574.3464360056,-0.00435954873167428
2025-03-16 20:20:10,83290,83629.37099999998,-0.004058036021818037
2025-03-16 20:20:45,83266,83452.79666250176,-0.0022383511394734623
2025-03-16 21:16:47,82840,83469.54449999997,-0.00754220600784487
2025-03-16 21:17:22,82841,83295.25010719174,-0.0054534935258273
2025-03-16 22:17:12,82534,83261.44899999996,-0.00873692457598191
2025-03-16 22:17:46,82612,83105.1023354383,-0.005933478469805511
2025-03-16 23:18:09,82348,82931.29899999998,-0.007033520601190446
2025-03-16 23:18:44,82318,82821.04768929313,-0.006073911201659013
2025-03-17 01:38:12,83144,82741.10549999999,0.004869339097723434
2025-03-17 01:38:47,83145,82877.6046915266,0.003226387990683969
2025-03-17 02:59:22,83242,82810.06849999998,0.005215929751344436
2025-03-17 02:59:57,83219,83015.11010096339,0.0024560576838197567
2025-03-17 03:35:02,83473,82958.00949999996,0.006207845428114374
2025-03-17 03:35:38,83469,83135.54994736078,0.004010920152093224
2025-03-17 04:23:43,83731,83178.41099999996,0.00664341856686871
2025-03-17 04:24:19,83711,83285.00559236071,0.005114899189949265
2025-03-17 05:19:38,83296,83329.03149999995,-0.0003963984628808951
2025-03-17 05:20:13,83325,83345.25980460887,-0.00024308286585660767
2025-03-17 06:28:38,82912,83364.44749999997,-0.005427343592722376
2025-03-17 06:29:14,82905,83266.39695110994,-0.004340249660642062
2025-03-17 07:20:12,83284,83372.68899999998,-0.0010637656175391435
2025-03-17 07:20:47,83256,83255.82644843936,2.0845575384322246e-06
2025-03-17 08:26:57,83523,83396.88899999998,0.0015121787096880677
2025-03-17 08:27:33,83538,83340.70488997418,0.002367331909254777
2025-03-17 09:22:19,83707,83385.34299999995,0.003857476487205316
2025-03-17 09:22:53,83720,83425.46424710672,0.0035305257879160654
2025-03-17 10:21:59,83479,83400.96799999995,0.0009356246320792131
2025-03-17 10:22:34,83480,83464.61707365986,0.00018430476146037172
2025-03-17 11:16:21,83443,83453.35749999997,-0.0001241112438162737
2025-03-17 11:16:55,83412,83437.31172316377,-0.00030336216065727356
2025-03-17 12:39:55,83500,83492.50499999998,8.976853670906688e-05
2025-03-17 12:40:31,83303,83421.79274104537,-0.0014240012968088816
2025-03-17 13:29:13,82963,83418.36199999996,-0.005458774172525286
2025-03-17 13:29:47,82908,83322.64575782434,-0.004976387320075055
2025-03-17 14:19:40,82632,83296.582,-0.00797850264732345
2025-03-17 14:20:15,82715,83200.43391472299,-0.005834511815413617
2025-03-17 15:21:20,83365,83228.68,0.001637896936488804
2025-03-17 15:21:54,83384,83211.34640734716,0.002074880411232001
2025-03-17 16:25:53,83572,83253.55499999995,0.0038250018272499094
2025-03-17 16:26:27,83559,83320.84065716046,0.0028583406139586955
2025-03-17 17:17:46,83792,83287.40699999998,0.006058454911437245
2025-03-17 17:18:20,83820,83414.3702446727,0.004862828240955391
2025-03-17 18:26:30,84133,83504.1715,0.0075305040299693685
2025-03-17 18:27:04,84154,83670.37775792921,0.005780089143017657
2025-03-17 19:15:55,84456,83796.77899999998,0.007866901423502444
2025-03-17 19:16:31,84499,83939.55332915438,0.0066648754807146
2025-03-17 20:21:26,84237,84034.7935,0.0024062235602447246
2025-03-17 20:22:00,84125,84066.37732601208,0.0006973379352434765
2025-03-17 21:18:39,84096,84124.83299999998,-0.00034274065067070234
2025-03-17 21:19:14,84097,84056.24039622128,0.00048490871809855034
2025-03-17 22:19:43,84151,84215.40799999998,-0.0007648006645052562
2025-03-17 22:20:17,84159,84057.60797922357,0.0012062206290891868
2025-03-17 23:18:38,83967,84190.11399999997,-0.00265012112942349
2025-03-17 23:19:14,83957,84050.48361455023,-0.0011122317270527973
2025-03-18 01:27:41,83370,83932.16549999997,-0.0066978553055440215
2025-03-18 01:28:15,83366,83872.83516868645,-0.006042900155540142
2025-03-18 02:58:47,83361,83720.77649999996,-0.004297338307653701
2025-03-18 02:59:23,83364,83626.71302635617,-0.0031414965009251587
2025-03-18 03:34:12,82968,83566.199,-0.007158384695706853
2025-03-18 03:34:49,83015,83490.79733374118,-0.005698799735248163
2025-03-18 04:23:51,83145,83452.66799999998,-0.0036867365342948184
2025-03-18 04:24:26,83143,83415.01092792996,-0.003260934991244929
2025-03-18 05:19:29,82997,83264.747,-0.0032156105632555757
2025-03-18 05:20:04,82961,83272.8143863078,-0.00374449198824089
2025-03-18 06:28:22,82611,83116.51550000001,-0.006082010259441261
2025-03-18 06:28:57,82598,83136.48854437696,-0.006477162480702119
2025-03-18 07:20:21,82872,82997.40400000001,-0.001510938824062612
2025-03-18 07:20:55,82913,82994.57534612554,-0.0009828997351372722
2025-03-18 08:25:47,83208,82982.70700000002,0.0027149391499119925
2025-03-18 08:26:21,83186,83055.77490108371,0.0015679234715632834
2025-03-18 09:21:49,83088,82997.84349999999,0.00108625111446434
2025-03-18 09:22:25,83088,83115.73259308394,-0.00033366237917574444
2025-03-18 10:20:59,82611,82966.59899999997,-0.004286050100715506
2025-03-18 10:21:34,82641,83021.72743922571,-0.004585877106741882
2025-03-18 11:16:32,82750,82952.24649999998,-0.002438107568310152
2025-03-18 11:17:08,82743,82951.9915184355,-0.0025194273773289466
2025-03-18 12:39:20,82447,82893.236,-0.005383261910537603
2025-03-18 12:39:54,82514,82794.14889742069,-0.0033836798995033244
2025-03-18 13:28:23,82345,82772.983,-0.005170563926637668
2025-03-18 13:28:54,82311,82681.10505003357,-0.00447629539795827
2025-03-18 14:19:28,81231,82394.54249999998,-0.014121596706480671
2025-03-18 14:19:59,81150,82231.68217048846,-0.013154080543382844
2025-03-18 15:22:12,81738,82193.31499999997,-0.0055395624327838995
2025-03-18 15:22:46,81774,82105.67319250056,-0.004039589222086221
2025-03-18 16:26:00,81780,81994.60299999999,-0.0026172820179395013
2025-03-18 16:26:34,81839,82011.09048733057,-0.0020983806739791515
2025-03-18 17:17:55,81718,81847.09599999999,-0.001577282595340835
2025-03-18 17:18:30,81732,81935.64906165827,-0.0024854756627975694
2025-03-18 18:27:57,81535,81662.31699999998,-0.0015590667112712578
2025-03-18 18:28:31,81500,81787.63301192399,-0.003516827683251964
2025-03-18 19:15:48,81957,81740.40849999998,0.0026497481964507697
2025-03-18 19:16:23,82000,81812.20867252447,0.002295394911378229
2025-03-18 20:20:33,82118,81807.73299999996,0.00379263657141112
2025-03-18 20:21:07,82090,81909.34548414775,0.002205542173294649
2025-03-18 21:18:08,82165,81850.12599999996,0.0038469580364487157
2025-03-18 21:18:44,82174,81970.2512305381,0.0024856428570515115
2025-03-18 22:18:27,82249,81932.86249999996,0.0038584945082327728
2025-03-18 22:19:02,82215,82026.38398604101,0.0022994554287689927
2025-03-18 23:18:21,82718,82134.09,0.007109228336248731
2025-03-18 23:18:57,82677,82185.81527306057,0.005976514624908012
2025-03-19 01:28:18,82841,82490.805,0.004245261032426669
2025-03-19 01:28:53,82830,82569.82040245344,0.0031510253537966266
2025-03-19 02:57:57,82877,82705.995,0.0020676252066129507
2025-03-19 02:58:32,82863,82663.7986047234,0.0024097779032527652
2025-03-19 03:33:22,82815,82791.04099999997,0.00028939121565136103
2025-03-19 03:33:56,82871,82717.48311436978,0.0018559182394120711
2025-03-19 04:23:26,82929,82852.85349999994,0.0009190570606003428
2025-03-19 04:24:01,82941,82782.58933855085,0.0019135746141172784
2025-03-19 05:19:20,82972,82884.68049999993,0.0010535059008892557
2025-03-19 05:19:55,82972,82833.60513546433,0.0016707574698619505
2025-03-19 06:27:55,83199,82941.51499999994,0.003104416407152184
2025-03-19 06:28:29,83195,82964.73101660705,0.002775504489333596
2025-03-19 07:20:20,83180,83029.88399999993,0.0018079755476963862
2025-03-19 07:20:56,83235,83037.11236133489,0.0023831228355341233
2025-03-19 08:26:55,83380,83117.26299999998,0.0031610400838153548
2025-03-19 08:27:31,83361,83123.91003396147,0.002852247517491255
2025-03-19 09:21:55,83503,83222.70249999996,0.00336804131060325
2025-03-19 09:22:31,83538,83233.63568344018,0.003656746627257732
2025-03-19 10:21:34,83551,83329.54099999994,0.0026576289433786864
2025-03-19 10:22:08,83547,83321.4040492911,0.0027075389965277303
2025-03-19 11:16:42,83649,83403.27349999995,0.002946245269378403
2025-03-19 11:17:16,83645,83414.9313871525,0.0027581226648703003
2025-03-19 12:38:55,83644,83558.02199999997,0.0010289616477521684
2025-03-19 12:39:30,83624,83555.14608260545,0.0008240535816486411
2025-03-19 13:28:17,83880,83637.19549999996,0.0029030684081228207
2025-03-19 13:28:53,83931,83643.44283540503,0.0034378924975724326
2025-03-19 14:19:15,84200,83771.35949999993,0.0051167905422385696
2025-03-19 14:19:49,84290,83800.23002449957,0.00584449440481537
2025-03-19 15:21:39,84245,83905.59899999999,0.004045033991116762
2025-03-19 15:22:14,84256,83931.00192909017,0.003872205304833705
2025-03-19 16:25:34,84691,84118.29449999997,0.006808334660185314
2025-03-19 16:26:09,84670,84170.12269204414,0.005938892471201169
2025-03-19 17:18:28,84615,84259.35199999997,0.00422087271689474
2025-03-19 17:19:04,84612,84295.15734968545,0.0037587289741944814
2025-03-19 18:28:14,84370,84345.20449999996,0.0002939764050253333
2025-03-19 18:28:48,84305,84272.48277872057,0.0003858581141463486
2025-03-19 19:16:15,85629,84610.24699999993,0.012040539250524474
2025-03-19 19:16:50,85602,84646.16958758335,0.01129206929355083
2025-03-19 20:21:34,85819,84841.76899999993,0.011518277041112537
2025-03-19 20:22:08,85810,84922.96717308226,0.010445146424404498
2025-03-19 21:18:36,85746,85007.52699999994,0.008687148374520491
2025-03-19 21:19:11,85752,85111.18119194121,0.0075291965060809455
2025-03-19 22:18:45,85882,85247.57399999994,0.007442158999153048
2025-03-19 22:19:20,85861,85316.69078818428,0.006379867840480103
2025-03-19 23:19:45,86200,85647.94699999994,0.00644560692155363
2025-03-19 23:20:21,86257,85630.24976077874,0.0073192620711978055
2025-03-20 01:27:07,86332,86158.98299999995,0.0020081133037520983
2025-03-20 01:27:42,86332,86142.72164649329,0.0021972646079544775
2025-03-20 02:56:37,86050,86260.20099999994,-0.002436824834200686
2025-03-20 02:57:12,86082,86028.91160120773,0.0006170995053193992
2025-03-20 03:30:47,85919,86248.81249999997,-0.0038239656922809343
2025-03-20 03:31:22,85901,86000.31913300714,-0.0011548693540722372
2025-03-20 04:23:35,85807,86164.35299999996,-0.004147341534613036
2025-03-20 04:24:10,85815,85965.47996523681,-0.001750469668728205
2025-03-20 05:19:24,85485,85889.95399999994,-0.004714800522537711
2025-03-20 05:20:00,85522,85840.6229495554,-0.0037117967997813803
2025-03-20 06:27:51,85944,85812.91349999994,0.0015275847731246557
2025-03-20 06:28:27,85946,85839.12087788951,0.0012451097007683957
2025-03-20 07:18:53,85923,85817.96799999996,0.0012238928798691162
2025-03-20 07:19:27,85891,85836.37927165272,0.0006363354187437662
2025-03-20 08:26:14,85945,85783.31749999993,0.001884777888195665
2025-03-20 08:26:48,85924,85832.53891477268,0.0010655759037739088
2025-03-20 09:21:36,86028,85832.88499999994,0.002273196339608806
2025-03-20 09:22:11,86034,85926.27983975271,0.0012536346324801204
2025-03-20 10:21:10,85023,85834.32449999994,-0.009452215121701631
2025-03-20 10:21:45,84916,85779.04720861331,-0.01006128229093512
2025-03-20 11:16:38,85297,85735.25299999994,-0.005111701250825481
2025-03-20 11:17:13,85333,85642.61960148087,-0.0036152514124581127
2025-03-20 12:37:55,85400,85638.79899999997,-0.00278844405559646
2025-03-20 12:38:30,85353,85551.52680988301,-0.0023205525054414205
2025-03-20 13:27:03,85171,85550.73799999998,-0.004438746045650513
2025-03-20 13:27:38,85136,85474.10292022735,-0.003955618236121174
2025-03-20 14:19:44,86308,85502.91349999997,0.009415895517993482
2025-03-20 14:20:19,86331,85603.45824590184,0.008498976197997096
2025-03-20 15:22:12,85578,85567.23599999999,0.00012579581278060833
2025-03-20 15:22:47,85632,85735.12387649268,-0.0012028194726963833
2025-03-20 16:26:06,84290,85446.523,-0.013535050454890962
2025-03-20 16:26:42,84299,85368.111696894,-0.012523548613678687
2025-03-20 17:17:56,84030,85143.22450000001,-0.013074727983787025
2025-03-20 17:18:32,84020,84891.26726381385,-0.010263332046937612
2025-03-20 18:27:48,84011,84908.93749999997,-0.010575300156122801
2025-03-20 18:28:25,83998,84636.97141394818,-0.007549554329195642
2025-03-20 19:15:58,84043,84539.64649999999,-0.005874717018126969
2025-03-20 19:16:28,84062,84434.0227676005,-0.004406076548365717
2025-03-20 20:21:20,84374,84196.61499999998,0.0021067949109358367
2025-03-20 20:21:56,84389,84392.29445603967,-3.9037403366108065e-05
2025-03-20 21:18:42,84277,84171.58499999998,0.0012523822617813687
2025-03-20 21:19:18,84251,84405.12266684309,-0.0018259871198982815
2025-03-20 22:18:21,84319,84269.65249999997,0.0005855904057517338
2025-03-20 22:18:58,84273,84394.41027633712,-0.0014386056604884037
2025-03-20 23:18:38,83966,84233.59499999997,-0.0031768203648434115
2025-03-20 23:19:12,83955,84270.67954945119,-0.003746018794899414
2025-03-21 01:36:57,84547,84317.82399999996,0.0027180018307877106
2025-03-21 01:37:33,84547,84361.95040646524,0.0021935196216205013
2025-03-21 02:58:53,84669,84377.14099999997,0.003458981858605827
2025-03-21 02:59:27,84678,84477.83144617513,0.002369480257698236
2025-03-21 03:34:09,84406,84419.06499999996,-0.00015476361885740714
2025-03-21 03:34:43,84408,84463.74738095555,-0.0006600154821939839
2025-03-21 04:23:24,84618,84494.41049999995,0.001462694387341108
2025-03-21 04:24:00,84635,84496.02613204089,0.0016447385080800999
2025-03-21 05:19:05,84516,84560.28049999994,-0.0005236560207476524
2025-03-21 05:19:40,84447,84527.64504686046,-0.0009540671198842914
2025-03-21 06:29:38,84196,84528.97099999992,-0.0039391346666212
2025-03-21 06:30:16,84215,84431.95871732112,-0.002569627906507511
2025-03-21 07:19:42,83985,84426.1939999999,-0.005225795207585714
2025-03-21 07:20:17,83991,84349.00391958193,-0.00424431709855455
2025-03-21 08:25:02,83815,84310.52149999994,-0.005877338808774237
2025-03-21 08:25:37,83834,84216.09127636183,-0.004537034081859277
2025-03-21 09:20:51,83980,84192.46199999994,-0.002523527581364012
2025-03-21 09:21:27,84043,84137.60296629333,-0.0011243839015859297
2025-03-21 10:20:49,84152,84118.38349999994,0.0003996332145405761
2025-03-21 10:21:23,84120,84154.8631847099,-0.0004142741535136446
2025-03-21 11:16:42,84056,84066.54049999997,-0.00012538282100443628
2025-03-21 11:17:18,84103,84130.49515364732,-0.0003268155452682083
2025-03-21 12:38:04,83933,84062.22899999998,-0.0015373016102151844
2025-03-21 12:38:35,83934,84108.74642653836,-0.0020776249077851406
2025-03-21 13:27:08,83562,83992.34899999997,-0.005123669061809106
2025-03-21 13:27:43,83554,83954.29006685568,-0.004767952495779768
2025-03-21 14:18:32,83880,83971.13799999995,-0.0010853491112618736
2025-03-21 14:19:06,83961,83933.47224750725,0.00032797109133738967
2025-03-21 15:20:51,83754,83942.67899999995,-0.0022477123943107132
2025-03-21 15:21:26,83742,83949.41732078006,-0.002470741637044347
2025-03-21 16:25:03,84000,83882.04149999996,0.0014062425984236097
2025-03-21 16:25:37,84008,83891.45576319697,0.001389226539732574
2025-03-21 17:17:48,83888,83836.47399999994,0.0006146012295323425
2025-03-21 17:18:23,83887,83898.01700931675,-0.00013131429930615627
2025-03-21 18:27:13,84039,83907.68549999995,0.0015649877507353176
2025-03-21 18:27:47,84083,83939.26039417111,0.0017124240212970517
2025-03-21 19:15:34,84075,83958.81899999994,0.0013837855437206083
2025-03-21 19:16:08,84083,84004.29326475623,0.000936937056249179
2025-03-21 20:21:11,84009,83947.48699999995,0.0007327557047663616
2025-03-21 20:21:46,83986,83974.64170007114,0.0001352586888007313
2025-03-21 21:17:50,84328,84055.41799999995,0.0032428843551768815
2025-03-21 21:18:24,84326,84077.22211374166,0.0029589213345058395
2025-03-21 22:18:50,84350,84145.29299999992,0.00243278016751433
2025-03-21 22:19:25,84350,84167.25781023133,0.002171179084635197
2025-03-21 23:18:09,84178,84168.84749999995,0.00010873975671408262
2025-03-21 23:18:43,84178,84167.44611495412,0.00012539153239209716
2025-03-22 01:26:52,84201,84220.41549999994,-0.00023053199019119775
2025-03-22 01:27:26,84196,84174.29718696068,0.00025783182948484976
2025-03-22 02:55:07,84158,84169.13149999994,-0.00013225157253695725
2025-03-22 02:55:42,84149,84160.00900988292,-0.00013081046464278963
2025-03-22 03:32:55,84219,84168.39449999997,0.0006012411226405685
2025-03-22 03:33:30,84223,84175.18969696028,0.0005679856880850528
2025-03-22 04:22:51,84295,84184.50849999997,0.0013124920721017557
2025-03-22 04:23:25,84261,84203.16929294099,0.0006867996483341052
2025-03-22 05:18:18,84379,84229.99149999993,0.0017690670193178063
2025-03-22 05:18:53,84379,84253.29179787487,0.001492027188999362
2025-03-22 06:25:51,84357,84251.70749999996,0.001249737282773048
2025-03-22 06:26:25,84319,84276.66802433826,0.0005022976899076857
2025-03-22 07:17:56,84343,84293.97199999997,0.0005816311515138334
2025-03-22 07:18:31,84351,84296.30160171249,0.0006488825399001694
2025-03-22 08:23:03,84230,84306.42849999997,-0.0009065560166620681
2025-03-22 08:23:37,84226,84282.75379107721,-0.0006733737155514771
2025-03-22 09:19:43,84330,84307.69699999996,0.0002645428684885503
2025-03-22 09:20:18,84348,84283.2472536126,0.0007682754105635615
2025-03-22 10:19:39,84419,84320.14999999997,0.0011723176488660772
2025-03-22 11:15:45,84311,84325.01849999995,-0.0001662436634976533
2025-03-22 11:16:19,84311,84331.06308335288,-0.00023790857863435793
2025-03-22 12:35:02,84196,84305.99349999994,-0.0013046937167040056
2025-03-22 12:35:37,84188,84295.85700439393,-0.0012795054018882952
2025-03-22 13:21:33,84216,84304.85499999995,-0.0010539725143937715
2025-03-22 13:22:08,84216,84278.00019948423,-0.0007356629172201318
2025-03-22 14:17:45,84193,84275.51899999996,-0.0009791574229279635
2025-03-22 14:18:20,84183,84235.29000911018,-0.0006207613116132351
2025-03-22 15:18:06,84026,84202.35999999996,-0.002094478112014402
2025-03-22 15:18:42,84026,84167.90667609397,-0.001685995074584413
2025-03-22 16:21:53,84107,84146.16199999995,-0.00046540447085338237
2025-03-22 16:22:28,84127,84143.67204552979,-0.00019813784120058069
2025-03-22 17:15:23,84157,84125.94699999996,0.00036912511665447947
2025-03-22 17:15:57,84155,84144.3250556035,0.0001268646981176736
2025-03-22 18:24:41,84258,84135.85799999998,0.0014517234732427842
2025-03-22 19:14:35,84244,84148.05049999994,0.0011402462615584983
2025-03-22 19:15:10,84235,84199.43342830722,0.00042240868191897873
2025-03-22 20:19:47,84144,84180.87499999997,-0.00043804486470318716
2025-03-22 20:20:21,84144,84191.63278773926,-0.0005657662900938312
2025-03-22 21:17:16,84068,84174.76999999995,-0.0012684323342962022
2025-03-22 21:17:51,84058,84147.5044813707,-0.001063661744009552
2025-03-22 22:17:32,84039,84147.00899999998,-0.0012835750347344656
2025-03-22 22:18:07,84066,84107.1448326991,-0.0004891954515985153
2025-03-22 23:18:20,83902,84088.08249999995,-0.0022129473579082506
2025-03-22 23:18:56,83902,84046.38215550638,-0.0017178866216898492
2025-03-23 01:41:17,84109,83982.78349999995,0.0015028854098418074
2025-03-23 01:41:51,84118,84022.51177667847,0.0011364599950942685
2025-03-23 03:03:34,84193,84019.84399999998,0.0020608940906866866
2025-03-23 03:04:10,84185,84078.5122277608,0.0012665277895347639
2025-03-23 04:22:29,84108,84070.20649999996,0.00044954689150244256
2025-03-23 04:23:04,84108,84107.55211760395,5.3251151029379255e-06
2025-03-23 05:18:09,84118,84116.31149999994,2.007339563459164e-05
2025-03-23 05:18:43,84136,84108.39541605941,0.000328202479717196
2025-03-23 06:25:56,84236,84147.84649999996,0.001047602566989567
2025-03-23 06:26:31,84215,84140.31837114748,0.0008875843388551306
2025-03-23 07:17:07,84224,84181.13599999997,0.0005091877116035891
2025-03-23 07:17:42,84224,84172.34303298876,0.0006137047532464594
2025-03-23 08:23:17,84320,84203.06949999997,0.0013886726540299264
2025-03-23 08:23:51,84320,84217.51383956586,0.0012169221787926214
2025-03-23 09:18:29,84323,84238.94699999999,0.0009977926243547946
2025-03-23 09:19:05,84323,84255.4275102715,0.0008019956900730056
2025-03-23 10:18:42,84344,84285.59550000002,0.0006929357223319976
2025-03-23 10:19:17,84344,84282.1338272114,0.0007340366217523592
2025-03-23 11:16:03,84707,84360.67300000001,0.004105313384590829
2025-03-23 11:16:38,84689,84386.46717334278,0.0035850870025850097
2025-03-23 12:35:34,84758,84484.215,0.0032406645430747448
2025-03-23 12:36:09,84744,84525.59141443604,0.002583934426357117
2025-03-23 13:22:49,84897,84556.79299999996,0.004023414180337217
2025-03-23 13:23:24,84880,84592.10988818418,0.0034032738064621454
2025-03-23 14:16:07,85058,84695.64149999997,0.004278360652124364
2025-03-23 14:16:41,85044,84733.36717211918,0.0036660035856928936
2025-03-23 15:19:45,85100,84821.48999999996,0.003283483937856297
2025-03-23 15:20:20,85087,84817.61092037454,0.0031760984152024115
2025-03-23 16:21:58,85303,84939.30199999998,0.004281857649360229
2025-03-23 16:22:34,85298,84954.5305960692,0.00404297924455469
2025-03-23 17:15:45,85335,85047.57949999996,0.0033795259276019336
2025-03-23 17:16:21,85338,85054.60873752074,0.003331874270961675
2025-03-23 18:25:30,84840,85073.32999999994,-0.002742692686414693
2025-03-23 18:26:05,84849,85008.93120438764,-0.00188134590238663
2025-03-23 19:15:45,85054,85077.97649999995,-0.0002818179390990348
2025-03-23 19:16:20,85053,85005.39344688262,0.0005600415595644384
2025-03-23 20:19:40,85171,85089.84499999999,0.0009537565851719838
2025-03-23 20:20:16,85171,85028.85332360663,0.0016717463641710314
2025-03-23 21:16:53,84964,85058.62599999999,-0.0011124797618996256
2025-03-23 21:17:27,84942,85036.05975378193,-0.0011061160883309089
2025-03-23 22:18:44,85580,85070.89599999998,0.005984467355322334
2025-03-23 22:19:19,85576,85129.64083302664,0.005243287327487345
2025-03-23 23:17:24,85585,85172.41599999998,0.004844103518209665
2025-03-23 23:17:58,85608,85233.70430617123,0.00439140474857512
2025-03-24 01:39:26,85596,85573.42549999998,0.00026380269187677895
2025-03-24 01:40:00,85590,85637.63912912433,-0.0005562872775194585
2025-03-24 03:03:26,85943,85776.4075,0.0019421715697291104
2025-03-24 03:04:01,86008,85713.12545972312,0.003440249538157912
2025-03-24 04:24:06,86685,86048.27250000005,0.0073996546531477385
2025-03-24 04:24:40,86709,86053.93040587992,0.007612314638394751
2025-03-24 05:19:48,86992,86224.23300000004,0.008904306519026538
2025-03-24 05:20:23,87009,86339.00546274889,0.007760044647956758
2025-03-24 06:29:13,87019,86434.47450000004,0.006762643070155525
2025-03-24 06:29:49,87023,86555.65784019268,0.005399325375935215
2025-03-24 07:21:36,87013,86708.74200000004,0.003508965681914262
2025-03-24 07:22:11,86955,86711.10566549821,0.002812723152702625
2025-03-24 08:26:58,87303,86901.28400000003,0.004622670477457745
2025-03-24 08:27:32,87315,86824.68406354816,0.005647195169670495
2025-03-24 09:22:18,87276,87061.65500000001,0.0024619908730196616
2025-03-24 09:22:52,87262,86998.37244995628,0.003030258413114154
2025-03-24 10:22:00,87418,87146.09550000002,0.003120099626264667
2025-03-24 10:22:35,87391,87098.42413009024,0.0033591407976885177
2025-03-24 11:16:43,87660,87283.86150000004,0.00430937052435469
2025-03-24 11:17:17,87665,87298.56546504782,0.004197486327526043
2025-03-24 12:40:20,87389,87422.62150000005,-0.0003845858134104571
2025-03-24 12:40:56,87416,87378.80278106216,0.00042570071635159604
2025-03-24 13:29:18,87320,87440.88250000007,-0.001382448307289958
2025-03-24 13:29:52,87296,87351.30085839443,-0.0006330856879175784
2025-03-24 14:19:48,88650,87573.82400000005,0.012288786201684512
2025-03-24 14:20:22,88589,87585.35517789183,0.011459048377091071
2025-03-24 15:21:53,88348,87719.96750000004,0.007159515876473133
2025-03-24 15:22:29,88183,87726.17144288517,0.005207437525211639
2025-03-24 16:26:37,88012,87817.14150000006,0.002218911896602143
2025-03-24 16:27:12,87930,87870.6792237785,0.0006750918138510279
2025-03-24 17:18:15,88213,87913.76000000004,0.003403790259908818
2025-03-24 17:18:49,88228,87953.37278596754,0.0031224182238099836
2025-03-24 18:28:31,88283,88138.71250000002,0.0016370502348780813
2025-03-24 18:29:07,88300,88099.30169525715,0.0022780918904111566
2025-03-24 19:15:55,88477,88242.11500000003,0.00266182423211372
2025-03-24 19:16:31,88469,88221.66166630547,0.0028036009413433234
2025-03-24 20:19:55,88383,88286.28900000002,0.0010954249079376428
2025-03-24 20:20:31,88390,88237.26227100813,0.0017309889842542234
2025-03-24 21:18:14,87928,88225.80450000003,-0.003375480696240377
2025-03-24 21:18:51,87944,88121.24670364449,-0.0020113957788247716
2025-03-24 22:19:32,87551,88186.43850000003,-0.007205626066870052
2025-03-24 22:20:07,87570,88052.47605902953,-0.005479415010499947
2025-03-24 23:20:09,87276,87996.17950000006,-0.008184213270305173
2025-03-24 23:20:43,87268,87837.869960318,-0.006487747944883524
2025-03-25 01:37:25,86942,87561.44200000007,-0.007074369560977168
2025-03-25 01:38:00,86918,87525.96602287161,-0.006946121825296282
2025-03-25 02:59:54,86855,87304.50050000004,-0.005148652101847122
2025-03-25 03:00:30,86840,87276.76654664257,-0.005004385060589412
2025-03-25 03:36:18,86696,87172.98650000003,-0.005471723743226671
2025-03-25 03:36:53,86648,87171.77949358571,-0.006008590126627506
2025-03-25 04:23:58,86574,87053.80250000005,-0.005511562806231797
2025-03-25 04:24:33,86638,87010.72429520926,-0.004283659264169413
2025-03-25 05:20:13,86503,86865.72750000007,-0.004175726266726611
2025-03-25 05:20:48,86522,86828.6489420451,-0.0035316562653159903
2025-03-25 06:28:42,86732,86734.33450000004,-2.6915523287272823e-05
2025-03-25 06:29:16,86776,86800.86479030794,-0.00028645786384741585
2025-03-25 07:21:20,86590,86638.47950000004,-0.0005595608357836533
2025-03-25 07:21:56,86585,86724.56187891343,-0.0016092543552804627
2025-03-25 08:26:15,86633,86560.18350000004,0.0008412239560462245
2025-03-25 08:26:49,86619,86647.33069835427,-0.00032696562174430244
2025-03-25 09:21:42,86912,86605.45600000008,0.0035395460535410307
2025-03-25 09:22:17,86907,86682.13892732936,0.0025940877261825908
2025-03-25 10:22:14,86996,86720.1325000001,0.0031811240602048828
2025-03-25 10:22:49,86988,86811.1793438503,0.0020368419999149835
2025-03-25 11:17:07,87264,86819.76100000007,0.005116795933127808
2025-03-25 11:17:41,87276,86945.57371159727,0.003800380793377324
2025-03-25 12:39:23,87056,87013.90300000006,0.0004837962503524989
2025-03-25 12:39:58,87081,87078.5811403195,2.7777894963694847e-05
2025-03-25 13:29:25,87570,87143.04650000005,0.004899455747165608
2025-03-25 13:29:59,87673,87168.89476869453,0.005783086187373688
2025-03-25 14:20:12,87618,87307.52350000004,0.0035561253779001134
2025-03-25 14:20:46,87657,87297.87258431947,0.004113816351408283
2025-03-25 15:22:28,87872,87492.75800000003,0.00433455303809224
2025-03-25 15:23:02,87898,87541.77158846537,0.00406923923369131
2025-03-25 16:24:10,87922,87640.18850000005,0.0032155510482494267
2025-03-25 16:24:47,87970,87665.74796150933,0.0034705919422971542
2025-03-25 17:18:11,88095,87757.66150000005,0.0038439777705329375
2025-03-25 17:18:46,88108,87760.75522417517,0.003956720460504611
2025-03-25 18:27:45,87750,87865.48850000005,-0.001314378397839902
2025-03-25 18:28:19,87768,87798.76081954005,-0.0003503559646277777
2025-03-25 19:16:19,88097,87936.30350000005,0.0018274193206216265
2025-03-25 19:16:54,88041,87835.3287534439,0.002341554924140196
2025-03-25 20:21:54,88274,87953.81000000008,0.003640433541195256
2025-03-25 20:22:29,88262,87948.96919779471,0.0035592321895359
2025-03-25 21:18:29,88116,87977.91300000009,0.001569564397372237
2025-03-25 21:19:06,88132,87967.62153639733,0.001868624622693198
2025-03-25 22:19:41,87600,87925.69900000008,-0.0037042526099232975
2025-03-25 22:20:15,87577,87869.60313696002,-0.0033299699385685327
2025-03-25 23:18:26,87343,87809.34900000007,-0.005310926516492844
2025-03-25 23:19:01,87354,87700.14397346863,-0.003946903138190344
2025-03-26 01:36:44,87738,87631.45600000006,0.0012158191232145696
2025-03-26 01:37:19,87733,87664.98123553707,0.0007758943594612915
2025-03-26 02:58:57,87328,87544.67050000008,-0.002474970763640946
2025-03-26 02:59:31,87325,87607.9470866161,-0.0032296965746310136
2025-03-26 03:34:42,87183,87493.03850000008,-0.0035435790700088913
2025-03-26 03:35:17,87210,87504.91029853356,-0.003370214283146408
2025-03-26 04:23:40,87163,87465.9095000001,-0.003463172128794886
2025-03-26 04:24:14,87200,87422.9503083102,-0.002550249191132704
2025-03-26 05:19:22,87270,87446.27200000006,-0.00201577489775728
2025-03-26 05:19:56,87270,87387.61055618242,-0.0013458493193014972
2025-03-26 06:27:53,87575,87411.19400000006,0.0018739705122886039
2025-03-26 06:28:27,87587,87446.65415986952,0.0016049309316500777
2025-03-26 07:19:22,87834,87442.23400000004,0.0044802835206607305
2025-03-26 07:19:57,87828,87575.19618465251,0.0028867056696562153
2025-03-26 08:26:57,88084,87616.73400000005,0.00533306799589157
2025-03-26 08:27:31,88061,87761.37148873694,0.0034141274934554903
2025-03-26 09:21:42,87838,87761.92250000006,0.000866862277315554
2025-03-26 09:22:16,87866,87817.47422109725,0.00055257543368396
2025-03-26 10:21:09,88193,87910.34750000006,0.0032152358401260797
2025-03-26 10:21:43,88152,87894.66310059912,0.0029277875393451933
2025-03-26 11:16:39,88222,88034.88650000005,0.0021254471657659083
2025-03-26 11:17:14,88213,87993.92649677781,0.0024896434554515265
2025-03-26 12:39:30,87649,88011.28050000002,-0.004116296205916723
2025-03-26 12:40:05,87669,87936.42494595071,-0.0030411168763692866
2025-03-26 13:29:14,87490,87950.72450000004,-0.0052384389397501785
2025-03-26 13:29:50,87490,87862.44770815554,-0.004238986254886302
2025-03-26 14:19:35,86889,87837.69800000003,-0.01080057904067605
2025-03-26 14:20:09,86800,87678.37469364627,-0.01001814525777156
2025-03-26 15:22:21,86762,87581.76400000002,-0.009359985030674017
2025-03-26 15:22:57,86761,87365.94819761417,-0.0069243018601003285
2025-03-26 16:26:43,86870,87304.23750000003,-0.004973842191795465
2025-03-26 16:27:19,86890,87178.79492552874,-0.0033126739796694544
2025-03-26 17:18:06,86501,86980.02850000004,-0.005507338963450027
2025-03-26 17:18:40,86512,86967.76342065983,-0.005240601836054123
2025-03-26 18:28:13,86630,86779.74750000003,-0.001725604237325382
2025-03-26 18:28:48,86652,86871.02544970853,-0.002521271604366229
2025-03-26 19:16:23,85866,86593.99299999999,-0.008406968829812338
2025-03-26 19:16:57,86034,86632.52508316048,-0.006908780306079518
2025-03-26 20:21:58,87196,86622.1615,0.006624615341652471
2025-03-26 20:22:33,87212,86695.25201969629,0.005960510734616853
2025-03-26 21:18:52,87121,86700.96899999997,0.004844594066763336
2025-03-26 21:19:27,87074,86868.07826856768,0.0023705109579571348
2025-03-26 22:18:42,86924,86772.90749999999,0.0017412404902995028
2025-03-26 22:19:18,86933,86913.57336159862,0.00022351673795014779
2025-03-26 23:19:11,86702,86790.00699999998,-0.001014022271020018
2025-03-26 23:19:48,86629,86850.95637703253,-0.0025556008395461807
2025-03-27 01:36:46,87188,87030.96250000001,0.0018043865710435094
2025-03-27 01:37:20,87216,87035.06093590287,0.0020789215535837674
2025-03-27 02:58:55,87579,87136.159,0.005082172602994818
2025-03-27 02:59:30,87579,87245.93464520536,0.003817545839231215
2025-03-27 03:37:50,87661,87241.89299999998,0.004803964994203166
2025-03-27 03:38:24,87651,87333.01768995807,0.003641031976826947
2025-03-27 04:23:29,87486,87362.36199999998,0.0014152318821235724
2025-03-27 04:24:04,87510,87387.91058398435,0.0013970973238719504
2025-03-27 05:19:38,87370,87467.691,-0.0011168809749420065
2025-03-27 05:20:13,87375,87414.74140291437,-0.00045463044649634215
2025-03-27 06:28:13,87516,87501.08300000001,0.00017047788997065014
2025-03-27 06:28:48,87503,87418.19326600234,0.0009701268217657975
2025-03-27 07:19:43,87314,87481.56950000001,-0.0019154834664919028
2025-03-27 07:20:18,87320,87396.25411145626,-0.0008725100661524469
2025-03-27 08:26:06,87367,87435.61049999998,-0.0007846974431542477
2025-03-27 08:26:40,87361,87384.57673968912,-0.0002698043587182434
2025-03-27 09:22:01,87461,87414.84049999998,0.00052805106931498
2025-03-27 09:22:35,87485,87413.95001288988,0.0008127991825062618
2025-03-27 10:21:00,87447,87410.14299999997,0.0004216558712188896
2025-03-27 10:21:35,87478,87429.16643514107,0.0005585500451403049
2025-03-27 11:16:37,87222,87385.37250000001,-0.0018695634672726514
2025-03-27 11:17:12,87238,87369.55754020157,-0.0015057594876915058
2025-03-27 12:39:50,87021,87273.494,-0.0028931349992702944
2025-03-27 12:40:25,87029,87198.23416168451,-0.0019407980369271112
2025-03-27 13:28:41,86270,87146.98249999998,-0.01006325721031114
2025-03-27 13:29:16,86376,87029.53035892907,-0.007509294330714719
2025-03-27 14:19:43,86555,86924.23549999998,-0.004247785417681134
2025-03-27 14:20:17,86627,86810.27669061709,-0.0021112326512938854
2025-03-27 15:21:53,87398,86889.66900000001,0.005850304251935762
2025-03-27 15:22:29,87418,86974.96232812459,0.005093852989599397
2025-03-27 16:26:12,87028,86843.78449999998,0.0021212283764535885
2025-03-27 16:26:47,87030,86976.54055451961,0.0006146421223419226
2025-03-27 17:17:59,86946,86848.37149999995,0.0011241258565228235
2025-03-27 17:18:36,86980,86972.56517205545,8.548474947067202e-05
2025-03-27 18:27:49,87109,86917.204,0.002206651746413772
2025-03-27 18:28:23,87036,86979.8480066179,0.0006455747471279101
2025-03-27 19:16:26,87332,87102.06699999998,0.002639811062118872
2025-03-27 19:17:02,87291,87086.575060171,0.0023473760414593594
2025-03-27 20:21:09,87043,87071.93549999999,-0.0003323171792820928
2025-03-27 20:21:44,87128,87098.17031563801,0.00034248347874460823
2025-03-27 21:19:11,87321,87145.788,0.0020105618873972374
2025-03-27 21:19:48,87331,87173.94661583773,0.0018016091992987032
2025-03-27 22:19:01,87481,87264.00149999998,0.0024866897720707444
2025-03-27 22:19:35,87491,87288.17362879963,0.0023236409099691387
2025-03-27 23:20:11,87236,87310.53849999997,-0.000853717103118841
2025-03-27 23:20:46,87209,87276.32112408451,-0.0007713561160397535
2025-04-01 07:20:25,83467,83153.11950000004,0.0037747291008120927
2025-04-01 07:20:59,83448,83147.51901716918,0.003613829809747832
2025-04-01 08:27:27,83749,83259.96500000001,0.005873591227188108
2025-04-01 08:28:02,83846,83313.32512736745,0.006393633573239395
2025-04-01 09:22:46,84267,83450.90199999999,0.009779379017377342
2025-04-01 09:23:22,84287,83550.82252230746,0.008811133816139164
2025-04-01 10:22:12,84484,83699.6055,0.009371543573165286
2025-04-01 10:22:47,84486,83816.49522599031,0.007987744801360873
2025-04-01 11:17:47,84143,83907.1485,0.002810863010080772
2025-04-01 11:18:21,84150,83928.05307059544,0.0026444903853288094
2025-04-01 12:41:10,83784,84068.86899999998,-0.0033885194768110537
2025-04-01 12:41:45,83770,83950.1515836125,-0.0021459351795580332
2025-04-01 13:30:22,83672,84049.45449999996,-0.004490861984118691
2025-04-01 13:30:58,83532,83844.78044565179,-0.0037304700899602914
2025-04-01 14:20:17,82760,83886.50949999997,-0.013428970959865382
2025-04-01 14:20:53,82682,83638.11495791993,-0.011431569905670012
2025-04-01 15:21:29,84730,83873.77249999993,0.01020852495933776
2025-04-01 15:22:03,84814,83807.8608702463,0.0120053073698115
2025-04-01 16:24:54,85022,84109.17199999996,0.010852894854321454
2025-04-01 16:25:29,85042,84331.96204565202,0.008419559288370517
2025-04-01 17:18:40,85040,84312.87799999995,0.008624091802441463
2025-04-01 17:19:15,84958,84562.72651518161,0.004674322850120333
2025-04-01 18:27:17,84900,84579.00949999996,0.0037951555817172782
2025-04-01 18:27:52,84883,84706.65977858641,0.002081775174165988
2025-04-01 19:16:26,85150,84948.12549999997,0.0023764444337271992
2025-04-01 19:17:01,85185,84851.90823982764,0.0039255659310678545
2025-04-01 20:22:41,85035,85065.35549999998,-0.00035684915229650723
2025-04-01 20:23:16,84986,84880.44286153407,0.0012435978761105536
2025-04-01 21:18:50,85216,85066.71149999998,0.0017549579308708113
2025-04-01 21:19:25,85228,84987.99087442197,0.002824035762095669
2025-04-01 22:19:06,85352,85113.04849999995,0.002807460245065173
2025-04-01 22:19:42,85342,85094.56219742763,0.0029077980564526694
2025-04-01 23:19:14,85208,85135.38149999999,0.0008529767379971325
2025-04-01 23:19:49,85194,85101.0354667209,0.00109240190520891
2025-04-02 01:38:48,85097,85155.54349999997,-0.0006874890065139527
2025-04-02 01:39:24,85089,85068.81077254788,0.00023732819665369612
2025-04-02 03:01:28,84756,85017.25499999998,-0.003072964423515857
2025-04-02 03:02:03,84768,84950.75668896546,-0.002151325027446098
2025-04-02 04:23:48,84637,84885.37999999996,-0.0029260633574351804
2025-04-02 04:24:23,84657,84831.85484565173,-0.0020611932389062175
2025-04-02 05:20:57,84271,84741.63999999994,-0.005553822182340837
2025-04-02 05:21:31,84295,84695.30078804711,-0.004726363615484154
2025-04-02 06:28:33,84085,84567.29299999998,-0.005703067733289939
2025-04-02 06:29:07,84046,84491.31007447679,-0.0052704837229326715
2025-04-02 07:20:01,84219,84410.35849999996,-0.0022670025740970942
2025-04-02 07:20:36,84194,84388.148105655,-0.0023006560756840006
2025-04-02 08:27:39,84536,84339.36599999995,0.0023314616806587004
2025-04-02 08:28:14,84564,84389.37748825958,0.002069247539652944
2025-04-02 09:22:17,85086,84406.19049999994,0.008054024189138849
2025-04-02 09:22:51,85099,84576.40217989638,0.00617900273166077
2025-04-02 10:21:53,85274,84541.54949999994,0.008663793180181362
2025-04-02 10:22:28,85267,84756.7086097116,0.006020660767257929
2025-04-02 11:16:53,84923,84697.73199999993,0.00265966980084035
2025-04-02 11:17:28,84930,84798.74075485667,0.0015478914424305599
2025-04-02 12:40:33,84800,84817.16699999996,-0.00020240006365642503
2025-04-02 12:41:04,84803,84756.19248181875,0.0005522607470986421
2025-04-02 13:29:39,84631,84887.00199999996,-0.0030157974008784543
2025-04-02 13:30:14,84629,84772.95829460757,-0.0016981629225121093
2025-04-02 14:19:41,85584,84988.66099999996,0.007004922691981658
2025-04-02 14:20:16,85659,85004.03171485633,0.007705143767071418
2025-04-02 15:21:40,86535,85190.25250000002,0.01578522730637502
2025-04-02 15:22:15,86416,85351.02160959966,0.01247762909355218
2025-04-02 16:27:01,86880,85595.16299999997,0.015010626242980916
2025-04-02 16:27:38,86930,85879.15377425225,0.012236336521317814
2025-04-02 17:17:43,87142,86091.475,0.012202427708434478
2025-04-02 17:18:20,87128,86292.36335732165,0.009683784406484777
2025-04-02 18:28:19,86420,86404.57999999999,0.00017846276204354917
2025-04-02 18:28:54,86364,86338.92926825263,0.00029037575471288913
2025-04-02 19:16:30,86280,86576.13949999999,-0.003420567164466721
2025-04-02 19:17:04,86332,86339.31872429866,-8.476699152596861e-05
2025-04-02 20:22:04,87490,86735.8135,0.008695214462939188
2025-04-02 20:22:39,87522,86516.615259793,0.01162071282132357
2025-04-02 21:18:34,84592,86393.53049999996,-0.020852608865196975
2025-04-02 21:19:10,84370,86037.6799458633,-0.019383134772028278
2025-04-02 22:19:09,83414,85828.36199999996,-0.028130118573158433
2025-04-02 22:19:43,83424,85428.21649793722,-0.023460825709566487
2025-04-02 23:18:39,82552,85073.64299999997,-0.02964070787470531
2025-04-02 23:19:14,82536,84522.85006863473,-0.023506662009401623
2025-04-03 01:37:23,83513,83515.45449999996,-2.9389770009135815e-05
2025-04-03 01:38:00,83560,83716.05420814012,-0.001864089386632222
2025-04-03 03:00:14,83768,83220.53450000001,0.006578490552713178
2025-04-03 03:00:49,83777,83697.10551643194,0.0009545668643508123
2025-04-03 03:38:58,83493,83251.6135,0.0028994813415837667
2025-04-03 03:39:33,83474,83647.17550805207,-0.00207030909292803
2025-04-03 04:25:10,83350,83341.6085,0.00010068800148005188
2025-04-03 04:25:45,83335,83586.3762334846,-0.0030073828393088657
2025-04-03 05:19:29,83569,83517.70300000001,0.0006142051105020379
2025-04-03 05:20:04,83553,83587.51021717212,-0.0004128633223128717
2025-04-03 06:28:59,83264,83523.14550000001,-0.003102678885579246
2025-04-03 06:29:34,83278,83508.84084260743,-0.0027642683131299402
2025-04-03 07:19:53,83035,83415.3775,-0.004560040503323291
2025-04-03 07:20:28,83025,83374.81847351431,-0.004195732955334011
2025-04-03 08:27:17,83586,83418.013,0.002013797667417392
2025-04-03 08:27:51,83612,83447.98334690162,0.0019654957078657086
2025-04-03 09:21:35,83609,83467.9675,0.0016896601681357722
2025-04-03 09:22:09,83647,83516.29644645487,0.001565006580828535
2025-04-03 10:21:25,83540,83468.271,0.0008593564852925567
2025-04-03 10:22:01,83490,83537.61473271287,-0.0005699795578940007
2025-04-03 11:18:06,83272,83443.109,-0.0020506067193636892
2025-04-03 11:18:41,83254,83444.18542462085,-0.0022791932553845443
2025-04-03 12:40:14,82437,83343.11800000002,-0.010872139436876078
2025-04-03 12:40:48,82466,83191.11560112414,-0.008716262498520236
2025-04-03 13:29:05,82017,83095.877,-0.012983520229288791
2025-04-03 13:29:40,82020,82866.61560867299,-0.010216606560487807
2025-04-03 14:19:42,81911,82786.441,-0.010574690606641806
2025-04-03 14:20:17,81934,82608.62108656847,-0.008166473156131135
2025-04-03 15:19:36,81814,82436.8665,-0.0075556789873861075
2025-04-03 15:20:12,81829,82327.93255389537,-0.006060307096485732
2025-04-03 16:24:46,82172,82191.79350000001,-0.00024082087952022018
2025-04-03 16:25:20,82230,82244.73154399123,-0.0001791183911075795
2025-04-03 17:17:48,81810,81978.71450000002,-0.002058028123873745
2025-04-03 17:18:22,81804,82128.48046485493,-0.003950888449638207
2025-04-03 18:27:38,81601,81934.411,-0.004069242653126448
2025-04-03 18:28:12,81633,82017.53320216313,-0.004688426817413612
2025-04-03 19:16:37,82130,81923.64499999997,0.0025188698574144875
2025-04-03 19:17:12,82016,82050.87674549701,-0.0004250624354104974
2025-04-03 20:22:17,82049,81998.94099999996,0.0006104834939275315
2025-04-03 20:22:52,82020,82055.70963850502,-0.00043518773601913466
2025-04-03 21:18:42,82574,82041.45049999995,0.006491224822994229
2025-04-03 21:19:18,82524,82154.51292592226,0.004497465335968854
2025-04-03 22:18:25,82795,82209.60399999996,0.007120773869681178
2025-04-03 22:19:01,82823,82342.49772854814,0.005835410446691687
2025-04-03 23:20:31,82554,82370.95499999996,0.002222203202573553
2025-04-03 23:21:05,82577,82436.35069425672,0.0017061563807564406
2025-04-04 01:37:12,82990,82864.95499999997,0.001509021515790691
2025-04-04 01:37:46,82973,82859.84107537734,0.0013656666867092422
2025-04-04 03:00:07,82911,82961.43749999999,-0.0006079631877158042
2025-04-04 03:00:41,82934,82883.46700734393,0.0006096872450037436
2025-04-04 03:36:29,82803,82973.46199999997,-0.002054415904689749
2025-04-04 03:37:05,82780,82876.3556789412,-0.0011626437739911365
2025-04-04 04:23:58,82634,82974.46349999995,-0.004103232315566036
2025-04-04 04:24:32,82709,82840.03282099027,-0.001581757231716885
2025-04-04 05:20:13,82897,82917.71599999997,-0.0002498380442603032
2025-04-04 05:20:47,82932,82839.53024471478,0.001116251565068664
2025-04-04 06:28:30,83259,82933.07349999998,0.003929994226007022
2025-04-04 06:29:05,83254,82974.57336300718,0.003367617640772353
2025-04-04 07:19:26,83473,83009.82149999996,0.00557980358986844
2025-04-04 07:20:00,83466,83080.23128873887,0.0046433273629249055
2025-04-04 08:26:53,84483,83253.90499999998,0.014763211407320965
2025-04-04 08:27:28,84493,83440.20899510432,0.012617310258144896
2025-04-04 09:21:20,84511,83584.81650000002,0.011080762497097597
2025-04-04 09:21:55,84487,83768.4108949487,0.008578282641083661
2025-04-04 10:21:33,83428,83813.88500000001,-0.004604070077410315
2025-04-04 10:22:08,83401,83831.84341552106,-0.005139376613556462
2025-04-04 11:17:58,82209,83632.65900000001,-0.017022763798530117
2025-04-04 11:18:33,82269,83335.66499068867,-0.012799621756277527
2025-04-04 12:39:24,82462,83366.81100000002,-0.010853371853218854
2025-04-04 12:39:58,82522,82951.02519348507,-0.0051720300319900445
2025-04-04 13:28:17,82624,83174.6245,-0.006620102024025433
2025-04-04 13:28:52,82705,82943.57492291997,-0.0028763520639384205
2025-04-04 14:19:01,82845,82865.94649999998,-0.000252775728567541
2025-04-04 14:19:37,82933,82934.34808942453,-1.6254898670884535e-05
2025-04-04 15:20:44,83432,82662.20499999999,0.009312538904569663
2025-04-04 15:21:19,83612,82954.92630834538,0.00792085197221751
2025-04-04 16:24:43,82813,82786.524,0.00031981050442454994
2025-04-04 16:25:18,82877,82952.33400858293,-0.0009081602040893897
2025-04-04 17:17:51,83071,82949.59200000003,0.0014636358910597976
2025-04-04 17:18:26,83024,83022.48912634708,1.8198366115265018e-05
2025-04-04 18:27:22,83758,83229.3285,0.006351985646501962
2025-04-04 18:27:58,83795,83417.14294085499,0.004529729091931649
2025-04-04 19:17:17,84178,83491.21900000001,0.008225787193261462
2025-04-04 19:17:52,84125,83640.62340233954,0.005791164364359748
2025-04-04 20:21:21,83613,83702.31950000003,-0.0010671090184069137
2025-04-04 20:21:55,83610,83739.23385885954,-0.0015432892433356316
2025-04-04 21:18:20,84192,83933.14300000001,0.0030840856275332023
2025-04-04 21:18:54,84189,83884.39373122485,0.0036312626845840692
2025-04-04 22:18:41,84117,84113.4575,4.211573397747828e-05
2025-04-04 22:19:16,84117,83983.00060474168,0.001595553794141902
2025-04-04 23:18:46,83856,84076.18250000001,-0.0026188451170461964
2025-04-04 23:19:21,83860,83972.182522935,-0.0013359486387574482
2025-04-05 01:28:11,84266,83989.09000000003,0.0032969758334085333
2025-04-05 01:28:46,84232,83906.97485574347,0.003873636784252232
2025-04-05 02:57:52,83940,83924.10150000002,0.00018943902545064646
2025-04-05 02:58:26,83960,83936.17159574848,0.0002838871942632432
2025-04-05 03:33:46,83780,83875.80350000001,-0.0011422066436598615
2025-04-05 03:34:21,83818,83900.04256559775,-0.0009778608340228153
2025-04-05 04:23:27,83755,83852.62150000004,-0.0011642033159337474
2025-04-05 04:23:58,83747,83848.96640343341,-0.001216072276225906
2025-04-05 05:19:50,83811,83843.86650000003,-0.00039199647358859356
2025-04-05 05:20:25,83812,83820.30779485586,-9.911434441635111e-05
2025-04-05 06:26:14,83652,83808.16050000003,-0.001863309003185044
2025-04-05 06:26:49,83652,83776.39861301708,-0.0014848885256062154
2025-04-05 07:17:48,83389,83698.38600000007,-0.00369643925989291
2025-04-05 07:18:22,83389,83652.86306686513,-0.003154262235522305
2025-04-05 08:23:03,83619,83627.56550000006,-0.00010242436149902241
2025-04-05 08:23:37,83598,83620.72259207486,-0.0002717339837603139
2025-04-05 09:18:41,83705,83596.53100000005,0.001297529917837782
2025-04-05 09:19:16,83691,83617.79183181748,0.0008755094648967464
2025-04-05 10:19:39,83759,83607.96050000006,0.0018065205645094121
2025-04-05 10:20:13,83750,83676.78220708547,0.000875007271829887
2025-04-05 11:15:27,83598,83595.00100000008,3.58753509665416e-05
2025-04-05 11:16:02,83622,83655.73350738424,-0.0004032420250222643
2025-04-05 12:35:35,83394,83602.19750000007,-0.00249033525703756
2025-04-05 12:36:10,83422,83581.30086663655,-0.0019059390675281794
2025-04-05 13:23:32,82795,83522.58950000006,-0.008711290015739509
2025-04-05 13:24:07,82720,83425.75700901095,-0.008459701587541137
2025-04-05 14:16:38,82684,83344.18150000006,-0.007921146840947304
2025-04-05 14:17:13,82713,83198.88353555839,-0.005840024708393173
2025-04-05 15:18:34,82760,83159.47450000004,-0.004803716021558555
2025-04-05 15:19:09,82735,83083.75608230739,-0.004197644626970043
2025-04-05 16:22:51,82632,82948.73450000004,-0.003818436796043403
2025-04-05 16:23:26,82634,82918.80771397921,-0.003434778210531353
2025-04-05 17:15:38,82796,82811.13550000005,-0.0001827713134068498
2025-04-05 17:16:13,82816,82874.41059197194,-0.0007048085356470979
2025-04-05 18:24:39,82977,82785.11950000003,0.0023178138916616544
2025-04-05 18:25:14,83007,82907.98092224564,0.0011943250414845489
2025-04-05 19:14:17,83097,82830.44800000003,0.0032180436836459804
2025-04-05 19:14:51,83050,82939.80776743917,0.0013285807566591895
2025-04-05 20:19:31,83017,82865.69150000003,0.0018259486798582985
2025-04-05 20:20:06,83017,82945.51894111304,0.0008617832500114494
2025-04-05 21:18:32,83072,82962.68150000002,0.0013176828186294747
2025-04-05 21:19:07,83072,82992.4698288707,0.0009582817729522889
2025-04-05 22:17:29,83058,83011.062,0.0005654427117194892
2025-04-05 22:18:03,83046,83003.83564216783,0.000507980836137973
2025-04-05 23:19:43,83236,83052.94550000002,0.0022040699327151953
2025-04-05 23:20:17,83238,83063.4461435899,0.0021014521370610294
2025-04-06 01:42:19,83543,83283.15599999999,0.0031200066433602963
2025-04-06 01:42:54,83535,83336.6831096874,0.0023797070259153736
2025-04-06 03:04:33,83237,83368.75900000003,-0.001580436143952131
2025-04-06 03:05:10,83243,83338.71972641232,-0.0011485624776401266
2025-04-06 04:25:04,83409,83424.6515,-0.0001876124109431517
2025-04-06 04:25:38,83416,83344.17379929578,0.0008618023003886105
2025-04-06 05:18:45,83487,83426.68400000004,0.0007229821096564558
2025-04-06 05:19:19,83498,83387.74280020459,0.0013222231000973544
2025-04-06 06:27:33,83411,83397.80600000003,0.00015820560075614022
2025-04-06 06:28:08,83411,83397.42546703783,0.00016276920883530856
2025-04-06 07:17:28,83170,83345.46350000004,-0.0021052555547914327
2025-04-06 07:18:03,83170,83321.67595227607,-0.0018203660757249345
2025-04-06 08:24:10,82866,83267.67750000003,-0.004823930630226046
2025-04-06 08:24:46,82866,83194.13149949229,-0.003944166416284895
2025-04-06 09:18:41,82994,83193.19950000002,-0.0023944204718321592
2025-04-06 09:19:17,82999,83122.4079979736,-0.0014846537888628835
2025-04-06 10:20:19,82791,83095.6865,-0.003666694540155176
2025-04-06 10:20:53,82759,83072.60981264719,-0.0037751289306363744
2025-04-06 11:15:08,82756,82974.214,-0.00262990138116894
2025-04-06 11:15:43,82750,82984.11551670588,-0.0028212087969865063
2025-04-06 12:35:42,82730,82898.1255,-0.0020280977282169624
2025-04-06 12:36:18,82727,82917.89073489935,-0.0023021658318547705
2025-04-06 13:24:37,82616,82869.7595,-0.003062148382366189
2025-04-06 13:25:12,82598,82862.9095753527,-0.0031969620269224003
2025-04-06 14:17:34,82552,82761.69499999999,-0.002533720460896704
2025-04-06 14:18:10,82488,82735.54262996928,-0.002991974453789463
2025-04-06 15:18:33,82616,82678.61999999998,-0.0007573904837790084
2025-04-06 15:19:09,82607,82684.68161249795,-0.0009394921886741663
2025-04-06 16:22:14,82331,82607.61750000001,-0.0033485713348409734
2025-04-06 16:22:48,82326,82604.05668206768,-0.003366138337949673
2025-04-06 17:16:18,81706,82419.01450000002,-0.008651092279197529
2025-04-06 17:16:52,81771,82366.35173930772,-0.007228094078902855
2025-04-06 18:25:07,80107,81988.67850000002,-0.022950467484361553
2025-04-06 18:25:43,80190,81762.26940724652,-0.0192297672098027
2025-04-06 19:14:42,79333,81480.61950000002,-0.026357427240719676
2025-04-06 19:15:18,79400,80910.29449045389,-0.018666283443475533
2025-04-06 20:20:10,79662,80737.40950000004,-0.01331984152897595
2025-04-06 20:20:45,79619,80469.69729568376,-0.0105716477664616
2025-04-06 21:17:49,79469,80069.10550000005,-0.007494844562738976
2025-04-06 21:18:25,79535,80048.03084373941,-0.006409037653167164
2025-04-06 22:18:08,78758,79467.90200000003,-0.00893319166775072
2025-04-06 22:18:43,78735,79652.50393638313,-0.011518833571332838
2025-04-06 23:17:57,77504,78961.26950000002,-0.0184554973498751
2025-04-06 23:18:31,77372,79066.62989811006,-0.021432934479360708
2025-04-07 01:40:25,78856,78524.6775,0.004219342384436978
2025-04-07 01:41:01,78893,78721.5561404679,0.0021778515051986383
2025-04-07 03:04:45,78360,78409.976,-0.0006373678777812036
2025-04-07 03:05:19,78417,78680.58334593488,-0.0033500431075349666
2025-04-07 04:24:39,77449,78280.823,-0.010626140197836243
2025-04-07 04:25:15,77400,78244.1660652346,-0.0107888690963975
2025-04-07 05:20:44,77426,78069.10650000002,-0.008237656722765533
2025-04-07 05:21:18,77474,77858.38127979603,-0.004936928734938557
2025-04-07 06:29:55,75791,77676.45050000004,-0.02427312895817806
2025-04-07 06:30:30,75850,77286.15953432515,-0.01858236381492486
2025-04-07 07:20:49,75298,76907.50050000004,-0.020927744232177165
2025-04-07 07:21:24,75100,76644.84426439939,-0.02015587974933042
2025-04-07 08:27:48,76206,76340.61500000003,-0.0017633470728528227
2025-04-07 08:28:23,76277,76292.88513348019,-0.00020821251486813298
2025-04-07 09:23:09,75868,76089.42649999997,-0.002910082388385098
2025-04-07 09:23:44,75886,76261.21425965853,-0.004920119136589954
2025-04-07 10:23:20,77274,76064.16200000001,0.01590549304940727
2025-04-07 10:23:55,77292,76475.96461075092,0.010670481809579746
2025-04-07 11:17:29,77015,76152.02800000002,0.01133222610959198
2025-04-07 11:18:07,76968,76675.11001785495,0.003819883428622965
2025-04-07 12:41:07,77016,76617.93100000004,0.005195507041295063
2025-04-07 12:41:42,76946,76777.8963483471,0.0021894797806154974
2025-04-07 13:30:20,76872,76844.50350000004,0.00035781999684550913
2025-04-07 13:30:55,76652,76841.08346999527,-0.00246070801525204
2025-04-07 14:20:12,80303,77288.56800000004,0.0390023010906342
2025-04-07 14:20:47,80000,77438.1905272733,0.033081990362680884
2025-04-07 15:21:48,78584,77536.51100000003,0.013509622582836774
2025-04-07 15:22:24,78310,77663.22346264716,0.008327964105995565
2025-04-07 16:24:18,77758,77750.29100000003,9.915075430358781e-05
2025-04-07 16:24:53,77965,77878.45084356757,0.0011113363901688541
2025-04-07 17:17:53,78271,77997.88250000004,0.0035016014697573845
2025-04-07 17:18:28,78364,77942.59468102669,0.005406611374664575
2025-04-07 18:27:54,78739,78371.66350000001,0.004687108625683188
2025-04-07 18:28:30,78697,78260.04656420783,0.005583352617017302
2025-04-07 19:16:17,78230,78455.79150000002,-0.0028779456007402733
2025-04-07 19:16:52,78226,78337.15974937368,-0.0014189913156069708
2025-04-07 20:22:16,78627,78435.65650000001,0.0024394963787928276
2025-04-07 20:22:51,78594,78318.21129279639,0.0035213866947568654
2025-04-07 21:19:28,79220,78557.65750000004,0.008431291373472469
2025-04-07 21:20:03,79227,78580.44181344165,0.0082279785101406
2025-04-07 22:19:20,79687,78813.7065,0.011080477480144901
2025-04-07 22:19:54,79662,78835.88377293809,0.01047893658985643
2025-04-07 23:19:54,79759,79016.87950000001,0.009391923658539185
2025-04-07 23:20:30,79820,79186.19347408751,0.008004002946800173
2025-04-08 01:38:10,80366,79466.66350000005,0.011317154393929552
2025-04-08 01:38:46,80416,79383.45681975421,0.013007032215669978
2025-04-08 03:00:49,79926,79813.52000000003,0.0014092850434358336
2025-04-08 03:01:25,79967,79782.47119393111,0.0023128991031168707
2025-04-08 04:24:07,80155,79853.05150000003,0.003781301958134554
2025-04-08 04:24:41,80151,79881.69123179531,0.003371345349001535
2025-04-08 05:19:31,79662,79998.09700000002,-0.004201312438719927
2025-04-08 05:20:09,79692,79929.99259942268,-0.002977513092180602
2025-04-08 06:29:25,79372,80051.61250000003,-0.00848967908048113
2025-04-08 06:30:02,79410,79773.39498194531,-0.004555340562195668
2025-04-08 07:19:56,79505,79841.30750000004,-0.004212199305479045
2025-04-08 07:20:31,79450,79704.74405070119,-0.0031960964649625696
2025-04-08 08:27:33,78998,79682.05200000004,-0.008584768876183552
2025-04-08 08:28:08,78974,79554.91290241844,-0.007302036809857122
2025-04-08 09:22:52,79077,79501.51000000001,-0.005339647007962607
2025-04-08 09:23:26,79080,79412.46924322327,-0.004186612586053557
2025-04-08 10:22:08,78938,79288.209,-0.004416911472927867
2025-04-08 10:22:44,79020,79258.78027326654,-0.0030126665139595023
2025-04-08 11:17:24,79226,79187.9995,0.0004798770045958118
2025-04-08 11:18:00,79307,79220.82499161012,0.0010877822643100082
2025-04-08 12:40:37,79692,79271.72550000002,0.005301694864709169
2025-04-08 12:41:12,79638,79454.19504324299,0.0023133448983653597
2025-04-08 13:30:00,80153,79402.8115,0.009447883341007438
2025-04-08 13:30:35,80135,79671.51002871864,0.0058175120706798825
2025-04-08 14:21:05,79965,79564.95250000004,0.005027936138087391
2025-04-08 14:21:40,79986,79707.37672578094,0.003495577017640615
2025-04-08 15:22:46,78465,79465.85700000003,-0.012594805338851782
2025-04-08 15:23:21,78428,79289.53001182643,-0.010865621371420995
2025-04-08 16:26:24,77925,79281.01650000003,-0.01710392424143586
2025-04-08 16:26:58,77936,78948.96448632286,-0.012830624098918317
2025-04-08 17:18:38,77138,78774.91400000002,-0.020779635506806372
2025-04-08 17:19:12,77059,78399.2085371698,-0.017094669221493473
2025-04-08 18:27:34,77562,78231.27150000003,-0.00855503799398213
2025-04-08 18:28:10,77510,78016.30929842393,-0.006489787878675801
2025-04-08 19:17:27,76642,77673.87900000003,-0.013284762049800931
2025-04-08 19:18:03,76562,77668.33059867965,-0.014244294812980764
2025-04-08 20:22:47,76724,77325.33050000004,-0.0077766301949403205
2025-04-08 20:23:22,76762,77388.16908163665,-0.008091276600381921
2025-04-08 21:19:04,77036,77067.66200000004,-0.0004108337943356873
2025-04-08 21:19:38,77028,77277.74294345987,-0.003231757734469527
2025-04-08 22:19:13,76741,77013.53500000003,-0.00353879353804539
2025-04-08 22:19:49,76779,77145.54293084505,-0.004751317016118894
2025-04-08 23:19:01,76409,76862.59450000006,-0.005901368577924654
2025-04-08 23:19:37,76480,76956.12283497001,-0.006186938965091068
2025-04-09 01:38:17,75534,76476.82700000005,-0.012328270366133886
2025-04-09 01:38:52,75594,76370.88138899913,-0.010172481643128384
2025-04-09 03:02:07,75780,76137.56150000005,-0.004696256262423825
2025-04-09 03:02:43,75832,76126.29661626834,-0.0038658995557318684
2025-04-09 04:24:19,75708,75861.10600000009,-0.0020182410733648793
2025-04-09 04:24:53,75667,75870.24250254707,-0.002678817094070179
2025-04-09 05:19:44,76457,75854.7305000001,0.007939775094183376
2025-04-09 05:20:20,76507,76074.89034721795,0.005680056202642301
2025-04-09 06:29:38,76980,76080.81000000011,0.011818880477217377
2025-04-09 06:30:12,76904,76405.63075473446,0.006522676932873254
2025-04-09 07:22:19,76935,76150.0255000001,0.010308263127238135
2025-04-09 07:24:51,76935,76405.19646902019,0.006934129554848174
2025-04-09 08:28:39,77391,76757.74050000009,0.008250106059334981
2025-04-09 08:29:15,77335,76978.66717901824,0.004628981431350108
2025-04-09 09:22:42,77374,77123.90650000007,0.0032427493801799275
2025-04-09 09:23:17,77347,77086.28391342267,0.0033821332841799602
2025-04-09 10:24:11,77250,77296.60000000008,-0.0006028725713689675
2025-04-09 10:24:46,77261,77187.26727283785,0.0009552446895356477
2025-04-09 11:17:21,76429,77273.70600000006,-0.010931350956560348
2025-04-09 11:17:55,76478,77059.6418744879,-0.007547944168171233
2025-04-09 12:40:44,76207,76992.65750000006,-0.010204317210378908
2025-04-09 12:41:19,76295,76750.08376860898,-0.0059294237382332415
2025-04-09 13:31:11,76820,76909.79550000008,-0.001167543086238997
2025-04-09 13:31:45,76820,76790.68920340118,0.0003816972721937532
2025-04-09 14:20:59,76820,76908.69750000008,-0.0011532830860915566
2025-04-09 14:21:33,76820,76946.8110893206,-0.0016480356693846549
2025-04-09 15:24:59,77468,76940.80950000009,0.006851896976726103
2025-04-09 15:25:34,77412,77037.72454155576,0.0048583399973392595
2025-04-09 16:26:59,77616,77040.59150000008,0.007468900339373914
2025-04-09 16:27:35,77670,77233.23695034208,0.005655117756345544
2025-04-09 17:17:59,78404,77437.25800000009,0.012484197206465006
2025-04-09 17:18:34,78295,77556.36192114158,0.009523887667777143
2025-04-09 18:28:18,82713,78618.87250000004,0.05207563234896248
2025-04-09 18:28:52,82782,79215.31582871405,0.04502518400605922
2025-04-09 19:16:43,82242,79537.37300000005,0.03400447988142565
2025-04-09 19:17:21,82200,80159.38238645188,0.02545700269633086
2025-04-09 20:20:44,82235,80541.66750000003,0.02102430397284703
2025-04-09 20:21:18,82260,80868.93127441277,0.0172015223110457
2025-04-09 21:17:09,83464,81693.61350000004,0.021671051434148686
2025-04-09 21:17:43,83404,81635.93579655523,0.021657915551442395
2025-04-09 22:18:50,83462,82565.54350000006,0.010857513461410707
2025-04-09 22:19:24,83452,82172.92525541373,0.01556564696474642
2025-04-09 23:18:43,82962,82761.57050000009,0.00242177013786744
2025-04-09 23:19:19,82936,82439.52697195935,0.006022269247244947
2025-04-10 01:37:51,82360,82844.64550000007,-0.0058500521919678085
2025-04-10 01:38:25,82426,82433.33164556259,-8.894030383381512e-05
2025-04-10 03:01:23,82159,82562.94850000009,-0.004892612332032758
2025-04-10 03:01:57,82137,82370.59222776121,-0.0028358692276402564
2025-04-10 04:26:47,81838,82212.48850000006,-0.004555129115208143
2025-04-10 04:27:05,81787,82097.25902202941,-0.003779164197749343
2025-04-10 05:20:22,82107,82093.70750000005,0.000161918622081385
2025-04-10 05:20:58,82101,82064.84664798634,0.00044054614722837917
2025-04-10 06:29:18,82082,82060.16500000002,0.0002660852558604689
2025-04-10 06:29:52,82076,82103.16566455542,-0.00033087231576924735
2025-04-10 07:19:55,82037,81991.01250000003,0.0005608846457405779
2025-04-10 07:20:31,82018,82086.29918884495,-0.0008320412726589137
2025-04-10 08:27:01,81670,81912.97050000002,-0.0029662030142103665
2025-04-10 08:27:35,81715,81935.6377881886,-0.0026928183406464685
2025-04-10 09:21:49,81870,81898.32500000004,-0.0003458556692098493
2025-04-10 09:22:23,81879,81843.09976570225,0.0004386470502769493
2025-04-10 10:22:06,81806,81873.85500000001,-0.0008287749489749868
2025-04-10 10:22:40,81752,81857.97131901191,-0.001294575437240221
2025-04-10 11:17:19,81541,81760.57450000002,-0.002685579221315488
2025-04-10 11:17:54,81559,81777.38252042359,-0.002670451336212072
2025-04-10 12:40:50,81921,81752.96750000001,0.0020553688158168274
2025-04-10 12:41:25,81880,81807.6696318893,0.0008841514302530794
2025-04-10 13:29:59,81735,81742.74700000002,-9.477293441114203e-05
2025-04-10 13:30:35,81696,81766.24681376062,-0.0008591175026123037
2025-04-10 14:20:12,81103,81621.09300000002,-0.006347538129635466
2025-04-10 14:23:01,81182,81523.82393666868,-0.004192933061312479
2025-04-10 15:22:27,80423,81451.39000000001,-0.012625812770046206
2025-04-10 15:23:01,80435,81347.99925001919,-0.011223376830856379
2025-04-10 16:26:13,78871,80890.63200000003,-0.024967439987364993
2025-04-10 16:26:49,78843,80531.79517622516,-0.020970539307234175
2025-04-10 17:18:11,78864,80346.72200000005,-0.018454044708881234
2025-04-10 17:18:44,78944,80059.76970189248,-0.013936708861980476
2025-04-10 18:25:54,79618,79903.17300000004,-0.003568982172961251
2025-04-10 18:26:30,79718,79875.08390758875,-0.001966619625345078
2025-04-10 19:15:57,79628,79613.70300000004,0.00017957963844443054
2025-04-10 19:16:32,79534,79778.12872959753,-0.0030600959622027724
2025-04-10 20:21:56,79701,79343.53900000003,0.004505231358535274
2025-04-10 20:22:31,79691,79724.82987469893,-0.00042433298073010143
2025-04-10 21:18:48,79791,79523.31850000005,0.003366075574423465
2025-04-10 21:21:38,79838,79763.4408783851,0.0009347530747649672
2025-04-10 22:20:23,79821,79647.90700000004,0.0021732272261713583
2025-04-10 22:20:58,79826,79770.90210563652,0.000690701658237741
2025-04-10 23:19:40,79501,79685.93100000004,-0.0023207484392701694
2025-04-10 23:20:17,79522,79722.76693097505,-0.0025183136349102822
2025-04-11 01:38:46,79803,79636.65299999999,0.002088824601907979
2025-04-11 01:39:23,79772,79591.63690900271,0.0022661060634234075
2025-04-11 03:02:30,80391,79824.38349999998,0.007098288457185747
2025-04-11 03:03:05,80386,79967.04532006136,0.005239091656591957
2025-04-11 04:25:14,80916,80126.75599999998,0.009849943257406063
2025-04-11 04:25:49,80962,80327.1082152495,0.007903829713989103
2025-04-11 05:20:48,80609,80359.03649999997,0.0031105835869501396
2025-04-11 05:21:24,80631,80465.55918019901,0.002056045114040582
2025-04-11 06:28:57,80993,80676.60949999998,0.003921712897466561
2025-04-11 06:29:32,80976,80621.51322238037,0.004396925379480827
2025-04-11 07:19:40,81050,80832.43799999998,0.0026915184718295884
2025-04-11 07:20:16,81043,80774.62522963331,0.003322513346285778
2025-04-11 08:27:18,81424,81004.31549999998,0.005181014090539629
2025-04-11 08:27:54,81378,80961.32040132006,0.005146650235130636
2025-04-11 09:21:30,81694,81139.62299999998,0.006832383236486351
2025-04-11 09:22:04,81708,81173.57634532277,0.006583714537890056
2025-04-11 10:21:16,82821,81491.08599999998,0.01631974815012306
2025-04-11 10:21:51,82786,81628.83440617041,0.014175941654045187
2025-04-11 11:16:40,82600,81839.33950000003,0.009294558150728584
2025-04-11 11:17:15,82573,81955.74976772541,0.007531506136225504
2025-04-11 12:39:50,82264,82092.25350000002,0.002092115792630534
2025-04-11 12:40:25,82298,82030.75033492697,0.0032579205234849903
2025-04-11 13:29:02,82134,82199.29050000003,-0.000794295177037226
2025-04-11 13:29:36,82135,82040.41224239153,0.0011529410326341584
2025-04-11 14:19:41,82303,82390.28400000003,-0.0010593967609096812
2025-04-11 14:20:16,82183,82226.1342016554,-0.0005245801967244716
2025-04-11 15:21:24,82043,82254.70050000004,-0.002573719176085691
2025-04-11 15:21:59,82117,82103.00294627695,0.00017048162942606983
2025-04-11 16:25:49,82085,82213.69950000002,-0.0015654264530452979
2025-04-11 16:26:24,82078,82174.38719786727,-0.001172959131842121
2025-04-11 17:18:03,83004,82374.6845,0.007639671141927068
2025-04-11 17:18:38,82931,82434.2299494009,0.006026259369487863
2025-04-11 18:28:24,83949,82746.60250000001,0.014531079992075707
2025-04-11 18:28:59,83974,82940.20777783243,0.012464307117926853
2025-04-11 19:16:30,83849,83019.7645,0.009988410651297321
2025-04-11 19:17:05,83872,83231.8351860428,0.007691345655496924
2025-04-11 20:22:00,83894,83386.64099999999,0.006084415847857589
2025-04-11 20:22:34,83882,83427.29846361929,0.005450272809432991
2025-04-11 21:18:39,84013,83698.81049999999,0.0037538108143126804
2025-04-11 21:19:13,84003,83603.03258504721,0.00478412567804773
2025-04-11 22:20:10,83466,83828.63450000001,-0.004325902505306997
2025-04-11 22:20:45,83473,83596.09708404233,-0.0014725219039660546
2025-04-11 23:18:50,83178,83695.61200000002,-0.006184458033475192
2025-04-11 23:19:24,83178,83496.462966616,-0.003814089307511542
2025-04-12 01:36:06,83208,83472.72600000001,-0.003171407149204755
2025-04-12 01:36:40,83208,83394.27947847408,-0.002233720102134421
2025-04-12 02:58:56,82935,83314.37749999999,-0.004553565799612292
2025-04-12 02:59:31,82928,83297.8975933079,-0.004440659416326286
2025-04-12 03:34:48,83081,83241.53099999999,-0.0019284964857264357
2025-04-12 03:35:24,83068,83221.98387483857,-0.001850278828610358
2025-04-12 04:23:33,83011,83194.47049999997,-0.0022053208452113026
2025-04-12 04:24:07,83019,83163.4864386128,-0.001737378323111257
2025-04-12 05:18:24,83399,83182.14349999996,0.002607007836964891
2025-04-12 05:18:58,83438,83216.93109081182,0.0026565376335127584
2025-04-12 06:26:00,83632,83206.56899999994,0.00511294967588503
2025-04-12 06:26:35,83640,83298.29494773006,0.00410218543470024
2025-04-12 07:17:56,83678,83290.90199999997,0.004647542417058077
2025-04-12 07:18:30,83721,83420.91821980067,0.0035972006374786975
2025-04-12 08:23:32,83722,83444.27799999998,0.0033282330035862193
2025-04-12 08:24:08,83715,83533.78711769261,0.0021693363674757417
2025-04-12 09:20:15,83495,83539.42550000001,-0.0005317908249202899
2025-04-12 09:20:48,83532,83539.64296125915,-9.148903428627155e-05
2025-04-12 10:18:59,83448,83586.48250000001,-0.001656757119789229
2025-04-12 10:19:36,83406,83519.00558143873,-0.0013530522861474892
2025-04-12 11:15:07,83510,83584.983,-0.0008970869803250771
2025-04-12 11:15:43,83539,83505.47192520264,0.00040150751830240534
2025-04-12 12:35:43,83778,83586.88849999997,0.0022863813144573296
2025-04-12 12:36:18,83783,83570.01248792224,0.00254861170576634
2025-04-12 13:23:37,83600,83594.54899999997,6.52076010366422e-05
2025-04-12 13:24:12,83610,83639.62046126783,-0.0003541438986029758
2025-04-12 14:16:40,84410,83774.57299999997,0.00758496256376055
2025-04-12 14:17:14,84430,83903.0249096313,0.006280763904951924
2025-04-12 15:18:47,84921,84058.94599999997,0.010255351048537215
2025-04-12 15:19:21,84913,84235.53611254215,0.00804249511219033
2025-04-12 16:22:30,85026,84388.85949999998,0.007550054637247744
2025-04-12 16:23:04,85053,84521.90461182887,0.006283523668925997
2025-04-12 17:17:26,84500,84581.726,-0.0009662370805721689
2025-04-12 17:18:00,84542,84535.4896637133,7.701305466606265e-05
2025-04-12 18:25:12,84943,84777.948,0.0019468742036548943
2025-04-12 18:25:46,84924,84644.41392180564,0.0033030659111497195
2025-04-12 19:15:39,85067,84893.41350000002,0.0020447581601837194
2025-04-12 19:16:14,85027,84789.58623010463,0.0028000345378625864
2025-04-12 20:19:48,85243,84931.28050000002,0.0036702555073331003
2025-04-12 20:20:22,85192,84875.5421001057,0.0037284934159367133
2025-04-12 21:17:35,85317,85019.4915,0.0034992975698989715
2025-04-12 21:18:09,85340,85081.42267946008,0.003039174856232638
2025-04-12 22:17:54,85644,85200.06049999999,0.00521055381175472
2025-04-12 22:18:29,85616,85223.89751259051,0.004600851390908991
2025-04-12 23:18:58,85335,85292.70949999997,0.0004958278409484917
2025-04-12 23:19:33,85340,85255.02300464766,0.0009967388707138463
2025-04-13 02:57:37,85277,85357.56400000001,-0.0009438413682941213
2025-04-13 02:58:12,85296,85296.1201623244,-1.4087665906625942e-06
2025-04-13 04:34:14,84773,85305.359,-0.006240627860202743
2025-04-13 04:34:48,84770,85240.76278665086,-0.0055227425384393606
2025-04-13 05:23:47,84647,85197.34050000002,-0.00645959717486745
2025-04-13 05:24:21,84603,85063.06781303266,-0.005408549501693004
2025-04-13 06:27:12,84693,85012.41800000002,-0.0037573099026546875
2025-04-13 06:27:46,84715,84932.83219826999,-0.0025647584406636855
2025-04-13 07:18:10,84696,84903.61300000004,-0.0024452787421430596
2025-04-13 07:18:45,84703,84855.38209086054,-0.0017957858076388736
2025-04-13 08:23:32,84458,84730.99300000003,-0.003221878917434984
2025-04-13 08:24:08,84438,84705.59076353985,-0.0031590684998212327
2025-04-13 09:20:32,84523,84598.48300000002,-0.0008922500418833986
2025-04-13 09:21:08,84556,84676.30574244386,-0.001420772214718341
2025-04-13 10:21:05,84703,84649.3475,0.0006338205973766839
2025-04-13 10:21:39,84673,84734.85495249048,-0.0007299823965611577
2025-04-13 11:15:13,84718,84650.225,0.0008006476060754024
2025-04-13 11:15:47,84674,84707.29654503494,-0.00039307764965963255
2025-04-13 12:36:22,84367,84590.78,-0.0026454419736997204
2025-04-13 12:36:57,84400,84598.19022447405,-0.0023427241640532476
2025-04-13 13:26:57,84169,84587.128,-0.004943163456264847
2025-04-13 13:27:32,84174,84539.68968733713,-0.004325656844608752
2025-04-13 14:16:47,83741,84395.746,-0.007758045055967622
2025-04-13 14:17:23,83726,84258.96173033743,-0.006325282431596027
2025-04-13 15:19:48,83774,84229.7875,-0.005411238868434825
2025-04-13 15:20:22,83784,84157.49155672824,-0.004438007238802785
2025-04-13 16:24:22,84304,84105.9705,0.002354523689849155
2025-04-13 16:24:57,84296,84112.5790601926,0.0021806600374973894
2025-04-13 17:16:32,84565,84085.5875,0.005701482433003229
2025-04-13 17:17:06,84542,84196.85641221673,0.0040992455358842906
2025-04-13 18:25:58,84557,84167.29899999998,0.0046300761059234604
2025-04-13 18:26:32,84581,84391.95106993327,0.0022401298662957253
2025-04-13 19:15:05,84516,84349.4225,0.0019748505094981466
2025-04-13 19:15:40,84516,84471.97901087665,0.0005211312631575181
2025-04-13 20:20:12,84322,84361.66200000001,-0.00047014246826966463
2025-04-13 20:20:46,84326,84333.72258712153,-9.157175664285766e-05
2025-04-13 21:18:13,83279,84235.473,-0.01135475312164506
2025-04-13 21:18:48,83252,84009.00935515104,-0.009011049659575828
2025-04-13 22:18:20,83375,84052.45999999999,-0.008059966359104682
2025-04-13 22:18:55,83359,83833.301925796,-0.0056576791668759415
2025-04-13 23:20:03,83582,83798.77100000001,-0.002586804047520075
2025-04-13 23:20:38,83551,83709.44339227286,-0.0018927779931635497
2025-04-14 01:42:02,84348,83833.7475,0.00613419434697229
2025-04-14 01:42:37,84382,84094.51662566279,0.003418574550073393
2025-04-14 03:07:39,85012,84256.2145,0.008970086117505292
2025-04-14 03:08:14,85028,84463.600516855,0.00668216225322254
2025-04-14 04:24:06,84640,84528.64750000002,0.0013173344575278933
2025-04-14 04:24:41,84643,84503.8403597081,0.001646784805276696
2025-04-14 05:21:02,84633,84687.36650000003,-0.0006419670636473601
2025-04-14 05:21:37,84616,84600.53581345029,0.00018279064548491888
2025-04-14 06:30:45,84349,84666.82450000003,-0.00375382567938439
2025-04-14 06:31:19,84354,84528.835000899,-0.0020683474567836546
2025-04-14 07:20:48,84377,84656.38750000004,-0.003300253037610902
2025-04-14 07:21:24,84420,84518.212345445,-0.001162025825198346
2025-04-14 08:28:09,84530,84578.86150000001,-0.0005777034489878256
2025-04-14 08:28:44,84530,84522.85018662777,8.459030139716596e-05
2025-04-14 09:23:15,84530,84578.86150000001,-0.0005777034489878256
2025-04-14 09:23:50,84530,84522.85018662777,8.459030139716596e-05
2025-04-14 10:23:04,84545,84527.931,0.00020193325209868373
2025-04-14 10:23:38,84533,84551.03041098891,-0.00021324886167877854
2025-04-14 11:17:06,84808,84594.97049999998,0.002518228905819156
2025-04-14 11:17:40,84784,84621.3075345248,0.0019225945594000147
2025-04-14 12:40:48,85179,84718.66199999998,0.0054337260425574
2025-04-14 12:41:23,85183,84759.00739665542,0.005002330918770429
2025-04-14 13:30:57,84983,84794.90649999998,0.0022182169633033003
2025-04-14 13:31:32,84998,84841.88097941509,0.0018401173899337659
2025-04-14 14:20:38,84635,84737.11000000002,-0.0012050210350578999
2025-04-14 14:21:13,84680,84722.50065103512,-0.0005016453800175207
2025-04-14 15:21:50,84748,84878.85400000002,-0.001541656064301023
2025-04-14 15:22:26,84753,84850.1968075752,-0.0011455106909842353
2025-04-14 16:25:45,84219,84747.53800000003,-0.006236617752837013
2025-04-14 16:26:20,84272,84615.60743756837,-0.004060804477730543
2025-04-14 17:18:21,84255,84652.31000000003,-0.00469343364640642
2025-04-14 17:18:58,84274,84543.92081703122,-0.0031926697321665314
2025-04-14 18:28:34,84896,84617.10100000004,0.0032960122327986762
2025-04-14 18:29:10,84908,84655.79128750318,0.0029792257406263795
2025-04-14 19:16:51,85076,84697.92900000003,0.004463757313357296
2025-04-14 19:17:27,85128,84776.75337973106,0.004143194994689635
2025-04-14 20:22:26,84831,84669.13650000004,0.0019117178548285186
2025-04-14 20:23:00,84822,84803.33743335899,0.00022006877566200188
2025-04-14 21:19:20,84897,84798.53550000004,0.0011611580249514823
2025-04-14 21:19:56,84891,84808.63895123266,0.0009711398483202056
2025-04-14 22:19:29,84614,84818.28900000002,-0.002408548939250812
2025-04-14 22:20:04,84586,84735.26721762156,-0.0017615713329634116
2025-04-14 23:19:01,84667,84769.986,-0.0012148875428622157
2025-04-14 23:19:36,84720,84690.26521936187,0.00035110033675194455
2025-04-15 01:41:21,84927,84685.57450000002,0.0028508456301490044
2025-04-15 01:41:56,84896,84719.7788607444,0.002080047205331635
2025-04-15 03:05:41,85122,84777.63100000002,0.004062026691922741
2025-04-15 03:06:15,85102,84876.06742748518,0.0026619114122818054
2025-04-15 04:24:52,85245,84953.80200000005,0.0034277218104958452
2025-04-15 04:25:26,85190,85032.21551286668,0.0018555848060838379
2025-04-15 05:20:16,85687,85155.13100000002,0.006245883175260183
2025-04-15 05:20:51,85682,85200.60860990419,0.00565009332620958
2025-04-15 06:29:32,85539,85302.70850000004,0.002770035139036211
2025-04-15 06:30:08,85539,85343.78059038389,0.0022874474070124265
2025-04-15 07:21:45,85659,85406.07800000002,0.0029614051590096052
2025-04-15 07:22:20,85659,85391.15087025627,0.0031367316989403247
2025-04-15 08:28:04,85883,85541.08950000003,0.003997032326785701
2025-04-15 08:28:36,85890,85525.2799588639,0.00426447059058469
2025-04-15 09:23:12,85933,85659.42250000002,0.003193781746543818
2025-04-15 09:23:47,85926,85643.1746890151,0.0033023683674955956
2025-04-15 10:22:39,85728,85715.49300000002,0.00014591294481597667
2025-04-15 10:23:13,85680,85692.09112252363,-0.0001410996320109177
2025-04-15 11:17:12,85463,85703.19200000001,-0.0028026027315296493
2025-04-15 11:17:47,85435,85635.42026274238,-0.0023403897841274154
2025-04-15 12:40:20,85585,85712.18,-0.001483803118763203
2025-04-15 12:40:54,85561,85617.32050567097,-0.0006578167284181692
2025-04-15 13:30:30,85852,85708.9,0.0016696049068417147
2025-04-15 13:31:04,85857,85686.31180355004,0.0019920124096517696
2025-04-15 14:20:37,85137,85660.0025,-0.0061055625115117446
2025-04-15 14:21:12,84899,85638.89552815721,-0.008639713574002625
2025-04-15 15:21:49,85324,85544.38799999999,-0.002576299920457573
2025-04-15 15:22:22,85353,85508.81540612844,-0.0018222145329506772
2025-04-15 16:24:04,84930,85411.96100000001,-0.005642781108842709
2025-04-15 16:24:40,84928,85307.23724757135,-0.004445546002981662
2025-04-15 17:18:21,84849,85285.69750000001,-0.005120407205440387
2025-04-15 17:18:54,84842,85188.4534109945,-0.00406690574980882
2025-04-15 18:27:07,84311,85031.95799999997,-0.008478671042715139
2025-04-15 18:27:42,84328,84947.3657219835,-0.007291170440888845
2025-04-15 19:16:53,84125,84703.16429308354,-0.006825769708945184
2025-04-15 20:22:22,84116,84529.74149999997,-0.004894626348762403
2025-04-15 20:22:58,84096,84497.83474855244,-0.004755562669128947
2025-04-15 21:19:15,83945,84334.77799999996,-0.004621794344439517
2025-04-15 21:19:50,83958,84326.49253501523,-0.0043698311638210585
2025-04-15 22:19:43,83899,84166.60299999997,-0.0031794439892028643
2025-04-15 22:20:18,83892,84230.81788758165,-0.004022493145369359
2025-04-15 23:19:21,83681,84027.40399999995,-0.00412251222232156
2025-04-15 23:19:56,83664,84088.33142299819,-0.00504625809333323
2025-04-16 01:40:52,83392,83718.693,-0.003902270667316788
2025-04-16 01:41:26,83423,83691.7938131649,-0.0032117105025250042
2025-04-16 03:05:17,83868,83642.19499999999,0.002699654163786682
2025-04-16 03:05:52,83830,83739.9287637537,0.0010756067932706594
2025-04-16 04:24:22,83561,83611.27799999996,-0.0006013303611979484
2025-04-16 04:24:56,83580,83728.49080517469,-0.0017734800155446314
2025-04-16 05:20:31,83701,83631.40949999997,0.0008321096154673184
2025-04-16 05:21:02,83677,83694.10929910021,-0.00020442656291452766
2025-04-16 06:29:35,83470,83639.07749999997,-0.002021513209539768
2025-04-16 06:30:11,83470,83584.43072368063,-0.0013690435250905476
2025-04-16 07:20:18,83516,83618.32049999999,-0.0012236612669108452
2025-04-16 07:20:52,83478,83584.02465921208,-0.001268479947506293
2025-04-16 08:28:16,83494,83521.42199999999,-0.00032832295407986934
2025-04-16 08:28:52,83556,83522.42983599004,0.00040192992560056406
2025-04-16 09:22:53,83764,83548.97,0.0025737001904391978
2025-04-16 09:23:28,83762,83613.86076321745,0.0017717066934877666
2025-04-16 10:23:07,83906,83591.42499999996,0.003763244854362046
2025-04-16 10:23:41,83901,83665.51143938125,0.002814643173362605
2025-04-16 11:17:20,84024,83693.48999999998,0.0039490526682544125
2025-04-16 11:17:55,84017,83761.25261160382,0.003053289921320368
2025-04-16 12:40:40,83948,83812.93449999997,0.001611511406989647
2025-04-16 12:41:15,83920,83858.54897822178,0.0007327937643445462
2025-04-16 13:30:10,83726,83859.47199999998,-0.0015916150771850767
2025-04-16 13:30:44,83779,83826.61759753923,-0.0005680486569056448
2025-04-16 14:20:39,84093,83898.95699999997,0.002312817786281113
2025-04-16 14:21:13,84141,83884.38215615894,0.003059185002559093
2025-04-16 15:22:18,84896,84109.24399999996,0.009353977786318446
2025-04-16 15:22:53,84970,84186.90169926957,0.009301901898323759
2025-04-16 16:26:55,84950,84321.53949999998,0.007453143096373563
2025-04-16 16:27:31,84943,84442.37438087366,0.005928606612460803
2025-04-16 17:17:58,85211,84520.81349999999,0.008165876207521485
2025-04-16 17:18:33,85232,84652.9163226146,0.006840681958061449
2025-04-16 18:28:59,84412,84585.97099999998,-0.002056735862262265
2025-04-16 18:29:33,84338,84477.43250251365,-0.0016505295956941006
2025-04-16 19:14:50,84226,84596.83749999997,-0.0043835858521302905
2025-04-16 19:15:24,84202,84342.93787567003,-0.0016710097990395858
2025-04-16 20:23:00,84474,84472.79549999998,1.4259028517904957e-05
2025-04-16 20:23:38,84478,84316.1522593333,0.0019195342331193466
2025-04-16 21:19:15,84595,84384.08249999997,0.0024994939063303213
2025-04-16 21:19:50,84608,84367.68583308301,0.0028484148230927446
2025-04-16 22:19:19,84362,84252.29,0.0013021604516625768
2025-04-16 22:19:55,84370,84390.69421945658,-0.00024521921105143617
2025-04-16 23:18:56,84296,84315.36200000001,-0.00022963786836387257
2025-04-16 23:19:32,84283,84385.95777221712,-0.0012200818114198237
2025-04-17 01:39:17,84320,84298.3485,0.00025684370317180315
2025-04-17 01:39:51,84305,84262.4029012735,0.0005055291240200194
2025-04-17 03:03:54,84188,84224.71949999999,-0.00043597058224684225
2025-04-17 03:04:28,84217,84242.17527937506,-0.00029884412755931623
2025-04-17 04:24:35,83953,84106.43499999998,-0.0018242956082965966
2025-04-17 04:25:09,83936,84108.20899756455,-0.002047469558762533
2025-04-17 05:20:19,84319,84137.1275,0.0021616200291601074
2025-04-17 05:20:54,84319,84139.13513697239,0.0021377075332995503
2025-04-17 06:29:00,84650,84182.6225,0.005551947493676647
2025-04-17 06:29:34,84644,84246.37796324154,0.004719752307119386
2025-04-17 07:21:18,84760,84277.61099999998,0.0057238096129709325
2025-04-17 07:21:52,84754,84408.51803472533,0.004092975132350227
2025-04-17 08:27:15,84559,84401.5765,0.00186517250658232
2025-04-17 08:27:49,84553,84501.39780287807,0.0006106667873389085
2025-04-17 09:22:41,84450,84511.6735,-0.0007297630900659471
2025-04-17 09:23:16,84450,84494.4795448218,-0.0005264195372457607
2025-04-17 10:22:09,84290,84550.80800000002,-0.0030846304863227213
2025-04-17 10:22:44,84312,84451.64493168879,-0.001653548984176025
2025-04-17 11:17:02,84355,84529.93000000002,-0.0020694445150968663
2025-04-17 11:17:37,84326,84413.8605454995,-0.0010408307940393319
2025-04-17 12:40:12,84722,84517.855,0.002415406780023039
2025-04-17 12:40:47,84766,84543.58702976088,0.002630749156181752
2025-04-17 13:29:09,84614,84526.25599999998,0.0010380679820956534
2025-04-17 13:29:43,84635,84578.56702824305,0.0006672254418557894
2025-04-17 14:19:22,84082,84495.812,-0.004897426158825545
2025-04-17 14:19:57,84065,84485.84851922638,-0.004981290081150146
2025-04-17 15:21:19,84557,84483.40199999997,0.0008711533657229767
2025-04-17 15:21:54,84509,84439.054271081,0.0008283575594588159
2025-04-17 16:26:01,84901,84535.82249999998,0.004319795906640878
2025-04-17 16:26:35,84906,84510.47218550478,0.004680222512862235
2025-04-17 17:17:57,84979,84582.07399999998,0.004692791051683379
2025-04-17 17:18:32,85000,84646.18811788221,0.004179891498776737
2025-04-17 18:27:56,85332,84680.30049999998,0.0076959989059086666
2025-04-17 18:28:33,85328,84832.71358130974,0.005838389434702463
2025-04-17 19:16:18,84964,84820.83649999998,0.0016878340972270919
2025-04-17 19:16:52,84859,84884.48681831999,-0.00030025295875955383
2025-04-17 20:22:01,85008,84929.93799999997,0.0009191340749599334
2025-04-17 20:22:36,85007,84884.6400463837,0.0014414852151040899
2025-04-17 21:18:50,84994,84999.08749999994,-5.98535837215426e-05
2025-04-17 21:19:24,84994,84927.01733911583,0.0007887085050532864
2025-04-17 22:18:55,85031,85015.28099999994,0.00018489617178417067
2025-04-17 22:19:29,85024,84953.84499348798,0.0008258014280272093
2025-04-17 23:18:57,84900,84952.28649999993,-0.0006154807852044013
2025-04-17 23:19:31,84900,84925.66346134024,-0.00030218735178824424
2025-04-18 01:38:04,84993,84954.18049999996,0.00045694631825730415
2025-04-18 01:38:39,84993,84943.44513082331,0.0005833866180064675
2025-04-18 03:01:09,84882,84918.14499999999,-0.0004256451904359136
2025-04-18 03:01:44,84866,84919.3043042056,-0.0006277053803295744
2025-04-18 04:24:02,84603,84869.79049999997,-0.0031435272601500505
2025-04-18 04:24:36,84610,84839.03817073301,-0.0026996790118257183
2025-04-18 05:19:55,84620,84816.31599999999,-0.0023146018273181262
2025-04-18 05:20:29,84589,84776.34296875371,-0.0022098496136211403
2025-04-18 06:28:51,84686,84768.00050000001,-0.0009673520611118955
2025-04-18 06:29:26,84686,84751.99128875857,-0.0007786399794870658
2025-04-18 07:19:54,84657,84711.50249999999,-0.0006433896034365319
2025-04-18 07:20:29,84519,84702.8288577409,-0.0021702800274786423
2025-04-18 08:26:11,84750,84680.7885,0.0008173223375217496
2025-04-18 08:26:46,84755,84705.98789408067,0.0005786144183882238
2025-04-18 09:20:51,84628,84659.43450000002,-0.00037130533868635245
2025-04-18 09:21:26,84602,84681.99351489938,-0.0009446342909405911
2025-04-18 10:22:58,84635,84646.89500000002,-0.00014052494187788723
2025-04-18 10:23:33,84635,84644.39812526166,-0.00011103068212213033
2025-04-18 11:16:16,84600,84618.50900000002,-0.00021873465059541546
2025-04-18 11:16:50,84609,84621.03583279325,-0.00014223216100817172
2025-04-18 12:38:29,84750,84622.98600000002,0.0015009397092177886
2025-04-18 12:39:04,84763,84631.4471177769,0.0015544208057794893
2025-04-18 13:26:59,84558,84600.12450000003,-0.0004979247991536282
2025-04-18 13:27:34,84560,84615.6525190505,-0.0006577095063821161
2025-04-18 14:18:17,84471,84576.15450000003,-0.001243311434785478
2025-04-18 14:18:52,84459,84580.51643807508,-0.0014366953902917653
2025-04-18 15:20:32,84503,84568.67650000003,-0.0007766055083057907
2025-04-18 15:21:09,84503,84563.03567195182,-0.0007099517120543677
2025-04-18 16:24:41,84526,84538.57550000004,-0.00014875457654281606
2025-04-18 16:25:17,84534,84513.55144166935,0.00024195597015900762
2025-04-18 17:17:38,84504,84507.74650000005,-4.4333213879416785e-05
2025-04-18 17:18:14,84485,84502.3168770668,-0.00020492783756438865
2025-04-18 18:27:16,84618,84498.97550000004,0.001408591042621053
2025-04-18 18:27:52,84618,84527.41838445241,0.0010716240632785317
2025-04-18 19:16:18,84582,84516.94750000001,0.0007696976987957437
2025-04-18 19:16:52,84600,84553.56589144214,0.0005491679513254357
2025-04-18 20:21:12,84521,84526.62350000003,-6.652933439403995e-05
2025-04-18 20:21:47,84506,84548.41585556559,-0.0005016753434865977
2025-04-18 21:18:42,84500,84544.65850000003,-0.0005282237907440846
2025-04-18 21:19:16,84500,84536.80824904583,-0.00043541091517668265
2025-04-18 22:19:51,84445,84563.51850000003,-0.0014015322694979236
2025-04-18 22:20:25,84455,84544.64601970954,-0.0010603394056277094
2025-04-18 23:18:55,84362,84537.93450000003,-0.0020811308087972276
2025-04-18 23:19:30,84360,84511.98468693253,-0.0017983802829331355
2025-04-19 01:27:39,84559,84497.87300000004,0.0007234146592064395
2025-04-19 01:28:13,84574,84496.64543509646,0.0009154749813465006
2025-04-19 02:57:13,84766,84524.09000000004,0.002862024305732954
2025-04-19 02:57:48,84777,84570.21890539034,0.002445081699989286
2025-04-19 03:32:36,84883,84581.24850000005,0.003567593353743823
2025-04-19 03:33:12,84890,84653.7613279113,0.0027906459014102915
2025-04-19 04:23:08,84976,84648.62700000004,0.003867434258561135
2025-04-19 04:23:42,84976,84719.3740391659,0.0030291295674052966
2025-04-19 05:19:49,84991,84781.59100000004,0.0024699819563418655
2025-04-19 05:20:24,85018,84844.44013618198,0.0020456244809848047
2025-04-19 06:27:01,85031,84903.21700000003,0.0015050430892384991
2025-04-19 06:27:37,85029,84922.6028251737,0.0012528722776589212
2025-04-19 07:17:19,84976,84968.85450000002,8.409551996472033e-05
2025-04-19 07:17:54,84976,84929.7820329783,0.0005441903407188137
2025-04-19 08:23:19,85211,85059.871,0.0017767367646254815
2025-04-19 08:23:53,85226,85032.17513287623,0.0022794297196430057
2025-04-19 09:18:52,85430,85148.67300000002,0.0033039504913949225
2025-04-19 09:19:27,85430,85145.890902258,0.003336732926643921
2025-04-19 10:19:32,85294,85183.04950000007,0.001302495046270132
2025-04-19 10:20:06,85261,85192.92280179076,0.0007990945253472399
2025-04-19 11:16:44,85217,85212.13150000005,5.7133883570946684e-05
2025-04-19 11:17:19,85217,85198.2092018772,0.0002205539095109455
2025-04-19 12:35:48,85311,85265.98800000004,0.0005279009961153417
2025-04-19 12:36:23,85311,85223.35542083938,0.0010284103310392824
2025-04-19 13:25:25,85415,85288.75000000006,0.0014802655684359508
2025-04-19 13:26:01,85433,85257.19344728938,0.0020620729536366443
2025-04-19 14:17:08,85410,85301.98900000005,0.0012662190092654802
2025-04-19 14:17:43,85385,85306.72297045747,0.0009175950829764846
2025-04-19 15:18:43,85438,85326.99600000003,0.001300924738988487
2025-04-19 15:19:18,85430,85351.25142421127,0.0009226411385269404
2025-04-19 16:23:52,85308,85339.3865,-0.0003677844578832688
2025-04-19 16:24:27,85290,85319.66870524199,-0.00034773582331273933
2025-04-19 17:16:37,84968,85270.51400000004,-0.0035476976249965973
2025-04-19 17:17:11,84972,85189.30436107551,-0.0025508408914159688
2025-04-19 18:25:19,85228,85247.15250000004,-0.0002246702609807425
2025-04-19 18:25:54,85231,85196.7289710549,0.0004022575673855914
2025-04-19 19:16:39,85112,85192.11950000002,-0.0009404567050361417
2025-04-19 19:17:14,85112,85183.46718019307,-0.0008389794705337468
2025-04-19 20:20:20,85144,85128.38400000003,0.00018344057840878806
2025-04-19 20:20:55,85144,85159.98649072796,-0.00018772303034237587
2025-04-19 21:17:38,85348,85147.38650000004,0.0023560734891136443
2025-04-19 21:18:13,85349,85206.2265567676,0.0016756221816405146
2025-04-19 22:18:14,85242,85211.88600000003,0.00035340140224067196
2025-04-19 22:18:50,85271,85233.00066655423,0.000445828882575991
2025-04-19 23:20:41,85194,85212.93250000002,-0.00022217871682827535
2025-04-19 23:21:15,85179,85223.53523718106,-0.0005225696992868811
2025-04-20 01:44:58,85255,85219.36100000006,0.0004182030888489922
2025-04-20 01:45:32,85263,85211.0542523205,0.0006096127801175783
2025-04-20 03:08:54,85214,85208.40300000002,6.568600986430578e-05
2025-04-20 03:09:28,85214,85223.64816611477,-0.00011320996369416321
2025-04-20 04:22:54,85179,85199.71150000002,-0.00024309354615619134
2025-04-20 04:23:28,85179,85202.12039136223,-0.00027135934242047613
2025-04-20 05:19:41,85160,85210.23300000001,-0.0005895183973972639
2025-04-20 05:20:16,85160,85199.04689005903,-0.0004583019585820142
2025-04-20 06:27:17,85075,85190.57400000001,-0.0013566524390363631
2025-04-20 06:27:51,85075,85166.89482172624,-0.001078996973161857
2025-04-20 07:19:00,84795,85116.731,-0.0037798796572673797
2025-04-20 07:19:34,84776,85072.35417264805,-0.00348355438767591
2025-04-20 08:22:54,84726,85019.82350000001,-0.0034559410723784094
2025-04-20 08:23:29,84712,84965.09420756417,-0.0029788021766429464
2025-04-20 09:18:51,84580,84910.00000000003,-0.003886468024967954
2025-04-20 09:19:25,84580,84851.4244935626,-0.0031988207055168158
2025-04-20 10:20:37,84428,84768.32850000003,-0.00401480725198011
2025-04-20 10:21:12,84428,84728.04329152414,-0.003541251277239812
2025-04-20 11:15:57,84200,84588.12300000004,-0.004588386480688734
2025-04-20 11:16:31,84154,84551.04271201642,-0.004695893738043708
2025-04-20 12:36:11,84482,84435.85150000003,0.0005465510109762625
2025-04-20 12:36:45,84474,84441.43005361108,0.00038571050215799736
2025-04-20 13:26:21,84288,84362.92950000004,-0.0008881803944473264
2025-04-20 13:26:55,84296,84396.8870569983,-0.001195388366992283
2025-04-20 14:18:13,84512,84328.51300000006,0.0021758595458683753
2025-04-20 14:18:49,84511,84418.78995882733,0.0010922928558635358
2025-04-20 15:18:42,84490,84344.21700000005,0.0017284291109128688
2025-04-20 15:19:17,84465,84457.579234434,8.786382031387676e-05
2025-04-20 16:22:21,84521,84394.31350000005,0.001501126020770966
2025-04-20 16:22:56,84573,84460.02760232522,0.0013375841907926056
2025-04-20 17:17:48,84486,84456.81000000006,0.0003456204419743547
2025-04-20 17:18:22,84500,84478.2365856268,0.0002576215514529595
2025-04-20 18:25:40,84559,84503.78100000005,0.0006534500509504259
2025-04-20 18:26:16,84558,84505.6589697133,0.0006193789969196824
2025-04-20 19:16:33,84559,84521.09900000003,0.00044842057720959
2025-04-20 19:17:08,84559,84518.61754847204,0.0004777935642971926
2025-04-20 20:20:44,85100,84582.80100000005,0.00611470646378747
2025-04-20 20:21:19,85150,84624.7529289954,0.00620677819225438
2025-04-20 21:17:50,85034,84705.13400000006,0.0038824801339660954
2025-04-20 21:18:24,85026,84768.08076915138,0.003042645633926927
2025-04-20 22:19:22,84835,84788.41400000003,0.0005494382758470582
2025-04-20 22:19:57,84858,84826.62777102426,0.00036983939831283547
2025-04-20 23:18:26,85270,84869.56450000002,0.004718246197669338
2025-04-20 23:19:00,85262,84878.7682153259,0.004515048848280871
2025-04-21 01:44:08,87321,85557.18250000001,0.02061565666915212
2025-04-21 01:44:43,87280,85820.69651932004,0.017004097378205678
2025-04-21 03:10:42,87443,86247.39150000001,0.013862546787864157
2025-04-21 03:11:17,87451,86499.47866523362,0.011000312943490863
2025-04-21 04:24:44,87151,86830.008,0.0036967864842301795
2025-04-21 04:25:19,87179,86789.88949643339,0.004483362126905368
2025-04-21 05:21:09,87460,87203.89550000003,0.0029368470127572694
2025-04-21 05:21:43,87412,86972.42591164583,0.0050541776171763985
2025-04-21 06:29:38,87504,87337.18300000002,0.001910034126014585
2025-04-21 06:30:14,87489,87184.00578105923,0.003498281780108732
2025-04-21 07:20:17,87479,87372.17100000002,0.0012226890871234427
2025-04-21 07:20:51,87467,87256.89158333199,0.002407929194536467
2025-04-21 08:28:19,87685,87413.85699999999,0.003101830868760441
2025-04-21 08:28:53,87685,87349.49473194215,0.003840952590366429
2025-04-21 09:22:02,87428,87475.40949999998,-0.0005419751707476117
2025-04-21 09:22:37,87406,87402.62119470847,3.8657940063448735e-05
2025-04-21 10:21:42,87406,87486.94800000002,-0.0009252580167731819
2025-04-21 10:22:16,87413,87407.77423991414,5.9785987359819614e-05
2025-04-21 11:16:57,87048,87415.95200000002,-0.004209208863846947
2025-04-21 11:17:31,86988,87317.63491054137,-0.003775124130183848
2025-04-21 12:39:21,87269,87331.37150000001,-0.0007141935243740948
2025-04-21 12:39:55,87296,87259.85980367269,0.00041416748100010277
2025-04-21 13:28:36,87182,87253.25949999997,-0.0008166972833831043
2025-04-21 13:29:10,87179,87201.17472308972,-0.00025429385739507367
2025-04-21 14:19:35,87671,87247.53,0.004853661759822899
2025-04-21 14:20:10,87720,87302.17199014503,0.004785997877603079
2025-04-21 15:21:06,88248,87421.857,0.00945007379561837
2025-04-21 15:21:42,88223,87606.35799071609,0.007038781470053328
2025-04-21 16:24:40,87975,87607.39050000001,0.004196101469316009
2025-04-21 16:25:15,88004,87761.31992783977,0.0027652281478876286
2025-04-21 17:19:08,86953,87605.51200000002,-0.0074482984586633876
2025-04-21 17:19:41,87071,87552.55219053008,-0.0055001502352797285
2025-04-21 18:27:53,86910,87573.1045,-0.0075720108792077965
2025-04-21 18:28:29,86841,87332.58435310083,-0.00562887674448368
2025-04-21 19:17:10,87020,87435.92100000003,-0.004756866459953353
2025-04-21 19:17:46,87038,87214.29167534047,-0.002021362232657075
2025-04-21 20:22:00,87177,87278.06750000003,-0.0011579942463784928
2025-04-21 20:22:35,87150,87242.44600840748,-0.0010596448476303927
2025-04-21 21:19:08,87168,87119.45850000004,0.0005571832152740362
2025-04-21 21:19:42,87160,87237.6077078591,-0.0008896129765387033
2025-04-21 22:20:00,86991,87110.29400000002,-0.0013694592742394312
2025-04-21 22:20:36,86991,87204.12392324138,-0.002443966106797593
2025-04-21 23:19:13,87333,87169.65250000003,0.001873903305969636
2025-04-21 23:19:48,87325,87205.59270966497,0.0013692618400356071
2025-04-22 01:40:22,88272,87431.099,0.009617870638913026
2025-04-22 01:40:56,88290,87560.6862869576,0.008329237057967571
2025-04-22 03:03:43,88229,87731.84100000004,0.005666802318669635
2025-04-22 03:04:17,88205,87853.31272759505,0.004003119079816782
2025-04-22 04:23:57,88317,87978.11250000002,0.0038519523819061526
2025-04-22 04:24:33,88316,87976.06259926589,0.0038639760713381466
2025-04-22 05:22:00,88089,88098.82800000004,-0.00011155653512255253
2025-04-22 05:22:35,88053,88007.46591343787,0.0005173889066060814
2025-04-22 06:29:32,88100,88183.11750000004,-0.0009425556995083172
2025-04-22 06:30:07,88093,88084.73226459445,9.386116291655912e-05
2025-04-22 07:20:26,88300,88158.90400000005,0.001600473617502626
2025-04-22 07:21:01,88301,88124.91853024163,0.001998089447287768
2025-04-22 08:27:21,88410,88245.23500000003,0.0018671263099924915
2025-04-22 08:27:55,88413,88238.207367524,0.0019809177644324735
2025-04-22 09:22:16,88389,88276.26050000006,0.00127712138417936
2025-04-22 09:22:51,88368,88282.38224039142,0.000969817051101324
2025-04-22 10:21:47,88538,88372.49100000004,0.0018728565657378804
2025-04-22 10:22:21,88511,88379.4607928088,0.001488345889545295
2025-04-22 11:17:51,88565,88423.01400000004,0.001605758428455749
2025-04-22 11:18:25,88579,88419.93740668811,0.0017989448757498754
2025-04-22 12:40:30,88668,88524.70900000006,0.0016186554196968796
2025-04-22 12:41:05,88601,88499.84704047354,0.0011429732695492469
2025-04-22 13:30:12,89617,88732.62800000001,0.009966705820997304
2025-04-22 13:30:47,89432,88834.70538391989,0.006723662936672774
2025-04-22 14:20:11,90376,88960.87750000003,0.01590724529442696
2025-04-22 14:20:45,90265,89164.06707866285,0.012347271242863804
2025-04-22 15:21:47,91260,89549.01700000002,0.019106664230607667
2025-04-22 15:22:21,91236,89846.48644250388,0.015465418988702673
2025-04-22 16:25:40,90660,89964.02500000002,0.007736147865771641
2025-04-22 16:26:16,90689,90121.02136742079,0.006302398973748599
2025-04-22 17:18:21,90690,90386.90900000001,0.0033532621410915352
2025-04-22 17:18:55,90667,90331.32516863724,0.003716040152583819
2025-04-22 18:28:26,91168,90802.25150000001,0.004027967302110201
2025-04-22 18:29:02,91140,90649.01263134321,0.005416356498592705
2025-04-22 19:16:48,91548,91049.90900000004,0.005470527158900911
2025-04-22 19:17:24,91525,90935.29802049331,0.006484852332850902
2025-04-22 20:22:49,91269,91125.10200000004,0.0015791258044348451
2025-04-22 20:23:25,91250,91060.66933025967,0.002079170635718316
2025-04-22 21:19:05,91380,91227.7445,0.0016689604772591885
2025-04-22 21:19:40,91448,91124.07440385148,0.0035547751597773884
2025-04-22 22:19:25,92993,91593.20999999996,0.015282683072249982
2025-04-22 22:19:59,92962,91634.71091980116,0.01448456667649102
2025-04-22 23:19:12,92967,91917.80849999998,0.01141445294575333
2025-04-22 23:19:47,92989,92061.70873289558,0.01007249680532029
2025-04-23 01:40:34,93024,92786.209,0.0025627838723316894
2025-04-23 01:41:09,92984,92763.74555620216,0.0023743591041652337
2025-04-23 03:04:52,92819,93077.06400000004,-0.002772584231922507
2025-04-23 03:05:28,92787,92803.09760785552,-0.0001734598119078556
2025-04-23 04:25:09,93047,93078.86600000005,-0.00034235483702662125
2025-04-23 04:25:45,93065,92904.95269623448,0.0017226993730766335
2025-04-23 05:20:34,93385,93076.53300000004,0.0033141221536470465
2025-04-23 05:21:08,93408,93080.67644743495,0.0035165575182503164
2025-04-23 06:29:22,93767,93164.07150000002,0.006471684741686926
2025-04-23 06:29:57,93744,93245.80379320921,0.005342827092741196
2025-04-23 07:24:11,93520,93301.77800000002,0.0023388836169872316
2025-04-23 07:24:45,93500,93350.39279287441,0.0016026414313814329
2025-04-23 08:27:38,94157,93555.117,0.006433458898886329
2025-04-23 08:28:12,94187,93608.1417739434,0.006183844856727341
2025-04-23 09:22:49,94227,93792.89150000003,0.004628373142755418
2025-04-23 09:23:25,94260,93832.9581581659,0.004551085782825615
2025-04-23 10:23:54,93591,93851.45550000003,-0.0027751887129765975
2025-04-23 10:24:29,93577,93788.03499628366,-0.002250127068895567
2025-04-23 11:17:46,93706,93874.24050000004,-0.0017921902654439421
2025-04-23 11:18:21,93672,93750.37877598137,-0.0008360368993138591
2025-04-23 12:41:15,93648,93870.91650000002,-0.00237471315196993
2025-04-23 12:41:50,93628,93694.64948551959,-0.0007113478292044096
2025-04-23 13:30:29,94036,93801.7695,0.0024970797592470274
2025-04-23 13:31:04,93986,93781.84228809478,0.0021769428593443247
2025-04-23 14:21:02,92729,93656.92199999999,-0.009907671319798354
2025-04-23 14:21:38,92823,93597.95566850732,-0.008279621739303286
2025-04-23 15:22:47,92308,93413.41199999998,-0.01183354698573672
2025-04-23 15:23:22,92353,93285.01467638431,-0.009991043895073246
2025-04-23 16:26:52,92960,93277.1525,-0.003400109153203369
2025-04-23 16:27:28,93011,93201.17353987148,-0.002040462932477182
2025-04-23 17:18:34,93828,93317.08749999998,0.005475015494884798
2025-04-23 17:19:10,93823,93396.64773365825,0.004564963268891553
2025-04-23 18:29:59,93896,93329.51299999998,0.006069752019385582
2025-04-23 18:30:35,93839,93589.07202528855,0.002670482453805249
2025-04-23 19:16:36,93321,93381.47699999998,-0.0006476337914422194
2025-04-23 19:17:11,93352,93527.73221050148,-0.0018789315890388278
2025-04-23 20:22:36,93868,93538.46900000001,0.0035229462650280077
2025-04-23 20:23:10,93848,93537.6796625304,0.003317597128656499
2025-04-23 21:19:35,93857,93667.06700000001,0.002027745781769701
2025-04-23 21:20:11,93799,93601.54528364826,0.002109524108318714
2025-04-23 22:19:55,93423,93607.58700000003,-0.001971923493765827
2025-04-23 22:20:29,93422,93537.50770902992,-0.0012348811921441174
2025-04-23 23:19:29,93692,93575.26100000004,0.0012475412705496775
2025-04-23 23:20:03,93697,93607.67442834505,0.0009542547894758738
2025-04-24 01:40:37,93408,93541.171,-0.0014236618868070626
2025-04-24 01:41:12,93400,93492.48958654539,-0.000989272902608613
2025-04-24 03:06:33,93135,93476.6445,-0.0036548648256195687
2025-04-24 03:07:07,93217,93422.74964368697,-0.002202350546004007
2025-04-24 04:24:22,92745,93263.88549999996,-0.005563627305662282
2025-04-24 04:24:57,92755,93182.96539440771,-0.0045927428108378104
2025-04-24 05:20:29,92772,93109.55349999998,-0.003625336899504948
2025-04-24 05:21:04,92670,93032.31059034944,-0.0038944597640362924
2025-04-24 06:29:54,92617,92948.07799999998,-0.0035619671447104004
2025-04-24 06:30:30,92633,92860.72255166799,-0.002452302172657385
2025-04-24 07:20:35,92526,92739.68149999998,-0.002304099998445401
2025-04-24 07:21:09,92458,92746.46429152311,-0.0031102456975222294
2025-04-24 08:27:36,92039,92525.13499999998,-0.005254085822192859
2025-04-24 08:28:11,92024,92539.24806980712,-0.005567886929645654
2025-04-24 09:22:29,92344,92397.6885,-0.0005810589081998933
2025-04-24 09:23:04,92334,92402.80014322171,-0.0007445677307946849
2025-04-24 10:22:29,92535,92346.296,0.00204343875362362
2025-04-24 10:23:03,92539,92425.89935895825,0.0012236899162051224
2025-04-24 11:17:43,92377,92326.06999999999,0.0005516318413640651
2025-04-24 11:18:18,92388,92432.88540805793,-0.0004855999881403698
2025-04-24 12:41:36,92730,92376.56899999999,0.003825981023391456
2025-04-24 12:42:10,92691,92507.16812377679,0.001987217638931904
2025-04-24 13:31:07,92800,92526.22549999996,0.0029588854243280823
2025-04-24 13:31:42,92839,92595.76709326066,0.0026268253331101455
2025-04-24 14:19:39,92905,92613.72249999999,0.0031450792834723934
2025-04-24 14:20:14,92847,92644.83243219733,0.0021821785683580723
2025-04-24 15:22:47,93379,92769.22099999998,0.006573074489867973
2025-04-24 15:23:23,93348,92838.91889872075,0.005483488038401419
2025-04-24 16:26:39,93400,92923.92149999998,0.0051233147753026965
2025-04-24 16:27:14,93395,92992.3852276143,0.004329545600967572
2025-04-24 17:18:27,93026,93038.41149999999,-0.00013340189068025338
2025-04-24 17:19:02,92944,93065.84478833593,-0.0013092320669634548
2025-04-24 18:28:25,93239,93117.08150000001,0.0013093032775085976
2025-04-24 18:28:59,93212,93082.5449044466,0.0013907558682059922
2025-04-24 19:17:37,93220,93213.76200000002,6.692144878760501e-05
2025-04-24 19:18:11,93239,93148.36153037348,0.0009730549001332762
2025-04-24 20:22:39,93389,93298.24599999997,0.0009727299696505543
2025-04-24 20:23:14,93408,93273.32526686264,0.0014438718974803051
2025-04-24 21:20:03,93505,93320.63149999997,0.0019756456534483053
2025-04-24 21:20:38,93505,93340.51111033712,0.0017622454356227223
2025-04-24 22:20:23,93456,93338.94299999998,0.0012541067665616833
2025-04-24 22:20:58,93484,93339.4425621343,0.0015487283178220684
2025-04-24 23:19:08,93525,93422.61699999998,0.0010959123527872934
2025-04-24 23:19:43,93526,93392.26007182435,0.001432023682399349
2025-04-25 01:41:11,93758,93620.56999999998,0.0014679466275415985
2025-04-25 01:41:46,93771,93666.32948450647,0.0011174828358235945
2025-04-25 03:06:31,93044,93607.53299999998,-0.006020167201714218
2025-04-25 03:07:06,93088,93493.78757870245,-0.0043402624838667905
2025-04-25 04:24:35,93420,93562.0975,-0.0015187506885467536
2025-04-25 04:25:10,93411,93433.1048298341,-0.00023658455827153954
2025-04-25 05:20:02,93391,93441.51950000001,-0.0005406536652051065
2025-04-25 05:20:36,93396,93365.7266359683,0.0003242449357218347
2025-04-25 06:29:25,93416,93321.367,0.001014055012717523
2025-04-25 06:30:00,93430,93349.29401144256,0.0008645591743580726
2025-04-25 07:20:03,93631,93317.1595,0.003363159591243299
2025-04-25 07:20:37,93616,93421.35398596886,0.0020835280771072263
2025-04-25 08:27:28,93707,93427.16399999999,0.0029952316651719224
2025-04-25 08:28:03,93724,93509.71187404878,0.0022916135838366497
2025-04-25 09:21:55,93624,93497.50899999995,0.0013528809628506019
2025-04-25 09:22:30,93624,93564.7721200323,0.000633014740758609
2025-04-25 10:21:44,93770,93600.03549999995,0.0018158593540281895
2025-04-25 10:22:19,93671,93621.49964289066,0.000528728521740777
2025-04-25 11:17:14,94051,93702.449,0.003719764037330623
2025-04-25 11:17:50,93992,93696.69838358657,0.00315167579549592
2025-04-25 12:40:36,94739,93867.61499999996,0.009283127093407442
2025-04-25 12:41:12,94760,93950.23508575863,0.008619083427542371
2025-04-25 13:29:03,94261,94052.9105,0.0022124727336322236
2025-04-25 13:29:37,94240,94128.3600592902,0.0011860393683634399
2025-04-25 14:19:16,95096,94198.98300000001,0.009522576268153473
2025-04-25 14:19:50,95158,94279.94766933583,0.00931324584251708
2025-04-25 15:21:04,95364,94501.9955,0.00912154812646253
2025-04-25 15:21:39,95329,94597.463168023,0.007733154859318564
2025-04-25 16:25:12,94994,94803.06950000001,0.0020139696004250964
2025-04-25 16:25:47,94951,94768.24928116804,0.001928396063218963
2025-04-25 17:17:38,95474,94978.09000000001,0.005221309462003172
2025-04-25 17:18:13,95501,94984.28213383882,0.005440035493799863
2025-04-25 18:28:13,94839,95033.92400000001,-0.0020510991422390767
2025-04-25 18:28:48,94838,94895.82856205665,-0.0006093899271750291
2025-04-25 19:16:45,95087,95110.46100000001,-0.00024667107858945445
2025-04-25 19:17:23,95080,94950.7709969297,0.0013610105711988308
2025-04-25 20:22:12,95025,95059.33200000002,-0.00036116390971508165
2025-04-25 20:22:47,95025,95005.84657325775,0.0002016026111349367
2025-04-25 21:19:18,94804,95023.59400000001,-0.0023109418488213764
2025-04-25 21:19:54,94837,94954.10308299036,-0.0012332598506882052
2025-04-25 22:20:35,94791,94891.13800000004,-0.0010552934879971127
2025-04-25 22:21:11,94782,94871.7515883241,-0.0009460306869167701
2025-04-25 23:18:42,94750,94917.40800000001,-0.0017637228357522189
2025-04-25 23:19:18,94760,94867.7064430879,-0.001135333056170284
2025-04-26 01:37:30,95186,94812.841,0.003935743260767807
2025-04-26 01:38:05,95199,94860.85527686813,0.003564639198591868
2025-04-26 03:00:09,95000,94860.41349999997,0.0014714936910962763
2025-04-26 03:00:44,94989,94898.32361518052,0.0009555109233244368
2025-04-26 03:36:33,94760,94849.46599999997,-0.0009432419999072137
2025-04-26 03:37:07,94745,94876.46014109525,-0.001385592810901091
2025-04-26 04:23:39,94650,94832.45449999996,-0.001923966863052812
2025-04-26 04:24:14,94642,94829.55502256373,-0.0019778119017757733
2025-04-26 05:19:18,94588,94800.89850000001,-0.0022457434831169897
2025-04-26 05:19:53,94543,94741.84284817788,-0.0020987859450499074
2025-04-26 06:26:44,94609,94763.17700000003,-0.001626971624220926
2025-04-26 06:27:18,94609,94708.44259399195,-0.00104998658269832
2025-04-26 07:17:59,94731,94714.25450000002,0.00017680020909603878
2025-04-26 07:18:33,94731,94701.66919106166,0.00030971797212106327
2025-04-26 08:24:15,94577,94644.84450000004,-0.0007168324947698086
2025-04-26 08:24:49,94572,94673.27570544298,-0.0010697391073493782
2025-04-26 09:19:27,94370,94574.831,-0.002165808786906588
2025-04-26 09:20:01,94336,94573.06488385142,-0.0025066850074338294
2025-04-26 10:19:34,94217,94505.72199999997,-0.0030550742737033986
2025-04-26 10:20:09,94217,94454.80603920549,-0.002517670081359162
2025-04-26 11:15:22,94163,94427.28199999999,-0.0027987885958635555
2025-04-26 11:15:56,94179,94387.05696924767,-0.002204295545685446
2025-04-26 12:36:28,94208,94298.67750000002,-0.0009615988516914224
2025-04-26 12:37:02,94208,94307.62905424928,-0.0010564262430133673
2025-04-26 13:24:13,94140,94240.6625,-0.0010681429579297134
2025-04-26 13:24:48,94160,94283.9802283257,-0.001314965999796156
2025-04-26 14:17:12,93937,94176.06250000003,-0.0025384635294136344
2025-04-26 14:17:46,93940,94192.84978875602,-0.0026843841047710358
2025-04-26 15:18:39,94282,94187.40150000002,0.001004364686714265
2025-04-26 15:19:13,94262,94225.17760920459,0.0003907914182781205
2025-04-26 16:23:21,94286,94206.1545,0.0008475613979126576
2025-04-26 16:23:56,94293,94255.95629334632,0.00039301183830117595
2025-04-26 17:15:41,94260,94218.881,0.0004364199570572915
2025-04-26 17:16:15,94258,94253.08360805691,5.216160315275219e-05
2025-04-26 18:25:24,94281,94242.4195,0.0004093751009862007
2025-04-26 18:25:59,94325,94278.00792232051,0.0004984415635744916
2025-04-26 19:15:43,94174,94267.986,-0.0009970086769436701
2025-04-26 19:16:17,94187,94245.69902865765,-0.0006228297870632653
2025-04-26 20:20:24,94278,94267.69350000002,0.00010933226026132641
2025-04-26 20:20:59,94264,94258.44917808537,5.888938299993962e-05
2025-04-26 21:17:25,94252,94247.33850000003,4.946028263676511e-05
2025-04-26 21:17:59,94251,94240.75083200012,0.00010875516068573417
2025-04-26 22:18:11,94605,94292.40850000003,0.00331512902228991
2025-04-26 22:18:46,94689,94329.2788285644,0.0038134625420953093
2025-04-26 23:19:19,94738,94378.67800000006,0.003807237054114508
2025-04-26 23:19:53,94749,94464.17261327383,0.0030151895564917174
2025-04-27 01:45:27,94542,94655.02500000005,-0.001194072897873645
2025-04-27 01:46:02,94530,94645.04597399394,-0.0012155519901754965
2025-04-27 03:09:32,94429,94635.91700000007,-0.0021864531623873194
2025-04-27 03:10:06,94427,94516.5744118544,-0.0009477111544910239
2025-04-27 04:23:29,94275,94509.92250000007,-0.0024856913833579027
2025-04-27 04:24:05,94273,94400.078725969,-0.001346171821931311
2025-04-27 05:19:25,94078,94367.98350000009,-0.0030729013087377154
2025-04-27 05:19:59,94065,94281.05861947757,-0.002291643970074517
2025-04-27 06:27:10,93977,94164.84350000006,-0.001994836852249011
2025-04-27 06:27:46,93963,94159.10156700033,-0.0020826618323326533
2025-04-27 07:17:58,94075,94099.76150000005,-0.0002631409432430011
2025-04-27 07:18:32,94075,94115.05802156556,-0.0004256281875360014
2025-04-27 08:23:50,94153,94062.49100000005,0.0009622220189761635
2025-04-27 08:24:25,94153,94116.62298747688,0.00038650996357959323
2025-04-27 09:19:42,94187,94058.03500000005,0.0013711215634044747
2025-04-27 09:20:16,94198,94143.19778777516,0.0005821154742201986
2025-04-27 10:20:47,94073,94085.99550000005,-0.00013812363817788579
2025-04-27 10:21:22,94073,94136.75628535476,-0.0006772730214061541
2025-04-27 11:15:08,93974,94088.4825000001,-0.0012167536021223425
2025-04-27 11:15:42,93950,94088.55596168114,-0.0014726122668687338
2025-04-27 12:36:42,93747,94042.10150000008,-0.003137972198548507
2025-04-27 12:37:17,93772,93987.47239369237,-0.002292565043028329
2025-04-27 13:24:43,93804,93993.28100000012,-0.0020137716013990284
2025-04-27 13:25:18,93787,93939.4402663245,-0.0016227504218922321
2025-04-27 14:17:21,94008,93960.8920000001,0.0005013575222328194
2025-04-27 14:17:56,94044,93966.34208720627,0.0008264439273549485
2025-04-27 15:19:48,93967,93926.35300000009,0.0004327539471261048
2025-04-27 15:20:23,93967,93961.03481548156,6.348572607949627e-05
2025-04-27 16:23:12,93838,93894.27050000007,-0.0005992964181991428
2025-04-27 16:23:46,93838,93923.35649305339,-0.0009087887852443103
2025-04-27 17:17:56,94120,93921.04400000008,0.0021183325006472256
2025-04-27 17:18:30,94123,93950.81514349316,0.001832712747024643
2025-04-27 18:25:49,94201,93977.92800000007,0.0023736637394253593
2025-04-27 18:26:23,94201,94001.2960987837,0.0021244802944678167
2025-04-27 19:16:31,94299,94035.23600000006,0.0028049485620468607
2025-04-27 19:17:06,94299,94093.8521999386,0.0021802465864133734
2025-04-27 20:20:52,94319,94126.18250000007,0.0020485001609401483
2025-04-27 20:21:26,94319,94184.86237037038,0.0014241952077409465
2025-04-27 21:17:55,94256,94200.21950000005,0.0005921483017345814
2025-04-27 21:18:30,94260,94208.11975713869,0.0005506982094012265
2025-04-27 22:18:43,93957,94247.15650000004,-0.0030786764373102425
2025-04-27 22:19:18,93976,94198.5737128077,-0.0023628140430903303
2025-04-27 23:19:59,93810,94190.59800000009,-0.004040721771403183
2025-04-27 23:20:34,93850,94073.13272876039,-0.002371907071530697
2025-04-28 01:43:45,92826,93776.34550000007,-0.010134170775508286
2025-04-28 01:44:19,92840,93642.23389163433,-0.008567009332164144
2025-04-28 03:11:07,93508,93502.39100000003,5.9987770793664884e-05
2025-04-28 03:11:41,93522,93522.98363875585,-1.0517615216871326e-05
2025-04-28 04:25:28,94054,93517.40500000001,0.0057379158457186285
2025-04-28 04:26:03,94054,93682.1424448625,0.003969353661572763
2025-04-28 05:28:20,94261,93625.934,0.0067830137747945584
2025-04-28 05:28:55,94292,93838.2618542576,0.004835321294069968
2025-04-28 06:36:37,94381,93877.19750000004,0.0053666120572033625
2025-04-28 06:37:13,94400,94018.06794496595,0.004062326139882126
2025-04-28 07:47:13,94768,94227.29200000003,0.005738337465964419
2025-04-28 07:47:47,94773,94280.82413924458,0.005220317760783689
2025-04-28 09:10:09,94799,94460.11500000003,0.0035875988505832917
2025-04-28 09:10:44,94817,94467.0743707251,0.0037042073294411815
2025-04-28 11:06:41,95286,94706.384,0.0061201365263823665
2025-04-28 11:07:17,95378,94669.94574579061,0.00747918728199834
2025-04-28 12:47:52,95613,94997.4375,0.006479780046698628
2025-04-28 12:48:26,95548,95023.7966242367,0.005516548426666427
2025-04-28 13:40:33,94578,95048.23599999996,-0.004947340632391757
2025-04-28 13:41:08,94688,95025.44832557975,-0.0035511363695288766
2025-04-28 14:22:57,94870,95010.95799999997,-0.0014835972920088825
2025-04-28 14:23:32,94743,94874.15831689566,-0.0013824451170103232
2025-04-28 15:22:42,93868,94937.035,-0.011260463316555057
2025-04-28 15:23:17,93860,94706.66347441316,-0.0089398511504093
2025-04-28 16:25:15,93531,94593.35899999997,-0.011230798982410256
2025-04-28 16:25:50,93531,94322.0290629738,-0.008386472076906584
2025-04-28 17:18:03,93762,94303.11999999998,-0.005738092228549606
2025-04-28 17:18:40,93761,94154.97948913906,-0.004184372311232983
2025-04-28 18:29:22,93910,94017.987,-0.0011485780907008116
2025-04-28 18:29:57,93880,94064.10825119792,-0.00195726355802213
2025-04-28 19:16:52,94519,93983.95800000001,0.005692907719421506
2025-04-28 19:17:26,94578,94146.49345157521,0.00458335231196622
2025-04-28 20:21:09,94617,94084.862,0.005655936445971578
2025-04-28 20:21:43,94640,94346.22458090314,0.0031138015368589443
2025-04-28 21:18:22,94386,94227.38600000001,0.0016833110492950195
2025-04-28 21:18:56,94358,94364.69918514886,-7.099249196685625e-05
2025-04-28 22:20:00,94515,94383.10349999998,0.0013974588152848475
2025-04-28 22:20:36,94515,94419.78935244342,0.0010083759793318968
2025-04-28 23:19:09,94919,94566.13499999995,0.0037314097694703193
2025-04-28 23:19:45,94922,94564.38124195146,0.0037817490407254122
2025-04-29 01:42:03,95284,94818.48549999998,0.004909533173254697
2025-04-29 01:42:39,95241,94872.94754161722,0.003879424724538344
2025-04-29 03:06:47,94609,94899.56349999996,-0.00306180017361155
2025-04-29 03:07:21,94571,94801.532259664,-0.0024317355866418835
2025-04-29 04:23:44,94774,94872.76599999997,-0.001041036370753375
2025-04-29 04:24:18,94774,94764.08223115883,0.0001046574673406355
2025-04-29 05:20:23,94279,94746.28399999996,-0.004931950682097001
2025-04-29 05:20:57,94276,94630.59078581161,-0.003747105273961546
2025-04-29 06:30:06,94644,94584.71399999995,0.0006268031851325471
2025-04-29 06:30:41,94659,94576.93535003155,0.0008677025710838317
2025-04-29 07:21:19,94842,94574.75949999997,0.002825706366189904
2025-04-29 07:21:53,94823,94624.22929254372,0.002100632247600684
2025-04-29 08:29:06,94978,94635.58349999998,0.0036182637369168995
2025-04-29 08:29:41,94943,94723.00297719019,0.0023225300707874143
2025-04-29 09:23:12,94826,94665.62849999999,0.0016940837190977758
2025-04-29 09:23:47,94798,94779.25744142433,0.00019774958236252463
2025-04-29 10:23:14,94878,94786.66049999998,0.0009636324301141132
2025-04-29 10:23:48,94888,94840.88773097948,0.0004967506119740154
2025-04-29 11:17:42,95149,94912.21,0.0024948318029892422
2025-04-29 11:18:17,95250,94915.39310004048,0.0035253175383980232
2025-04-29 12:43:06,95009,94985.53999999998,0.0002469849621323515
2025-04-29 12:43:41,95004,94961.73125102579,0.0004451135043281207
2025-04-29 13:34:12,94967,94971.29099999997,-4.518207507538606e-05
2025-04-29 13:34:46,94905,94922.24222826603,-0.00018164581726338482
2025-04-29 14:20:57,94767,94946.33899999996,-0.0018888458669266187
2025-04-29 14:21:32,94750,94888.03212034702,-0.0014546841921218906
2025-04-29 15:22:34,94769,94950.09349999999,-0.0019072493067106685
2025-04-29 15:23:06,94791,94915.63799712366,-0.0013131450175516623
2025-04-29 16:26:10,95020,94937.23099999999,0.0008718286717253719
2025-04-29 16:26:48,95044,94933.88966975745,0.001159863254582567
2025-04-29 17:18:52,95157,94963.7775,0.002034696861126902
2025-04-29 17:19:26,95157,95004.84885382163,0.0016015092704633699
2025-04-29 18:27:34,95403,95043.20149999998,0.0037856311058715657
2025-04-29 18:28:09,95396,95095.63382982368,0.0031585695165966625
2025-04-29 19:16:51,95276,95152.33549999999,0.001299647553054686
2025-04-29 19:17:28,95304,95183.79655964569,0.0012628561236153635
2025-04-29 20:23:05,95050,95189.28499999999,-0.0014632424227158441
2025-04-29 20:23:40,95050,95182.97164779257,-0.0013970108885085681
2025-04-29 21:19:08,94545,95139.24349999997,-0.006246039784833563
2025-04-29 21:19:42,94572,95028.9277800259,-0.004808301963414787
2025-04-29 22:19:21,94223,95003.08699999996,-0.008211175285282637
2025-04-29 22:19:56,94255,94839.3750916238,-0.006161734944575966
2025-04-29 23:19:03,93920,94750.19249999992,-0.008761908320132628
2025-04-29 23:19:37,93908,94549.54863437157,-0.006785316732208627
2025-04-30 01:41:19,94493,94380.2669999999,0.0011944551926314731
2025-04-30 01:41:54,94481,94483.54989720814,-2.6987737134290406e-05
2025-04-30 03:06:46,94553,94361.47049999995,0.002029742637383422
2025-04-30 03:07:21,94553,94525.7413655528,0.0002883726067990038
2025-04-30 04:24:30,94913,94572.49849999994,0.0036004282999888906
2025-04-30 04:25:05,94913,94669.20615306922,0.002575218033798636
2025-04-30 05:20:26,95042,94718.25799999994,0.0034179471501688385
2025-04-30 05:21:01,95053,94784.47703220288,0.0028329846426846
2025-04-30 06:29:41,94952,94800.92799999994,0.0015935708983783198
2025-04-30 06:30:15,94952,94841.66015639658,0.0011634111362186727
2025-04-30 07:20:02,94844,94860.52999999997,-0.00017425582589481353
2025-04-30 07:20:37,94835,94818.68949145268,0.00017201786519937035
2025-04-30 08:27:42,94613,94851.32749999998,-0.0025126427460910854
2025-04-30 08:28:15,94600,94751.16699736555,-0.0015954104013278768
2025-04-30 09:22:14,94733,94802.87949999998,-0.0007371031383069005
2025-04-30 09:22:48,94723,94729.90677119326,-7.291014452216022e-05
2025-04-30 10:22:01,94889,94796.36899999995,0.0009771576799534611
2025-04-30 10:22:35,94896,94804.53001555601,0.0009648271493881187
2025-04-30 11:17:17,94956,94804.32499999994,0.0015998742673402422
2025-04-30 11:17:51,95007,94864.05776008547,0.0015068113602733706
2025-04-30 12:40:22,94477,94867.9349999999,-0.0041208338728981105
2025-04-30 12:40:58,94400,94892.45464343,-0.005189608017628564
2025-04-30 13:30:05,94577,94841.1394999999,-0.0027850730325725704
2025-04-30 13:30:40,94454,94754.05207866682,-0.003166641131270151
2025-04-30 14:20:08,93400,94680.39749999988,-0.013523364221193485
2025-04-30 14:20:43,93395,94466.86233542523,-0.01134643735301965
2025-04-30 15:22:20,93889,94419.0534999999,-0.0056138404310514265
2025-04-30 15:22:56,93890,94244.44697213727,-0.003760932166561105
2025-04-30 16:26:07,93625,94190.5669999999,-0.006004497244399157
2025-04-30 16:26:41,93575,94102.71477513753,-0.00560785920362157
2025-04-30 17:18:12,93884,93965.30099999993,-0.0008652236425011191
2025-04-30 17:18:46,93895,94056.41271402559,-0.0017161266240969244
2025-04-30 18:28:49,94240,93926.29049999989,0.0033399541100807553
2025-04-30 18:29:23,94217,94127.38906809481,0.0009520176092461544
2025-04-30 19:16:39,94097,94014.68149999989,0.0008755919680492717
2025-04-30 19:17:14,94057,94104.12341698867,-0.0005007582588051251
2025-04-30 20:22:31,94512,94081.5119999999,0.004575691768220092
2025-04-30 20:23:06,94489,94163.96102439999,0.003451840513758579
2025-04-30 21:19:16,94642,94230.97399999989,0.0043618990927560075
2025-04-30 21:19:51,94642,94321.05988862606,0.0034026347005950627
2025-04-30 22:19:27,94533,94337.07149999992,0.0020768982636914057
2025-04-30 22:20:02,94528,94379.36363401845,0.0015748820532201515
2025-04-30 23:19:34,94209,94327.3414999999,-0.0012545832217681367
2025-04-30 23:20:08,94174,94314.06842094926,-0.0014851275455968849
2025-05-01 01:49:40,94619,94401.81499999987,0.002300644325536844
2025-05-01 01:50:15,94596,94407.95895465474,0.001991792296193825
2025-05-01 03:17:19,94756,94493.16849999993,0.002781486790762797
2025-05-01 03:17:53,94751,94586.86425065996,0.0017352911595110586
2025-05-01 04:26:20,94816,94615.32999999993,0.0021209036632866066
2025-05-01 04:26:54,94768,94664.86413676235,0.0010894840887179648
2025-05-01 05:20:56,94894,94743.68849999992,0.0015865067360142265
2025-05-01 05:21:30,94894,94736.8111032923,0.0016592166748816504
2025-05-01 06:30:11,95013,94883.70599999995,0.001362657567359908
2025-05-01 06:30:46,95025,94867.24404681209,0.0016629127869474559
2025-05-01 07:20:58,94955,94904.75449999991,0.0005294307989605715
2025-05-01 07:21:32,94955,94878.56911070371,0.0008055653664749953
2025-05-01 08:27:03,95116,94951.57249999992,0.0017316985455936302
2025-05-01 08:27:38,95100,94937.90157304054,0.0017074153133114312
2025-05-01 09:22:01,95348,95034.60649999994,0.0032976776728176806
2025-05-01 09:22:35,95302,95027.71443524651,0.002886374426487882
2025-05-01 10:22:20,96283,95204.39799999993,0.011329329554713139
2025-05-01 10:22:54,96285,95272.53025173741,0.010627089944891317
2025-05-01 11:17:13,96148,95418.80249999993,0.007642073479176895
2025-05-01 11:17:48,96120,95561.7503891138,0.005841768370850087
2025-05-01 12:39:54,96268,95721.32449999996,0.0057111150817814
2025-05-01 12:40:28,96252,95807.59110231121,0.004638556220604802
2025-05-01 13:28:46,96575,95941.18999999994,0.00660623450678542
2025-05-01 13:29:20,96543,95993.67749603208,0.00572248629593996
2025-05-01 14:18:43,96367,96106.74549999995,0.002707973292052157
2025-05-01 14:19:18,96310,96065.95117523547,0.002540430004376397
2025-05-01 15:20:53,97095,96315.10499999995,0.008097328035930067
2025-05-01 15:21:27,97133,96245.16879481732,0.00922468334047421
2025-05-01 16:26:08,97183,96555.27649999992,0.006501182770680384
2025-05-01 16:26:43,97152,96579.31143105912,0.005929723047877405
2025-05-01 17:18:29,97192,96752.76249999994,0.004539792856044409
2025-05-01 17:19:03,97163,96770.30830862612,0.004057977061739688
2025-05-01 18:28:35,96525,96764.89549999994,-0.0024791583637884533
2025-05-01 18:29:10,96528,96700.80389711651,-0.0017869954555947663
2025-05-01 19:16:13,96517,96864.17999999996,-0.0035841938681560517
2025-05-01 19:16:47,96504,96680.24195768873,-0.0018229366633759976
2025-05-01 20:20:59,96760,96803.39499999997,-0.0004482797323376415
2025-05-01 20:21:34,96787,96667.9234973883,0.001231809873467673
2025-05-01 21:19:02,96623,96707.66949999997,-0.0008755200124016486
2025-05-01 21:19:36,96628,96634.98368261363,-7.226867897621586e-05
2025-05-01 22:19:42,96623,96613.82049999997,9.501228657061002e-05
2025-05-01 22:20:17,96643,96623.90365307813,0.00019763584578857165
2025-05-01 23:19:37,96381,96564.27099999998,-0.0018979172948965653
2025-05-01 23:20:13,96389,96541.77573087651,-0.0015824831242217605
2025-05-02 01:41:55,96912,96634.23349999996,0.002874410961204982
2025-05-02 01:42:30,96865,96710.03532866306,0.0016023639202519784
2025-05-02 03:08:42,97024,96738.80199999997,0.0029481241663508835
2025-05-02 03:09:18,97051,96820.54409136115,0.002380237694402811
2025-05-02 04:24:13,97204,96923.17799999993,0.002897366819730912
2025-05-02 04:24:49,97196,96953.48364093722,0.0025013681814768643
2025-05-02 05:20:23,96851,96988.73049999998,-0.0014200670458304025
2025-05-02 05:20:59,96844,96931.43943865785,-0.0009020751075628553
2025-05-02 06:29:21,96808,96948.08099999998,-0.0014449074035820938
2025-05-02 06:29:55,96826,96877.21902115348,-0.0005287003659992795
2025-05-02 07:20:26,96714,96898.99999999997,-0.0019092044293539763
2025-05-02 07:21:02,96720,96803.58854561886,-0.0008634860223127373
2025-05-02 08:27:16,96594,96788.22399999997,-0.0020066904006831752
2025-05-02 08:27:50,96594,96701.43070103442,-0.0011109525500874607
2025-05-02 09:21:44,96678,96703.93849999996,-0.00026822589030290836
2025-05-02 09:22:17,96675,96703.3249059315,-0.0002929051918230491
2025-05-02 10:21:42,96888,96664.67699999997,0.0023102854830832687
2025-05-02 10:22:17,96873,96707.46340437808,0.0017117251326273896
2025-05-02 11:17:17,97016,96701.39749999996,0.0032533397462020893
2025-05-02 11:17:52,97024,96791.46305691781,0.00240245302362509
2025-05-02 12:40:05,96945,96767.39899999998,0.001835339193110112
2025-05-02 12:40:41,96907,96818.02210546742,0.0009190220229417068
2025-05-02 13:29:41,96934,96835.81899999999,0.0010138913577011355
2025-05-02 13:30:16,96960,96872.10490250828,0.000907331347658664
2025-05-02 14:19:21,97009,96872.52599999997,0.001408799848989497
2025-05-02 14:19:55,97000,96870.36280352523,0.0013382544745672116
2025-05-02 15:21:16,97484,97047.92699999995,0.004493377792603935
2025-05-02 15:21:51,97460,97100.93126239591,0.0036978918011998886
2025-05-02 16:25:56,97734,97150.63199999995,0.0060047782293381905
2025-05-02 16:26:32,97783,97229.93279920373,0.00568824008074189
2025-05-02 17:18:04,97108,97237.79299999998,-0.0013347999373039662
2025-05-02 17:18:39,97201,97248.25992050288,-0.0004859718882529645
2025-05-02 18:28:12,97443,97330.59749999995,0.00115485266593637
2025-05-02 18:28:47,97460,97309.72370877628,0.0015443090936468234
2025-05-02 19:16:56,97044,97385.31199999995,-0.003504758499926019
2025-05-02 19:17:31,97013,97264.65455948818,-0.002587317670822145
2025-05-02 20:22:46,96919,97288.02799999996,-0.0037931491426669906
2025-05-02 20:23:21,96915,97168.65720816117,-0.002610483827287695
2025-05-02 21:19:06,97021,97199.86449999998,-0.0018401723183470232
2025-05-02 21:19:40,97021,97129.47428065081,-0.0011168008625001273
2025-05-02 22:19:46,96609,97062.88350000001,-0.004676179849942443
2025-05-02 22:20:21,96605,96977.39346252763,-0.0038400028009777827
2025-05-02 23:18:55,96738,96922.0655,-0.001899108309861566
2025-05-02 23:19:30,96738,96887.14699776798,-0.0015393888909889847
2025-05-03 01:39:32,96508,96741.00849999997,-0.00240858043153403
2025-05-03 01:40:07,96500,96754.35733913211,-0.002628898027202721
2025-05-03 03:04:42,96536,96650.92949999994,-0.0011891194486643838
2025-05-03 03:05:18,96535,96668.88112281333,-0.001384945405990967
2025-05-03 04:24:03,96462,96586.70449999996,-0.001291114555005482
2025-05-03 04:24:37,96520,96572.53174344606,-0.0005439615436987288
2025-05-03 05:20:13,96538,96524.19799999996,0.0001429900510547594
2025-05-03 05:20:47,96547,96548.93174613714,-2.0007949360004794e-05
2025-05-03 06:27:12,96295,96479.20099999997,-0.0019092301562486187
2025-05-03 06:27:46,96278,96496.8114698278,-0.002267551295165957
2025-05-03 07:18:24,96275,96413.47949999999,-0.0014363084987508074
2025-05-03 07:18:59,96246,96408.66139223002,-0.0016872072475754363
2025-05-03 08:24:11,96203,96362.19649999998,-0.0016520638360498186
2025-05-03 08:24:41,96202,96354.73666152549,-0.0015851494884161176
2025-05-03 09:19:37,96314,96345.37349999994,-0.0003256357711867018
2025-05-03 09:20:12,96314,96346.15690384246,-0.00033376426082628327
2025-05-03 10:19:49,96162,96285.42549999995,-0.0012818710553442376
2025-05-03 10:20:24,96162,96299.49507793726,-0.001427786073291263
2025-05-03 11:16:17,95944,96193.98649999997,-0.002598774716546029
2025-05-03 11:16:52,95944,96176.32067581314,-0.002415570425034641
2025-05-03 12:37:11,96068,96128.79049999997,-0.0006323859863811946
2025-05-03 12:37:45,96070,96108.99143820169,-0.0004057002120010636
2025-05-03 13:25:27,96218,96116.56049999999,0.0010553800455646526
2025-05-03 13:26:02,96210,96130.7627716185,0.0008242650541507987
2025-05-03 14:17:49,96294,96119.14449999998,0.0018191537274868245
2025-05-03 14:18:25,96332,96191.62842885665,0.0014592909324449767
2025-05-03 15:19:19,96436,96163.34949999998,0.0028352849751767223
2025-05-03 15:19:54,96452,96270.33906404307,0.0018869875989122472
2025-05-03 16:23:40,96243,96241.61849999998,1.4354496750464514e-05
2025-05-03 16:24:15,96243,96289.71060686503,-0.00048510486292500726
2025-05-03 17:16:31,96002,96269.715,-0.0027808849335431867
2025-05-03 17:17:05,95969,96222.19904373633,-0.0026313994717709547
2025-05-03 18:26:32,96216,96276.02849999999,-0.000623504115564819
2025-05-03 18:27:07,96200,96217.0610057425,-0.0001773178848341107
2025-05-03 19:15:08,96205,96244.50949999999,-0.00041051172898320574
2025-05-03 19:15:42,96230,96202.15706143327,0.00028942114623215615
2025-05-03 20:20:40,96338,96230.86399999999,0.0011133226445936635
2025-05-03 20:21:14,96338,96248.01082771558,0.0009349717621229562
2025-05-03 21:17:58,96289,96225.40399999997,0.0006609065522866928
2025-05-03 21:18:32,96300,96271.060166909,0.00030060781548297335
2025-05-03 22:18:38,96226,96254.04449999999,-0.00029135918543130994
2025-05-03 22:19:13,96233,96269.89979426234,-0.0003832952391266366
2025-05-03 23:18:30,96160,96258.03600000004,-0.0010184708111023208
2025-05-03 23:19:05,96160,96239.52016140384,-0.0008262734609490378
2025-05-04 01:50:12,95714,96042.1525,-0.0034167549503849003
2025-05-04 01:50:47,95721,95984.59709757916,-0.0027462437260759747
2025-05-04 03:17:29,95797,95965.7275,-0.0017582058136327223
2025-05-04 03:18:03,95762,95977.56386689635,-0.002245981854626978
2025-05-04 04:24:54,95916,95902.74299999999,0.0001382337937926587
2025-05-04 04:25:29,95914,95928.13327986107,-0.00014733195964352754
2025-05-04 05:19:46,95792,95879.0205,-0.0009076073112365465
2025-05-04 05:20:21,95792,95884.53330968562,-0.0009650493827482833
2025-05-04 06:27:54,95976,95907.19499999998,0.0007174122859084987
2025-05-04 06:28:29,95955,95928.92428789157,0.00027182325145412865
2025-05-04 07:18:24,96044,95890.31899999999,0.0016026748226795598
2025-05-04 07:18:59,96044,95946.72878769372,0.0010138043634767176
2025-05-04 08:24:04,95812,95885.7395,-0.0007690351076657864
2025-05-04 08:24:38,95781,95901.69856843448,-0.0012585654919172711
2025-05-04 09:19:40,95560,95841.616,-0.002938347784119109
2025-05-04 09:20:15,95560,95804.22327607858,-0.00254919112881702
2025-05-04 10:19:58,95366,95761.30299999997,-0.004128003563192649
2025-05-04 10:20:32,95300,95680.29877114174,-0.003974682103066757
2025-05-04 11:16:04,95479,95660.92299999998,-0.0019017483241300182
2025-05-04 11:16:38,95515,95617.59542141423,-0.0010729763801532364
2025-05-04 12:37:49,95450,95542.46399999996,-0.0009677791018657798
2025-05-04 12:38:23,95450,95551.15541444083,-0.001058651923172259
2025-05-04 13:26:11,95340,95487.33399999997,-0.001542969039223291
2025-05-04 13:26:46,95321,95519.64155100322,-0.0020795885304611215
2025-05-04 14:17:33,95532,95451.67499999996,0.0008415253058685537
2025-05-04 14:18:07,95532,95492.45970282178,0.00041406721851409647
2025-05-04 15:19:37,95634,95481.90299999996,0.0015929406015298838
2025-05-04 15:20:11,95630,95534.00020520066,0.0010048756944453134
2025-05-04 16:23:48,95500,95482.83099999998,0.0001798124314100356
2025-05-04 16:24:23,95524,95516.78891010798,7.549552256000032e-05
2025-05-04 17:16:30,95456,95469.0685,-0.00013688726836162592
2025-05-04 17:17:04,95443,95472.11049716886,-0.00030491100508064244
2025-05-04 18:26:28,95483,95452.19499999999,0.0003227269943871649
2025-05-04 18:27:03,95468,95447.0664342612,0.00021932120620195292
2025-05-04 19:16:24,95429,95454.07850000003,-0.00026272842809993034
2025-05-04 19:16:58,95429,95439.1488940177,-0.00010633889902940437
2025-05-04 20:21:01,95617,95460.00800000002,0.0016445839811786293
2025-05-04 20:21:36,95650,95504.71507733103,0.0015212329836420512
2025-05-04 21:18:13,95630,95504.41400000002,0.0013149758711673903
2025-05-04 21:18:47,95630,95561.76564389812,0.0007140340662618947
2025-05-04 22:18:46,95268,95527.43900000001,-0.0027158584247193415
2025-05-04 22:19:21,95261,95528.46912147553,-0.0027998891213823532
2025-05-04 23:18:52,94700,95414.24650000002,-0.0074857427082445464
2025-05-04 23:19:27,94692,95296.70016474521,-0.006345447048007229
2025-05-05 01:45:54,93961,94796.40049999999,-0.008812576169492731
2025-05-05 01:46:28,93958,94675.71995299007,-0.007580823819944988
2025-05-05 03:13:53,94134,94444.75650000002,-0.0032903520694663197
2025-05-05 03:14:28,94170,94488.11631419962,-0.0033667335809912406
2025-05-05 04:25:59,94273,94261.83349999998,0.00011846258008572675
2025-05-05 04:26:34,94319,94353.50739813568,-0.0003657245934703371
2025-05-05 05:21:26,94360,94256.65699999999,0.0010964000134230099
2025-05-05 05:22:00,94360,94357.1617159716,3.0080218361661106e-05
2025-05-05 06:31:05,94586,94308.41999999997,0.002943321497699049
2025-05-05 06:31:40,94629,94466.20708342246,0.00172329261016885
2025-05-05 07:21:21,94585,94399.18549999999,0.0019683909243052495
2025-05-05 07:21:55,94603,94517.05407196117,0.0009093166189182116
2025-05-05 08:29:00,94555,94499.79349999999,0.000584197043774649
2025-05-05 08:29:34,94555,94563.12555443,-8.592730392901294e-05
2025-05-05 09:22:52,94579,94575.98699999998,3.185798103297446e-05
2025-05-05 09:23:27,94590,94559.78961286126,0.0003194845003613265
2025-05-05 10:23:12,94368,94597.67549999998,-0.002427919066573502
2025-05-05 10:23:47,94384,94535.0415139468,-0.0015977304450065938
2025-05-05 11:17:43,94257,94514.13799999998,-0.0027206300077558475
2025-05-05 11:18:17,94238,94422.95174725118,-0.001958758372077306
2025-05-05 12:41:16,94337,94375.75799999997,-0.00041067749622707703
2025-05-05 12:41:50,94298,94315.29051859202,-0.0001833267808109655
2025-05-05 13:30:45,94173,94291.54049999999,-0.0012571700427355757
2025-05-05 13:31:19,94152,94278.54304726598,-0.0013422253163430573
2025-05-05 14:21:14,94170,94214.858,-0.0004761244770967325
2025-05-05 14:21:49,94086,94212.63315452484,-0.00134412074352215
2025-05-05 15:22:01,93926,94089.204,-0.0017345666990656856
2025-05-05 15:22:35,93961,94104.59907472109,-0.001525951718970379
2025-05-05 16:27:07,94184,94039.85400000004,0.0015328182028011678
2025-05-05 16:27:42,94194,94044.52395666299,0.001589417831557006
2025-05-05 17:18:32,94128,94045.79700000005,0.0008740741492142425
2025-05-05 17:19:07,94105,94077.53065245497,0.00029198627296576766
2025-05-05 18:25:22,94594,94118.33800000003,0.005053871648264415
2025-05-05 18:25:57,94593,94252.55664424809,0.0036120331147821852
2025-05-05 19:14:58,94829,94231.01200000002,0.006345978752727212
2025-05-05 19:15:34,94824,94436.93819859406,0.004098627176920758
2025-05-05 20:23:02,94192,94352.39550000001,-0.0016999621382163344
2025-05-05 20:23:37,94200,94382.97722336897,-0.0019386676363888646
2025-05-05 21:19:23,94567,94442.85200000003,0.0013145303998228675
2025-05-05 21:19:57,94567,94383.21664352082,0.0019472037827797026
2025-05-05 22:20:31,94951,94554.42700000001,0.004194124088975648
2025-05-05 22:21:06,94897,94515.62033654546,0.004035096654886779
2025-05-05 23:19:18,95041,94654.99300000003,0.004078041609489829
2025-05-05 23:19:53,95004,94690.97499074528,0.0033057533654639744
2025-05-06 01:42:48,94450,94734.46200000003,-0.003002729883028507
2025-05-06 01:43:24,94483,94669.64348285375,-0.0019715240914322243
2025-05-06 03:09:19,94312,94624.22600000002,-0.0032996412567752377
2025-05-06 03:09:53,94286,94472.813362338,-0.0019774298625097587
2025-05-06 04:24:59,94542,94484.42300000002,0.0006093808711725493
2025-05-06 04:25:33,94542,94468.42171165893,0.0007788664932462959
2025-05-06 05:21:09,94425,94434.67900000002,-0.00010249412718412772
2025-05-06 05:21:45,94424,94473.90413770059,-0.0005282319827478977
2025-05-06 06:29:41,94415,94377.883,0.00039328070115747743
2025-05-06 06:30:15,94418,94443.56757652828,-0.0002707180296589482
2025-05-06 07:20:47,94460,94421.57200000003,0.00040698326861123187
2025-05-06 07:21:21,94451,94454.56243034314,-3.7715810136400056e-05
2025-05-06 08:28:15,94075,94417.34400000004,-0.0036258592489113103
2025-05-06 08:28:50,94070,94387.65668271175,-0.0033654472827900194
2025-05-06 09:22:46,94165,94370.09200000003,-0.0021732732866259494
2025-05-06 09:23:21,94165,94339.53092510719,-0.001850029604723628
2025-05-06 10:22:40,94297,94315.59850000004,-0.00019719431669657943
2025-05-06 10:23:14,94293,94294.73193823776,-1.8367285235990906e-05
2025-05-06 11:17:37,93984,94250.91600000003,-0.0028319724765330286
2025-05-06 11:18:12,93984,94206.80974342908,-0.002365112925869183
2025-05-06 12:43:04,93990,94080.31100000002,-0.0009599351770852038
2025-05-06 12:43:39,94000,94059.76418442934,-0.0006353852249954156
2025-05-06 13:33:09,93860,93992.89750000005,-0.0014139100244255156
2025-05-06 13:33:44,93769,93975.70862571697,-0.002199596350374369
2025-05-06 14:20:46,94444,93969.40100000004,0.0050505695997781035
2025-05-06 14:21:21,94450,94005.18119476785,0.004731854133768821
2025-05-06 16:25:05,94465,94117.97450000004,0.003687133109733036
2025-05-06 16:25:39,94468,94272.58912939687,0.002072828087228072
2025-05-06 17:18:26,94619,94243.58950000006,0.003983406213532855
2025-05-06 17:19:01,94622,94334.31660735491,0.003049615484495523
2025-05-06 18:29:14,94917,94409.33350000005,0.005377291430618437
2025-05-06 18:29:50,94918,94451.68075249095,0.0049371196340171975
2025-05-06 19:16:22,95078,94613.60450000004,0.00490833746852922
2025-05-06 19:16:57,95078,94637.09498894685,0.004658902633313596
2025-05-06 20:23:23,94927,94751.78800000002,0.001849168271104129
2025-05-06 20:23:59,94908,94754.30919055759,0.0016219928228628766
2025-05-06 21:19:35,94649,94753.24800000005,-0.0011002050293837998
2025-05-06 21:20:11,94654,94715.57923561042,-0.000650148962899116
2025-05-06 22:19:50,95352,94847.67300000004,0.005317231135443469
2025-05-06 22:20:25,95483,94810.56570748465,0.007092398273310405
2025-05-06 23:19:20,96398,95171.54600000007,0.012886771850905145
2025-05-06 23:19:54,96356,95288.62952346851,0.011201446404144257
2025-05-07 01:43:21,97305,96199.50300000006,0.011491712176516589
2025-05-07 01:43:57,97290,96471.7050512215,0.008482227491926479
2025-05-07 03:10:44,96452,96829.30550000005,-0.0038966044220986973
2025-05-07 03:11:18,96459,96606.63552812769,-0.0015282131224278776
2025-05-07 04:24:43,96643,96929.32800000004,-0.0029539872596665235
2025-05-07 04:25:19,96643,96592.95608732366,0.000518090704575767
2025-05-07 05:20:45,96491,96830.82800000005,-0.0035095021597879145
2025-05-07 05:21:20,96499,96562.66884684248,-0.0006593526007806228
2025-05-07 06:30:14,96600,96609.80100000002,-0.00010144933431776039
2025-05-07 06:30:50,96575,96542.61802763348,0.0003354163480138194
2025-05-07 07:20:39,96695,96549.01650000006,0.001512014366298012
2025-05-07 07:21:14,96715,96570.40193922441,0.0014973331152395243
2025-05-07 08:29:06,96932,96625.11950000006,0.0031759908974802447
2025-05-07 08:29:42,96932,96688.80245358158,0.0025152607152744083
2025-05-07 09:23:14,96906,96703.61100000006,0.002092879447903318
2025-05-07 09:23:48,96892,96778.20950705608,0.0011757863006922873
2025-05-07 10:22:59,96932,96798.41300000004,0.0013800536172008917
2025-05-07 10:23:34,96936,96841.71315288484,0.0009736181243128998
2025-05-07 11:18:34,97024,96902.08700000006,0.0012581049982952606
2025-05-07 11:19:09,97024,96901.40290724425,0.0012651735586645962
2025-05-07 12:43:30,96940,96977.38350000007,-0.0003854867872370366
2025-05-07 12:44:04,96920,96932.16295116433,-0.00012547900298535362
2025-05-07 13:33:44,96975,96963.60450000004,0.00011752347758436578
2025-05-07 13:34:21,96970,96909.89743161407,0.0006201901970678041
2025-05-07 14:21:27,97224,97002.93500000006,0.0022789516626475683
2025-05-07 14:22:02,97214,96994.87779223811,0.0022591111278189853
2025-05-07 15:23:44,97016,97032.04850000006,-0.00016539380800625498
2025-05-07 15:24:18,97022,97017.7583383975,4.372046597598501e-05
2025-05-07 16:27:41,96600,96999.44200000005,-0.004117982451899605
2025-05-07 16:28:16,96607,96955.85882574019,-0.0035981201132692137
2025-05-07 17:18:55,96721,96946.70150000002,-0.002328098805919917
2025-05-07 17:19:30,96678,96888.39194639775,-0.002171487648532215
2025-05-07 18:28:45,96507,96849.57500000001,-0.0035371864047933264
2025-05-07 18:29:20,96478,96720.7081403904,-0.0025093710029305168
2025-05-07 19:18:00,96310,96686.62299999998,-0.003895295836322444
2025-05-07 19:18:35,96240,96615.66358053342,-0.0038882264698238134
2025-05-07 20:23:24,96287,96530.872,-0.002526362757812889
2025-05-07 20:24:00,96248,96502.91462293235,-0.00264152252735977
2025-05-07 21:17:44,96792,96507.54750000004,0.0029474637721982897
2025-05-07 21:18:20,96802,96579.32852565561,0.002305581098394539
2025-05-07 22:20:18,97042,96603.02900000004,0.004544070766145036
2025-05-07 22:20:53,97044,96783.76228171423,0.0026888572230565405
2025-05-07 23:19:32,97244,96779.38200000004,0.004800795276828264
2025-05-07 23:20:07,97244,96945.341942959,0.0030806849618079217
2025-05-08 01:43:23,97866,97248.51050000002,0.006349603678505507
2025-05-08 01:43:57,97827,97268.24134577112,0.0057445127669430215
2025-05-08 03:12:22,98790,97666.15250000004,0.011507031568587279
2025-05-08 03:12:58,98726,97816.26591176812,0.009300437710968003
2025-05-08 04:25:57,99299,98142.75400000004,0.011781267112190014
2025-05-08 04:26:31,99333,98339.71221944968,0.010100576441933802
2025-05-08 05:21:13,98892,98525.23400000003,0.0037225590349775173
2025-05-08 05:21:47,98842,98545.17219084082,0.0030120989446783537
2025-05-08 06:30:43,98836,98818.26650000006,0.00017945568798197726
2025-05-08 06:31:18,98836,98663.13932179028,0.001752028968447209
2025-05-08 07:20:47,99174,98966.07400000007,0.0021009826054121726
2025-05-08 07:21:22,99179,98788.63073683988,0.003951560622395996
2025-05-08 08:28:22,99550,99107.20800000007,0.004467808234492169
2025-05-08 08:28:56,99550,99005.33467980592,0.005501373455840396
2025-05-08 09:22:39,99643,99191.68650000005,0.004549912557439432
2025-05-08 09:23:13,99643,99210.45180408288,0.0043599055145046185
2025-05-08 10:23:15,99800,99337.68200000004,0.004654004308253895
2025-05-08 10:23:50,99804,99380.51369456279,0.0042612609825982434
2025-05-08 11:17:57,99648,99514.33850000001,0.0013431381046660668
2025-05-08 11:18:31,99680,99488.13345394531,0.0019285369962590464
2025-05-08 12:41:38,99262,99569.71200000001,-0.003090417696498048
2025-05-08 12:42:13,99293,99443.80573823233,-0.0015164920239406356
2025-05-08 13:31:27,99467,99546.11499999998,-0.0007947572840986929
2025-05-08 13:32:03,99492,99419.38397297608,0.0007304010960645063
2025-05-08 14:19:21,99356,99485.20999999998,-0.0012987860205549884
2025-05-08 14:19:57,99345,99371.99487674117,-0.00027165477330563375
2025-05-08 15:23:16,99884,99479.65999999997,0.004064549476747566
2025-05-08 15:23:52,99862,99485.65093539744,0.003782948204731036
2025-05-08 16:27:15,100858,99783.84099999999,0.010764859212024263
2025-05-08 16:27:50,100895,100025.81063531738,0.008689650792749741
2025-05-08 17:18:01,101377,100143.43749999997,0.01231795643124423
2025-05-08 17:18:37,101422,100431.15546457167,0.00986590795301429
2025-05-08 18:29:13,101265,100516.11749999996,0.007450372324617854
2025-05-08 18:29:48,101286,100682.77717259862,0.005991320902553991
2025-05-08 19:17:30,101063,100892.68099999998,0.0016881204693135047
2025-05-08 19:18:06,101016,100846.24899653434,0.0016832654179481925
2025-05-08 20:23:12,101399,101201.65599999996,0.001950007616476563
2025-05-08 20:23:46,101413,101027.98496435434,0.0038109741155532557
2025-05-08 21:19:56,102934,101526.48449999999,0.013863530357933439
2025-05-08 21:20:31,102934,101546.52339137846,0.013663457519603656
2025-05-08 22:19:46,103006,101850.75799999999,0.01134249781430211
2025-05-08 22:20:20,102887,101988.18816569043,0.008812901282738319
2025-05-08 23:20:04,103134,102230.33699999997,0.008839479811164369
2025-05-08 23:20:35,103133,102346.4146397652,0.007685519448858064
2025-05-09 01:43:00,102850,102890.61049999998,-0.0003946958794649263
2025-05-09 01:43:35,102843,102646.16501094082,0.0019176068491034014
2025-05-09 03:10:51,102727,102888.70299999998,-0.0015716302692626958
2025-05-09 03:11:24,102726,102702.34169732442,0.000230357967350999
2025-05-09 04:25:46,102615,102779.45249999998,-0.001600052306174572
2025-05-09 04:26:22,102615,102643.19416029354,-0.000274681244325958
2025-05-09 05:20:18,102698,102707.21649999997,-8.973566136870132e-05
2025-05-09 05:20:52,102698,102662.38043364642,0.00034695831328982574
2025-05-09 06:30:16,103143,102768.52749999995,0.003643844172040388
2025-05-09 06:30:52,103120,102809.2457141927,0.0030226297610546522
2025-05-09 07:21:07,103640,102846.20049999993,0.007718316244459288
2025-05-09 07:21:43,103582,102971.96528291506,0.005924279636781466
2025-05-09 08:28:02,103751,103066.57199999996,0.0066406399933437565
2025-05-09 08:28:37,103766,103228.98841739474,0.005202139349016177
2025-05-09 09:22:11,102900,103106.49149999995,-0.0020027012557201174
2025-05-09 09:22:45,102845,103101.8530837106,-0.0024912557439879294
2025-05-09 10:22:03,102954,103141.85149999999,-0.0018212926883515348
2025-05-09 10:22:38,102969,103008.7695426039,-0.000386079192873482
2025-05-09 11:17:02,103283,103208.33749999995,0.0007234153926764833
2025-05-09 11:17:36,103240,103110.0077478141,0.0012607142121823076
2025-05-09 12:40:41,102992,103081.63399999995,-0.0008695438413398386
2025-05-09 12:41:17,102972,103063.59644150388,-0.0008887370969619113
2025-05-09 13:30:36,102989,103009.40649999992,-0.00019810326739359068
2025-05-09 13:31:10,103095,103054.51539125727,0.0003928465297131769
2025-05-09 14:20:08,103444,103138.77999999994,0.002959313654864441
2025-05-09 14:20:42,103286,103169.23264257848,0.0011318040701731899
2025-05-09 15:21:26,102900,103118.12249999992,-0.0021152683418952383
2025-05-09 15:22:00,102873,103091.92533353681,-0.0021235934126607446
2025-05-09 16:26:00,102857,103041.98999999993,-0.0017952875327808847
2025-05-09 16:26:35,102800,103000.66860760517,-0.0019482262621968408
2025-05-09 17:17:58,102981,102976.12849999996,4.730708049523815e-05
2025-05-09 17:18:32,102966,102917.61347889436,0.00047014810652952775
2025-05-09 18:28:42,103127,103005.68449999994,0.0011777553888305578
2025-05-09 18:29:18,103164,102999.03945854011,0.001601573590657541
2025-05-09 19:16:38,103032,102985.52699999996,0.00045125758301981417
2025-05-09 19:17:14,103024,103051.70124433859,-0.00026880918999007815
2025-05-09 20:22:54,103321,103024.60799999993,0.0028769049041183006
2025-05-09 20:23:31,103317,103110.8144402434,0.0019996501906799995
2025-05-09 21:18:50,102927,103076.18999999993,-0.0014473759652925634
2025-05-09 21:19:25,102918,103097.3934998097,-0.001740039138914087
2025-05-09 22:19:26,102956,103113.4934999999,-0.0015273801192653331
2025-05-09 22:20:01,102956,103048.60138882526,-0.0008986185894542916
2025-05-09 23:18:49,102870,103062.4844999999,-0.0018676485525623463
2025-05-09 23:19:24,102896,102997.35007750663,-0.000984006650951388
2025-05-10 01:39:03,103039,102957.83649999995,0.000788317846986357
2025-05-10 01:39:37,103039,102982.791690704,0.0005458029285592622
2025-05-10 03:04:51,103132,102986.40599999993,0.0014137205642468014
2025-05-10 03:05:27,103100,103030.267881838,0.000676811965994108
2025-05-10 04:23:55,103099,103029.01599999993,0.0006792649558069112
2025-05-10 04:24:29,103099,103064.31832308492,0.0003365051792838309
2025-05-10 05:18:56,103226,103017.55049999992,0.0020234367735240933
2025-05-10 05:19:33,103226,103060.63498867277,0.0016045409709090732
2025-05-10 06:26:49,103361,103143.41249999998,0.002109562741101118
2025-05-10 06:27:23,103361,103160.9129333611,0.0019395627757593124
2025-05-10 07:18:03,103361,103143.41249999998,0.002109562741101118
2025-05-10 07:18:39,103361,103160.9129333611,0.0019395627757593124
2025-05-10 08:24:11,103760,103350.43899999993,0.003962837545373896
2025-05-10 08:24:45,103760,103423.32650930322,0.0032552955127245022
2025-05-10 09:19:24,103760,103350.43899999993,0.003962837545373896
2025-05-10 09:20:00,103760,103423.32650930322,0.0032552955127245022
2025-05-10 10:20:26,103762,103350.43899999993,0.003982189180638841
2025-05-10 10:21:01,103762,103423.32650930322,0.0032746335099394738
2025-05-10 11:17:00,103762,103684.33299999991,0.000749071704016157
2025-05-10 11:17:34,103762,103636.20976281217,0.0012137672486838406
2025-05-10 12:37:14,103435,103690.57249999991,-0.0024647612009269953
2025-05-10 12:37:48,103435,103597.47035905354,-0.001568285002427542
2025-05-10 13:25:54,103696,103690.57249999991,5.234323496567207e-05
2025-05-10 13:26:29,103696,103597.47035905354,0.0009510815332167408
2025-05-10 14:17:18,103696,103690.57249999991,5.234323496567207e-05
2025-05-10 14:17:53,103696,103597.47035905354,0.0009510815332167408
2025-05-10 15:19:50,103629,103636.00649999992,-6.760681192318846e-05
2025-05-10 15:20:26,103629,103604.60794840303,0.0002354340417861862
2025-05-10 16:23:33,103139,103539.75949999991,-0.0038705855792519313
2025-05-10 16:24:07,103139,103508.35797476096,-0.0035683879252632394
2025-05-10 17:16:10,103368,103492.99699999992,-0.0012077822038520714
2025-05-10 17:16:46,103325,103438.53846525794,-0.0010976418165079946
2025-05-10 18:25:42,103190,103402.70649999994,-0.002057068980103941
2025-05-10 18:26:18,103190,103386.832551009,-0.0019038454525811485
2025-05-10 19:15:15,103086,103320.65449999993,-0.0022711286638232783
2025-05-10 19:15:51,103089,103310.34171718595,-0.0021424933216451316
2025-05-10 20:20:29,103264,103272.1994999999,-7.939697265671764e-05
2025-05-10 20:21:03,103247,103291.6605164057,-0.000432372915513378
2025-05-10 21:17:20,103228,103267.6709999999,-0.00038415701270052145
2025-05-10 21:17:55,103216,103273.46231477837,-0.000556409299062965
2025-05-10 22:18:08,103580,103302.02149999994,0.002690929915636315
2025-05-10 22:18:42,103600,103379.10856735641,0.0021367124915733847
2025-05-10 23:18:18,104779,103450.19349999992,0.012844891392108222
2025-05-10 23:18:52,104766,103595.32084406227,0.011300502246620823
2025-05-11 01:48:28,104260,104052.43199999993,0.0019948404473628467
2025-05-11 01:49:04,104258,104107.23601956776,0.0014481604372236108
2025-05-11 03:15:27,103857,104190.62399999992,-0.0032020539583285696
2025-05-11 03:16:03,103805,104020.21804152713,-0.002069002022676101
2025-05-11 04:24:40,104226,104226.6149999999,-5.900604177765687e-06
2025-05-11 04:25:16,104243,104080.7196802007,0.0015591775335329077
2025-05-11 05:19:20,104048,104161.32399999989,-0.001087966201350239
2025-05-11 05:19:55,104036,104090.86033274839,-0.0005270427448962799
2025-05-11 06:27:53,103904,104044.5734999999,-0.0013510892040890232
2025-05-11 06:28:28,103937,104014.34422413798,-0.0007435919027794326
2025-05-11 07:19:00,103656,103959.64199999988,-0.0029207680418895294
2025-05-11 07:19:36,103680,103926.69090403778,-0.0023737011338652663
2025-05-11 08:25:09,103942,103902.8014999999,0.0003772612425671747
2025-05-11 08:25:44,103942,103838.83444975216,0.0009935160654924423
2025-05-11 09:19:49,104185,103878.42799999991,0.002951257598931779
2025-05-11 09:20:24,104190,103908.64448534185,0.0027077199981936006
2025-05-11 10:19:45,104231,103924.42449999988,0.0029499850634258076
2025-05-11 10:20:21,104241,104039.40699934674,0.0019376600315928738
2025-05-11 11:15:41,104448,104051.12349999993,0.003814245215719093
2025-05-11 11:16:18,104434,104194.90257286472,0.0022947132847316743
2025-05-11 12:37:24,104791,104308.09449999995,0.004629607149041074
2025-05-11 12:37:58,104791,104400.79550509233,0.003737562467985537
2025-05-11 13:25:56,104450,104428.37249999992,0.00020710367769137745
2025-05-11 13:26:31,104452,104421.39549312269,0.00029308655312238976
2025-05-11 14:18:31,103827,104410.54899999991,-0.005588985074677773
2025-05-11 14:19:06,103884,104279.65194054309,-0.003794143278965643
2025-05-11 15:19:33,104619,104419.33599999991,0.0019121362733056624
2025-05-11 15:20:09,104605,104319.74651756992,0.002734415026421086
2025-05-11 16:23:49,104068,104334.5564999999,-0.002554824680736573
2025-05-11 16:24:24,104052,104233.66680790237,-0.0017428803328695026
2025-05-11 17:16:23,103984,104200.82649999991,-0.002080852017041424
2025-05-11 17:16:57,103989,104158.7253056243,-0.0016294871613136137
2025-05-11 18:26:09,104000,104090.5419999999,-0.0008698388754657412
2025-05-11 18:26:45,104000,104098.25966309357,-0.0009439126399575114
2025-05-11 19:15:17,104587,104187.89649999993,0.0038306128965764318
2025-05-11 19:15:51,104560,104243.98981449146,0.003031447530652818
2025-05-11 20:20:41,104371,104205.38399999993,0.0015893228703045459
2025-05-11 20:21:16,104397,104290.39170952461,0.0010222254296667814
2025-05-11 21:17:58,104125,104212.19149999993,-0.0008366727418828738
2025-05-11 21:18:33,104125,104256.9922758169,-0.0012660280422027313
2025-05-11 22:18:54,104016,104249.85499999994,-0.002243216549317386
2025-05-11 22:19:29,104054,104226.67297622938,-0.0016567062086762035
2025-05-11 23:18:39,103962,104211.50849999992,-0.002394250919032841
2025-05-11 23:19:14,103963,104081.23220562353,-0.0011359608559394043
2025-05-12 01:47:03,103963,104138.04499999994,-0.0016808938558424075
2025-05-12 01:47:39,103999,104205.0775212642,-0.001977614970078127
2025-05-12 03:14:51,103900,104082.81549999992,-0.0017564426857757738
2025-05-12 03:15:26,103889,104074.3208428621,-0.0017806586808470177
2025-05-12 04:26:17,103921,104117.79549999993,-0.001890123576424885
2025-05-12 04:26:51,103921,104047.54985860422,-0.0012162694727189491
2025-05-12 05:21:08,103889,104065.84499999994,-0.0016993567870413492
2025-05-12 05:21:42,103870,104016.09413566567,-0.0014045339510164881
2025-05-12 06:31:52,104208,103975.36749999992,0.0022373808873537276
2025-05-12 06:32:27,104192,104030.53081689026,0.001552132646462748
2025-05-12 07:21:21,105410,104155.50849999994,0.0120444085777764
2025-05-12 07:21:55,105492,104337.65491782775,0.01106355210955592
2025-05-12 08:29:06,104253,104221.93749999993,0.0002980418589903184
2025-05-12 08:29:41,104222,104335.57620831337,-0.0010885664549032741
2025-05-12 09:24:01,104419,104326.53699999992,0.0008862845701480171
2025-05-12 09:24:35,104434,104393.20858631945,0.0003907477721294417
2025-05-12 10:23:54,104250,104412.36049999992,-0.0015549930987330048
2025-05-12 10:24:28,104250,104384.72106752814,-0.0012906205635304167
2025-05-12 11:18:16,104476,104528.1284999999,-0.0004987030835427648
2025-05-12 11:18:52,104436,104415.9641065899,0.00019188534609173338
2025-05-12 12:43:12,104074,104322.28349999993,-0.0023799661172095835
2025-05-12 12:43:47,104095,104248.04299076044,-0.00146806583960531
2025-05-12 13:33:21,104148,104277.15199999991,-0.0012385455252931596
2025-05-12 13:33:58,104288,104213.0367947602,0.000719326559760735
2025-05-12 14:21:52,104031,104188.78449999992,-0.0015144096435823345
2025-05-12 14:22:26,103966,104141.32768712859,-0.0016835553283450432
2025-05-12 15:24:45,103030,103863.85699999993,-0.008028365439961771
2025-05-12 15:25:21,103016,103715.37245816507,-0.006743189959108287
2025-05-12 16:27:27,102988,103520.19549999993,-0.005140982369956297
2025-05-12 16:28:02,102984,103397.03768230787,-0.003994676168353553
2025-05-12 17:18:22,102990,103314.97849999992,-0.0031455119549768373
2025-05-12 17:18:56,103038,103247.16498142842,-0.0020258665839981266
2025-05-12 18:29:31,101752,102945.98549999991,-0.011598174462081466
2025-05-12 18:30:07,101731,102894.17529237385,-0.011304578602906238
2025-05-12 19:17:33,102050,102588.30749999991,-0.0052472597815292794
2025-05-12 19:18:08,102119,102595.28671200905,-0.00464238394640893
2025-05-12 20:23:38,102089,102329.05649999992,-0.0023459270339301814
2025-05-12 20:24:14,102123,102326.65405028683,-0.001990234628279232
2025-05-12 21:19:30,102532,102303.27199999991,0.002235783817355229
2025-05-12 21:20:07,102445,102404.88033447167,0.00039177493687107335
2025-05-12 22:20:06,102625,102219.23049999993,0.003969600416822428
2025-05-12 22:20:40,102630,102452.56959346066,0.0017318297358806523
2025-05-12 23:19:25,102998,102293.42099999993,0.006887823215923839
2025-05-12 23:20:01,102991,102607.06405951205,0.0037418080714722323
2025-05-13 01:44:31,102190,102603.25849999992,-0.004027732705973698
2025-05-13 01:45:06,102247,102501.40358217312,-0.0024819521809686575
2025-05-13 03:12:38,102100,102494.56499999994,-0.003849618757833104
2025-05-13 03:13:12,102122,102350.80605029581,-0.0022355080445910108
2025-05-13 04:26:18,102286,102234.48849999992,0.0005038563869772831
2025-05-13 04:26:54,102270,102165.47926026853,0.0010230533883680765
2025-05-13 05:20:46,102611,102229.7329999999,0.00372951184368343
2025-05-13 05:21:20,102589,102329.28620646907,0.0025380201813086684
2025-05-13 06:30:27,102358,102244.68749999994,0.001108248289184299
2025-05-13 06:31:02,102390,102369.11922557428,0.00020397532560292368
2025-05-13 07:21:15,102889,102325.14849999995,0.005510390243900288
2025-05-13 07:21:49,102890,102476.13642943268,0.004038633627179318
2025-05-13 08:29:00,102558,102478.68399999995,0.0007739755908658026
2025-05-13 08:29:35,102572,102544.98883214743,0.0002634079749795041
2025-05-13 09:23:21,103220,102669.05999999997,0.005366173606732462
2025-05-13 09:23:58,103157,102671.41434598215,0.004729511686490687
2025-05-13 10:23:17,103388,102827.24999999996,0.005453320982522083
2025-05-13 10:23:51,103391,102919.47873685238,0.004581457941049398
2025-05-13 11:18:22,103539,103044.77599999997,0.0047962062628000785
2025-05-13 11:18:57,103539,103117.9944832785,0.004082755088781066
2025-05-13 12:43:20,103891,103305.51599999997,0.005667499884517551
2025-05-13 12:43:54,103808,103340.45182084428,0.004524348122323752
2025-05-13 13:33:38,103849,103502.48199999995,0.003347919714621479
2025-05-13 13:34:12,103880,103465.64354270599,0.004004773402129188
2025-05-13 14:21:45,103242,103543.36049999992,-0.0029104763313136115
2025-05-13 14:22:20,103312,103421.64204291331,-0.001060146026958455
2025-05-13 15:22:44,103667,103547.26999999992,0.0011562835022119206
2025-05-13 15:23:18,103652,103434.99984544571,0.002097937399125404
2025-05-13 16:27:29,104146,103632.11749999992,0.004958718516970187
2025-05-13 16:28:03,104196,103618.65955301913,0.005571780695401323
2025-05-13 17:18:58,103843,103671.80099999996,0.0016513555118043812
2025-05-13 17:19:33,103862,103691.33160775632,0.0016459272882065326
2025-05-13 18:29:27,104401,103789.39999999994,0.005892701952223102
2025-05-13 18:30:02,104360,103887.29657453198,0.004550156189008983
2025-05-13 19:17:14,104232,103949.69999999992,0.002715736553352976
2025-05-13 19:17:49,104200,104002.79953295994,0.0018961072963960767
2025-05-13 20:23:25,104526,104216.78299999991,0.0029670556996572403
2025-05-13 20:23:59,104514,104246.8950318252,0.002562234281349614
2025-05-13 21:19:35,104419,104317.30299999994,0.0009748814154067842
2025-05-13 21:20:11,104429,104309.57430157879,0.0011449159793896694
2025-05-13 22:20:18,104242,104406.87799999994,-0.0015791871489533368
2025-05-13 22:20:52,104209,104302.56519849462,-0.0008970555835952404
2025-05-13 23:19:35,104131,104386.51149999994,-0.0024477444099656035
2025-05-13 23:20:09,104186,104260.8617324188,-0.0007180233423633498
2025-05-14 01:43:10,104023,104139.28699999995,-0.0011166487053051652
2025-05-14 01:43:44,104012,104082.77496650312,-0.0006799873132311528
2025-05-14 03:11:10,103688,103938.70949999997,-0.0024120897902813404
2025-05-14 03:11:44,103683,103906.20716128786,-0.002148160031877521
2025-05-14 04:25:24,103673,103796.43299999999,-0.0011891834471805982
2025-05-14 04:25:58,103680,103781.86462667759,-0.0009815262718974667
2025-05-14 05:20:40,103785,103743.91799999998,0.0003959942981912828
2025-05-14 05:21:14,103778,103776.38713288389,1.5541754349647427e-05
2025-05-14 06:30:25,103778,103712.74099999997,0.0006292283799541524
2025-05-14 06:31:00,103753,103790.62198830585,-0.0003624796497518823
2025-05-14 07:20:48,103598,103705.56199999996,-0.0010371864143599331
2025-05-14 07:21:24,103539,103751.61482126065,-0.002049267586118387
2025-05-14 08:28:20,103637,103698.26599999997,-0.0005908102648502741
2025-05-14 08:28:56,103637,103709.16666404468,-0.0006958561751677642
2025-05-14 09:22:41,103157,103639.79299999998,-0.004658374800111538
2025-05-14 09:23:15,103210,103573.11634902867,-0.0035058938248513577
2025-05-14 10:23:08,103700,103599.52649999996,0.0009698258611253062
2025-05-14 10:23:43,103713,103574.1296170729,0.001340782523980826
2025-05-14 11:18:04,103873,103606.17949999998,0.0025753338390401338
2025-05-14 11:18:39,103873,103666.94394106748,0.0019876737086959597
2025-05-14 12:42:01,104063,103703.38149999994,0.0034677605956374264
2025-05-14 12:42:36,104095,103816.51721106896,0.0026824516600268693
2025-05-14 13:32:10,104111,103789.21049999996,0.0031004137949391447
2025-05-14 13:32:45,104130,103909.04771395665,0.0021264008371204854
2025-05-14 14:21:24,103200,103782.55399999997,-0.005613217034531399
2025-05-14 14:21:58,103199,103827.91827181116,-0.00605731370020065
2025-05-14 15:22:43,103168,103750.25299999994,-0.005612063423112222
2025-05-14 15:23:18,103120,103596.51437306491,-0.004599714343176858
2025-05-14 16:27:05,103492,103696.69449999995,-0.0019739732398119424
2025-05-14 16:27:40,103437,103575.98550553374,-0.001341869979371944
2025-05-14 17:18:42,102970,103534.54249999995,-0.00545269710348073
2025-05-14 17:19:16,102995,103456.58241264844,-0.004461605070302461
2025-05-14 18:27:41,103348,103352.476,-4.330810613569733e-05
2025-05-14 18:28:16,103329,103367.08745980913,-0.00036846795962923223
2025-05-14 19:16:59,103578,103334.13349999997,0.002359980112476899
2025-05-14 19:17:34,103597,103414.61133772778,0.0017636643402021963
2025-05-14 20:19:34,103408,103346.23399999998,0.0005976608688035775
2025-05-14 20:20:10,103416,103396.60151935137,0.00018761236214321256
2025-05-14 21:16:34,103515,103350.54699999999,0.0015912155743114608
2025-05-14 21:17:09,103515,103434.55136076978,0.0007777733665574035
2025-05-14 22:17:18,103485,103421.08549999996,0.0006180026025741398
2025-05-14 22:17:52,103485,103468.85369563207,0.00015604990092401745
2025-05-14 23:19:12,103468,103487.92549999995,-0.0001925393702084975
2025-05-14 23:19:47,103498,103487.3973768322,0.00010245327872329514
2025-05-15 01:41:39,103344,103570.07599999996,-0.0021828312648911967
2025-05-15 01:42:13,103333,103553.52348078002,-0.00212956037967115
2025-05-15 03:10:39,102916,103405.44849999997,-0.00473329507390483
2025-05-15 03:11:14,102913,103300.2254580327,-0.0037485441712807803
2025-05-15 04:25:28,102839,103228.34199999998,-0.0037716579812933078
2025-05-15 04:26:03,102847,103108.27513904698,-0.0025339880692857586
2025-05-15 05:21:09,102605,103052.08149999999,-0.004338403392657195
2025-05-15 05:21:43,102598,102983.82941459343,-0.00374650483271658
2025-05-15 06:30:43,102634,102786.08899999999,-0.0014796652103378763
2025-05-15 06:31:17,102594,102807.23342739466,-0.0020741091875140587
2025-05-15 07:20:56,102100,102630.624,-0.005170230671110371
2025-05-15 07:21:31,102095,102604.74102399977,-0.004968006535687652
2025-05-15 08:28:30,102036,102414.60500000001,-0.003696787191631608
2025-05-15 08:29:06,102042,102369.50589435521,-0.0031992524677534177
2025-05-15 09:22:58,101950,102276.88549999999,-0.0031960838306910456
2025-05-15 09:23:32,101964,102279.6375735477,-0.0030860255377883486
2025-05-15 10:23:18,101891,102088.9125,-0.0019386287418822863
2025-05-15 10:23:53,101900,102122.25943869873,-0.0021764054175882133
2025-05-15 11:18:04,102101,101971.49349999998,0.0012700265099090434
2025-05-15 11:18:39,102148,102066.09878531493,0.0008024330865956107
2025-05-15 12:42:05,102711,102070.38999999998,0.0062761590310374555
2025-05-15 12:42:40,102628,102224.80278153435,0.003944221045134464
2025-05-15 13:30:53,102546,102199.74399999999,0.0033880319700214565
2025-05-15 13:31:28,102521,102361.6243417435,0.0015569864124508864
2025-05-15 14:21:27,102287,102204.98850000004,0.0008024216939270446
2025-05-15 14:22:01,102305,102299.93239329495,4.9536755171735354e-05
2025-05-15 15:20:52,102225,102229.42650000003,-4.329966577705979e-05
2025-05-15 15:21:25,102200,102191.77288385335,8.050663878783417e-05
2025-05-15 16:27:15,103170,102478.45550000003,0.0067481940143016145
2025-05-15 16:27:49,103117,102510.2561666349,0.005918859790758934
2025-05-15 17:18:36,103737,102749.31150000004,0.009612604557452045
2025-05-15 17:19:10,103775,102915.99379805055,0.008346673536817386
2025-05-15 18:29:40,103505,102997.62850000005,0.0049260503119248995
2025-05-15 18:30:14,103502,103257.41485384491,0.0023686932943390894
2025-05-15 19:16:56,103160,103175.35250000007,-0.0001488000731576502
2025-05-15 19:17:30,103175,103176.97364078223,-1.9128694248254378e-05
2025-05-15 20:24:13,103332,103370.24800000007,-0.00037000975367752867
2025-05-15 20:24:49,103329,103137.91447174006,0.0018527185588214947
2025-05-15 21:19:46,103028,103402.43350000003,-0.003621128510481605
2025-05-15 21:20:20,103019,103179.04198495674,-0.0015511094295687915
2025-05-15 22:19:42,103938,103355.90350000003,0.005631961796937612
2025-05-15 22:20:16,103960,103316.54857817487,0.006227960870549773
2025-05-15 23:20:02,103270,103265.403,4.4516361399318754e-05
2025-05-15 23:20:40,103247,103344.702339414,-0.0009454024947801871
2025-05-16 01:44:46,104049,103607.87750000002,0.004257615450137786
2025-05-16 01:45:22,104060,103684.86779276948,0.0036180034292012603
2025-05-16 03:13:22,104090,103862.3105,0.002192224483586788
2025-05-16 03:13:56,104100,103881.2826113386,0.0021054552192979062
2025-05-16 04:26:22,103926,103987.48250000003,-0.000591249047692133
2025-05-16 04:26:57,103938,103947.24887638006,-8.897663459149403e-05
2025-05-16 05:21:28,104082,104018.56850000001,0.0006098093918682557
2025-05-16 05:22:03,104120,103957.27548153026,0.0015653018772952476
2025-05-16 06:30:42,103992,104046.26250000004,-0.0005215228177950238
2025-05-16 06:31:16,103992,103957.44781104315,0.0003323685766088778
2025-05-16 07:20:44,104089,104021.8245,0.0006457827510994825
2025-05-16 07:21:17,104120,103974.99902208886,0.0013945754198116205
2025-05-16 08:28:16,103185,103898.161,-0.006864038719607298
2025-05-16 08:28:51,103195,103825.64873876289,-0.006074113154348512
2025-05-16 09:22:24,103698,103798.9,-0.0009720719583732986
2025-05-16 09:22:58,103690,103729.87577001423,-0.0003844193364565623
2025-05-16 10:22:35,103744,103758.46849999999,-0.00013944403969289628
2025-05-16 10:23:10,103764,103739.58418042172,0.00023535682903660693
2025-05-16 11:17:51,103779,103720.13999999998,0.000567488628534585
2025-05-16 11:18:25,103764,103746.6672946706,0.00016706758666449727
2025-05-16 12:42:05,103607,103628.04099999998,-0.00020304349862198872
2025-05-16 12:42:41,103637,103697.32621394597,-0.0005817528392343085
2025-05-16 13:31:42,103520,103642.49049999999,-0.0011818560072134252
2025-05-16 13:32:18,103474,103634.43002518809,-0.0015480378977247246
2025-05-16 14:20:17,103794,103691.00649999999,0.0009932732208555756
2025-05-16 14:20:52,103808,103694.82291667606,0.001091443913404297
2025-05-16 15:20:30,104020,103696.372,0.0031209192159586544
2025-05-16 15:21:07,103992,103725.71091362504,0.002567242817903741
2025-05-16 16:26:21,103987,103765.86450000001,0.0021311006376281806
2025-05-16 16:26:57,104030,103851.55154687529,0.0017183031978503323
2025-05-16 17:17:19,104271,103863.793,0.003920586647552867
2025-05-16 17:17:52,104288,103945.81687695456,0.0032919374086068202
2025-05-16 18:28:54,103864,103938.81049999999,-0.000719755206357613
2025-05-16 18:29:30,103842,103938.92546412385,-0.0009325232456564756
2025-05-16 19:17:10,103688,103926.1705,-0.002291727856940451
2025-05-16 19:17:44,103643,103865.61738585107,-0.002143321259277466
2025-05-16 20:22:49,103858,103962.13000000003,-0.0010016147225920988
2025-05-16 20:23:25,103854,103879.0147807979,-0.00024080687375288586
2025-05-16 21:19:16,103652,103876.32750000003,-0.0021595632556419405
2025-05-16 21:19:52,103640,103813.52475387254,-0.0016715043081712243
2025-05-16 22:19:39,103448,103758.23250000001,-0.002989955519915133
2025-05-16 22:20:15,103448,103721.72280094399,-0.0026390113233010696
2025-05-16 23:19:21,103565,103680.62300000002,-0.0011151842712212618
2025-05-16 23:19:57,103565,103667.26282962595,-0.0009864524907348608
2025-05-17 01:41:37,102824,103429.74899999998,-0.005856622546768258
2025-05-17 01:42:12,102815,103375.72788678907,-0.005424173529429912
2025-05-17 03:09:02,103243,103273.93049999996,-0.00029949959152526464
2025-05-17 03:09:36,103243,103267.53226425497,-0.00023756028363490088
2025-05-17 04:24:17,103599,103257.03549999998,0.003311779176538692
2025-05-17 04:24:51,103592,103354.7189743696,0.0022957928576946246
2025-05-17 05:19:09,103559,103286.25850000001,0.0026406368471560923
2025-05-17 05:19:44,103577,103435.70340993408,0.0013660330563609626
2025-05-17 06:27:44,103379,103350.49850000003,0.00027577515748479313
2025-05-17 06:28:20,103360,103429.78398201379,-0.0006746990985297238
2025-05-17 07:18:34,103500,103463.1455,0.00035620896524938227
2025-05-17 07:19:08,103500,103453.78531206754,0.00044671819202217743
2025-05-17 08:24:42,103175,103488.44149999999,-0.0030287585304875453
2025-05-17 08:25:18,103210,103432.98725421657,-0.0021558620720149237
2025-05-17 09:19:55,103074,103453.2865,-0.0036662585871547154
2025-05-17 09:20:32,103074,103392.13616534258,-0.003076986095285118
2025-05-17 10:20:45,102951,103313.09099999997,-0.003504793017953275
2025-05-17 10:21:22,102947,103232.09423516603,-0.0027616821810916704
2025-05-17 11:15:55,102777,103195.39499999999,-0.004054396031915858
2025-05-17 11:16:30,102805,103099.24302163994,-0.0028539784872928424
2025-05-17 12:37:53,103004,103060.862,-0.0005517322375975637
2025-05-17 12:38:29,103004,103051.20835333932,-0.00045810577181637025
2025-05-17 13:26:09,102884,102990.7715,-0.001036709390996285
2025-05-17 13:26:43,102884,103025.67202578475,-0.001375113823565172
2025-05-17 14:17:39,102907,102914.78400000001,-7.56353917044047e-05
2025-05-17 14:18:14,102944,102970.69774884079,-0.0002592752057085781
2025-05-17 15:19:25,103026,102944.85549999999,0.0007882326863823655
2025-05-17 15:20:01,103144,103023.83418946306,0.0011663884525589963
2025-05-17 16:24:17,103022,102983.7505,0.00037141296383457465
2025-05-17 16:24:53,103085,103015.6725463903,0.0006729796728597947
2025-05-17 17:16:37,103102,102986.18000000004,0.001124616914618673
2025-05-17 17:17:13,103102,103010.69600229783,0.0008863545364272881
2025-05-17 18:26:53,103164,103032.79250000001,0.001273453788996251
2025-05-17 18:27:27,103164,103076.13771116937,0.0008524018340387081
2025-05-17 19:16:38,103077,103073.0785,3.8045822023223456e-05
2025-05-17 19:17:12,103077,103072.25782967742,4.600821232053351e-05
2025-05-17 20:21:17,103148,103083.98050000003,0.0006210421802635547
2025-05-17 20:21:51,103118,103093.74453712805,0.00023527579661456976
2025-05-17 21:18:05,103321,103154.036,0.0016185891165713306
2025-05-17 21:18:40,103311,103174.86109383788,0.001319496868896164
2025-05-17 22:18:25,102986,103159.81249999997,-0.0016848857688644106
2025-05-17 22:18:59,102969,103139.81212346388,-0.001656122111793366
2025-05-17 23:19:00,103096,103136.759,-0.00039519372525566245
2025-05-17 23:19:35,103096,103119.79795203419,-0.00023077966119813446
2025-05-18 01:49:41,103239,103185.24899999998,0.0005209174811413054
2025-05-18 01:50:16,103239,103196.03974912262,0.00041629747596731394
2025-05-18 03:18:24,103190,103219.25150000001,-0.0002833919019458597
2025-05-18 03:18:58,103190,103231.0635171604,-0.00039778256429148795
2025-05-18 04:27:25,103309,103258.74549999999,0.0004866851689575293
2025-05-18 04:28:00,103309,103251.82875324995,0.0005537068683468515
2025-05-18 05:20:09,103446,103302.3,0.001391062928898941
2025-05-18 05:20:43,103446,103304.23059937498,0.0013723484488725455
2025-05-18 06:28:45,103528,103358.12,0.0016436057466989982
2025-05-18 06:29:20,103528,103389.47470272747,0.0013398394533952888
2025-05-18 07:18:34,103561,103407.39799999997,0.0014854062955923918
2025-05-18 07:19:12,103555,103430.31487158548,0.0012054988768943299
2025-05-18 08:24:29,103948,103528.94449999998,0.004047713439211358
2025-05-18 08:25:04,103983,103579.65044065205,0.0038941004109591245
2025-05-18 09:19:34,103925,103655.81,0.0025969600739215904
2025-05-18 09:20:09,103952,103699.39001548212,0.002435983321407861
2025-05-18 10:20:34,103899,103752.2555,0.001414374071125622
2025-05-18 10:21:09,103892,103760.02918854366,0.0012718848721267628
2025-05-18 11:15:46,103852,103805.06799999998,0.0004521166538806685
2025-05-18 11:16:20,103852,103786.26796089624,0.000633340425426326
2025-05-18 12:38:18,103885,103879.63949999996,5.160299001652662e-05
2025-05-18 12:38:52,103885,103806.06541316179,0.0007604043802646586
2025-05-18 13:26:35,103918,103877.16099999998,0.00039314705568456747
2025-05-18 13:27:09,103907,103833.90939447249,0.0007039184593333122
2025-05-18 14:17:54,104597,103967.22599999998,0.006057428136055295
2025-05-18 14:18:29,104601,104019.60243864665,0.005589307666276437
2025-05-18 15:19:05,105386,104249.11499999998,0.010905464281399647
2025-05-18 15:19:39,105381,104449.39654852422,0.008919184622028726
2025-05-18 16:23:28,105280,104559.968,0.0068863066216700314
2025-05-18 16:24:03,105260,104750.37836842054,0.004865105401214441
2025-05-18 17:16:31,105840,104999.97249999996,0.008000264000069528
2025-05-18 17:17:07,105831,105119.80027680288,0.006765611438800087
2025-05-18 18:27:00,104501,105166.00299999995,-0.006323364785480662
2025-05-18 18:27:35,104549,104984.08998893962,-0.004144342147324058
2025-05-18 19:15:48,104629,105160.47599999998,-0.005053952019007413
2025-05-18 19:16:23,104488,104853.43258509542,-0.003485175221124466
2025-05-18 20:21:34,103696,104887.82249999997,-0.011362830036823065
2025-05-18 20:22:09,103882,104541.36308431815,-0.006307198078011803
2025-05-18 21:17:46,104253,104637.31549999994,-0.003672834095212802
2025-05-18 21:18:21,104264,104427.42337525923,-0.0015649469265555421
2025-05-18 22:18:46,104027,104342.52999999994,-0.0030239826463853313
2025-05-18 22:19:19,104045,104352.64146205748,-0.002948094631311636
2025-05-18 23:19:06,105490,104545.65350000001,0.009032862375287415
2025-05-18 23:19:41,105548,104835.51047707997,0.00679626130189736
2025-05-19 01:48:58,105080,105246.2195,-0.0015793393890030083
2025-05-19 01:49:32,105071,105235.43771443542,-0.0015625697769380375
2025-05-19 03:19:07,104145,105292.06099999999,-0.010894088206707123
2025-05-19 03:19:42,104186,104905.84844758997,-0.006861852396624053
2025-05-19 04:28:32,103314,104877.20099999997,-0.01490506025232283
2025-05-19 04:29:07,103296,104471.48434883122,-0.011251724393101044
2025-05-19 05:20:54,102883,104240.43100000003,-0.013022116149922918
2025-05-19 05:21:29,102888,103993.8811208892,-0.010634097977395927
2025-05-19 06:31:50,102606,103651.81799999998,-0.010089721725864807
2025-05-19 06:32:25,102418,103518.0517456104,-0.010626665852577212
2025-05-19 07:21:19,102755,103301.41149999997,-0.005289487259329201
2025-05-19 07:21:50,102762,103263.61901792964,-0.004857654832362045
2025-05-19 08:30:24,103248,103022.78050000004,0.0021861135848489626
2025-05-19 08:30:59,103200,103240.80794912862,-0.0003952695638407522
2025-05-19 09:24:29,103222,102962.58900000005,0.0025194685032633455
2025-05-19 09:25:04,103217,103219.19843853406,-2.129873674005668e-05
2025-05-19 10:23:47,103081,102977.21300000005,0.0010078637494292347
2025-05-19 10:24:22,103070,103165.02287037762,-0.0009210764242936776
2025-05-19 11:18:26,102901,102970.27100000004,-0.0006727281508275043
2025-05-19 11:19:01,102987,103088.84651010834,-0.0009879488766843028
2025-05-19 12:44:04,102377,102997.78350000005,-0.006027153972687658
2025-05-19 12:44:39,102394,102938.90043331037,-0.005293435533279113
2025-05-19 13:33:02,102520,102860.64750000005,-0.0033117378538770124
2025-05-19 13:33:36,102603,102791.21209318236,-0.0018310134626269518
2025-05-19 14:21:30,103640,102925.71350000004,0.006939825585954846
2025-05-19 14:22:05,103700,103006.80521855551,0.006729601796441459
2025-05-19 15:23:23,104560,103163.03550000004,0.013541327988550294
2025-05-19 15:23:57,104597,103431.93949366453,0.011264030356956008
2025-05-19 16:27:01,104904,103524.48250000006,0.013325519400688072
2025-05-19 16:27:36,104988,103877.20084976622,0.010693387395375533
2025-05-19 17:18:30,105110,103991.13750000004,0.010759210129805137
2025-05-19 17:19:05,105042,104282.8630239923,0.007279594690769591
2025-05-19 18:30:10,105173,104556.60300000005,0.005895342640387363
2025-05-19 18:30:45,105123,104599.3646846976,0.005006104165936689
2025-05-19 19:17:04,104952,104787.80450000004,0.0015669332970895283
2025-05-19 19:17:38,104971,104663.29695897883,0.0029399326216694014
2025-05-19 20:23:03,105507,105123.20200000002,0.003650935214092704
2025-05-19 20:23:37,105516,104965.66004725851,0.005243047607128932
2025-05-19 21:19:35,105370,105248.99299999999,0.0011497212139598557
2025-05-19 21:20:09,105361,105122.5447265908,0.0022683552232243675
2025-05-19 22:20:05,105283,105274.86100000003,7.731190450079501e-05
2025-05-19 22:20:39,105238,105178.30893931244,0.000567522536628749
2025-05-19 23:19:32,105580,105326.30650000002,0.0024086432765966148
2025-05-19 23:20:07,105580,105301.20108017964,0.002647632856609788
2025-05-20 01:45:15,106352,105650.59950000005,0.006638869096052265
2025-05-20 01:45:49,106380,105722.72400632726,0.006216979366076507
2025-05-20 03:13:17,105984,105895.37800000006,0.0008368826069060802
2025-05-20 03:13:52,105984,105936.52980942834,0.00044810029795255645
2025-05-20 04:25:43,105630,105968.50050000011,-0.00319435019277366
2025-05-20 04:26:17,105600,105858.27329891307,-0.00243980268017206
2025-05-20 05:20:51,106337,106055.80000000009,0.002651434433570908
2025-05-20 05:21:26,106304,105954.8658330244,0.0032951215994723435
2025-05-20 06:30:57,105545,106014.82200000001,-0.004431663338547271
2025-05-20 06:31:31,105534,105887.98999535522,-0.003343060864322298
2025-05-20 07:21:02,105492,105866.95150000004,-0.0035417237833663237
2025-05-20 07:21:36,105533,105801.25371003323,-0.002535449256285966
2025-05-20 08:29:10,104920,105707.15650000008,-0.007446577186096989
2025-05-20 08:29:45,104920,105597.39524261742,-0.006414885907564848
2025-05-20 09:23:10,105321,105563.69400000005,-0.002299029058229496
2025-05-20 09:23:44,105321,105438.497802208,-0.0011143728776221485
2025-05-20 10:23:50,105255,105390.08400000006,-0.0012817524654412525
2025-05-20 10:24:25,105280,105388.64839987858,-0.0010309307646335607
2025-05-20 11:18:14,104972,105221.84200000003,-0.002374430966529109
2025-05-20 11:18:49,104944,105269.01763260804,-0.003087495636582846
2025-05-20 12:43:44,104671,105119.03750000005,-0.004262191803269215
2025-05-20 12:44:19,104694,105168.89762386223,-0.004515570996671507
2025-05-20 13:33:35,104505,105045.93900000004,-0.005149546999623107
2025-05-20 13:34:10,104580,104992.2875351629,-0.003926836388099703
2025-05-20 14:21:06,104866,104975.49300000002,-0.0010430339203076355
2025-05-20 14:21:41,104895,104915.4412119717,-0.00019483511421738363
2025-05-20 15:23:35,104661,104843.79699999999,-0.0017435175492546441
2025-05-20 15:24:10,104651,104824.19569936022,-0.0016522492560491805
2025-05-20 16:27:15,105250,104851.66799999998,0.00379900489518225
2025-05-20 16:27:49,105260,104965.87414428583,0.0028021093342190944
2025-05-20 17:18:31,106142,104972.88149999993,0.011137338361051567
2025-05-20 17:19:05,106109,105215.14538087255,0.008495493836859233
2025-05-20 18:30:27,105794,105334.70249999997,0.004360362625982921
2025-05-20 18:31:02,105733,105528.92973284607,0.0019337850546816994
2025-05-20 19:16:47,105925,105497.75949999997,0.004049758990379593
2025-05-20 19:17:22,105810,105560.18587496679,0.002366556320098849
2025-05-20 20:24:03,106727,105904.1449999999,0.007769809198687158
2025-05-20 20:24:38,106711,105973.97731738334,0.006954751546309709
2025-05-20 21:19:35,106536,106193.09549999998,0.003229065867093203
2025-05-20 21:20:10,106548,106203.4311248162,0.0032444231936239977
2025-05-20 22:19:40,106115,106309.71299999999,-0.0018315635938175173
2025-05-20 22:20:15,106136,106231.46818901277,-0.0008986808771474983
2025-05-20 23:19:16,107091,106475.98099999996,0.005776128984433063
2025-05-20 23:19:50,107100,106458.9318884846,0.0060217409675584295
2025-05-21 01:44:45,106820,106691.5945,0.0012035203016859354
2025-05-21 01:45:20,106820,106667.71369551102,0.001427670090723906
2025-05-21 03:12:40,106944,106732.4295,0.0019822513269034284
2025-05-21 03:13:14,106944,106668.33793328235,0.0025842913844787243
2025-05-21 04:26:08,106913,106783.90299999996,0.0012089556232088463
2025-05-21 04:26:43,106913,106766.13431517685,0.0013755830513596725
2025-05-21 05:20:55,107652,106913.63349999995,0.006906195924957014
2025-05-21 05:21:29,107642,106993.94175658525,0.006056962037057246
2025-05-21 06:30:50,107893,107121.60499999994,0.007201115031837534
2025-05-21 06:31:24,107902,107252.16239235466,0.00605896975082029
2025-05-21 07:20:29,107196,107271.71799999995,-0.0007058524037057919
2025-05-21 07:21:03,107214,107305.51769145764,-0.0008528703222959208
2025-05-21 08:28:11,106469,107205.20499999993,-0.0068672505220239025
2025-05-21 08:28:45,106429,107056.16549317168,-0.00585828467031802
2025-05-21 09:23:46,106317,107100.33999999992,-0.007314075753633689
2025-05-21 09:24:20,106344,106826.63416734016,-0.004517919815615764
2025-05-21 10:23:04,106177,106856.82599999993,-0.006362026886330393
2025-05-21 10:23:38,106160,106628.69693259808,-0.0043955984278261145
2025-05-21 11:18:03,106561,106635.83249999993,-0.000701757544772123
2025-05-21 11:18:37,106587,106578.56106119695,7.918045354551597e-05
2025-05-21 12:42:51,106640,106460.60499999994,0.0016850834165376234
2025-05-21 12:43:25,106619,106602.68758545372,0.00015302066876318388
2025-05-21 13:32:39,106649,106458.36149999993,0.001790732990006368
2025-05-21 13:33:14,106649,106580.10818424965,0.0006463853051383105
2025-05-21 14:21:12,107719,106607.98099999994,0.010421536826591426
2025-05-21 14:21:48,107684,106803.44036548931,0.008244674811011229
2025-05-21 15:23:46,109164,107119.28499999995,0.019088206199285737
2025-05-21 15:24:21,109151,107446.32526851492,0.01586536093463405
2025-05-21 16:27:36,109170,107618.64299999992,0.014415318357062702
2025-05-21 16:28:10,109050,107957.80472879707,0.01011687180882064
2025-05-21 17:18:18,108746,108113.71749999991,0.005848309674487782
2025-05-21 17:18:53,108615,108314.94747370182,0.0027701857711839232
2025-05-21 18:29:56,106711,108055.07999999991,-0.0124388413760826
2025-05-21 18:30:31,106653,107566.42454597169,-0.008491725460125452
2025-05-21 19:17:03,106964,108014.1984999999,-0.009722781954447384
2025-05-21 19:17:40,107074,107488.42385088124,-0.0038555207717639608
2025-05-21 20:22:59,108315,107959.01549999994,0.003297404096835844
2025-05-21 20:23:34,108336,107764.84130483627,0.005300046733684529
2025-05-21 21:19:23,108196,107784.44349999989,0.003818329312059846
2025-05-21 21:19:57,108185,107899.10113498628,0.002649687180026149
2025-05-21 22:20:04,108314,107719.13949999986,0.0055223287408468534
2025-05-21 22:20:39,108370,108048.31371106235,0.002977244881376751
2025-05-21 23:19:38,109640,108233.59849999985,0.012994130468646985
2025-05-21 23:20:12,109604,108438.86844506697,0.010744593443662362
2025-05-22 01:43:54,109833,109076.58899999985,0.006934677797819236
2025-05-22 01:44:29,109840,109210.52967122337,0.00576382452014144
2025-05-22 03:13:00,110578,109775.47399999981,0.007310612933451679
2025-05-22 03:13:35,110528,109757.28233553455,0.0070220184762713415
2025-05-22 04:26:48,111316,110331.36899999983,0.0089243069212725
2025-05-22 04:27:22,111287,110373.17773120932,0.008279387144366759
2025-05-22 05:21:08,111391,110690.8664999998,0.006325124394976177
2025-05-22 05:21:43,111366,110745.23032399175,0.0056053852088451
2025-05-22 06:30:40,110836,110981.56449999983,-0.0013116097313606828
2025-05-22 06:31:14,110910,110848.26449440929,0.0005569370514936999
2025-05-22 07:20:47,110734,111067.26049999979,-0.0030005286751426294
2025-05-22 07:21:22,110717,110813.03825108988,-0.000866669235007041
2025-05-22 08:28:20,110913,111148.87349999983,-0.0021221402662243557
2025-05-22 08:28:55,110891,110851.02147443121,0.0003606509442766907
2025-05-22 09:23:11,110573,110995.23499999983,-0.0038040822202847413
2025-05-22 09:23:46,110554,110761.64285434355,-0.0018746819656386491
2025-05-22 10:22:50,110829,110849.09299999985,-0.00018126445112047953
2025-05-22 10:23:25,110800,110762.38569465328,0.0003395945754582976
2025-05-22 11:18:29,110659,110780.38899999982,-0.0010957625360913036
2025-05-22 11:19:04,110727,110783.14785779675,-0.0005068267049860547
2025-05-22 12:42:58,111482,110827.25299999987,0.005907815832989515
2025-05-22 12:43:33,111444,110883.69226137156,0.005053112204342027
2025-05-22 13:32:51,111565,110933.38649999983,0.005693628581330362
2025-05-22 13:33:25,111564,111065.56806857084,0.004487726845474172
2025-05-22 14:20:55,111081,110973.90049999984,0.0009650872819429902
2025-05-22 14:21:30,111114,111025.55802689657,0.0007965911153718591
2025-05-22 15:23:02,111254,111033.13149999981,0.0019892125621998368
2025-05-22 15:23:36,111217,111022.23163470444,0.001754318593922747
2025-05-22 16:27:18,111348,111163.18649999984,0.0016625423021691104
2025-05-22 16:27:52,111343,111143.66693413626,0.001793472101130757
2025-05-22 17:18:40,111524,111249.4809999998,0.0024675980286164613
2025-05-22 17:19:14,111504,111222.92855517905,0.0025270998387846295
2025-05-22 18:29:39,111668,111293.01549999983,0.0033693444131735885
2025-05-22 18:30:13,111695,111391.45758299646,0.0027250062400644543
2025-05-22 19:17:22,111751,111429.72799999981,0.0028831803304786574
2025-05-22 19:17:57,111704,111480.86463108083,0.0020015575736480663
2025-05-22 20:23:20,111145,111489.79449999981,-0.003092610418255054
2025-05-22 20:23:54,111142,111412.93338998446,-0.0024317947812764426
2025-05-22 21:19:25,111070,111418.94299999982,-0.003131810360109279
2025-05-22 21:19:59,111055,111287.68862003149,-0.0020908747671627695
2025-05-22 22:20:12,111120,111319.06849999986,-0.0017882695452115036
2025-05-22 22:20:47,111130,111180.16819280272,-0.00045123328753852624
2025-05-22 23:20:02,111240,111167.80576060658,0.0006494167884259688
2025-05-23 01:44:05,111227,111239.80549999986,-0.00011511616675612319
2025-05-23 01:44:41,111251,111339.27253101302,-0.0007928247509290232
2025-05-23 03:12:27,111199,111358.85599999984,-0.0014355032526541035
2025-05-23 03:13:01,111199,111337.53470149265,-0.0012442767110308099
2025-05-23 04:25:33,110767,111324.18649999987,-0.005005080364992075
2025-05-23 04:26:08,110752,111203.52912854907,-0.004060384882453765
2025-05-23 05:20:49,110870,111173.73949999987,-0.0027321155280547655
2025-05-23 05:21:23,110870,111075.8039812371,-0.001852824592400549
2025-05-23 06:30:25,110586,110981.49399999988,-0.0035636031354909993
2025-05-23 06:30:59,110645,110908.2083356786,-0.0023732087969716995
2025-05-23 07:20:29,110788,110871.22749999988,-0.0007506681568928898
2025-05-23 07:21:03,110777,110857.28897950344,-0.0007242553037562309
2025-05-23 08:28:22,110881,110795.32349999985,0.000773286247953841
2025-05-23 08:28:57,110891,110844.36159368129,0.0004207557844906465
2025-05-23 09:22:54,111174,110794.98899999983,0.0034208316045789204
2025-05-23 09:23:29,111136,110901.65219615596,0.002113113729176345
2025-05-23 10:22:34,111031,110862.84799999984,0.0015167569932910453
2025-05-23 10:23:08,111031,110969.3215716653,0.0005558151339589893
2025-05-23 11:17:42,111065,110931.8589999999,0.0012002052539307508
2025-05-23 11:18:18,111024,110984.96752788463,0.0003516915216969995
2025-05-23 12:41:19,108529,110464.76999999993,-0.017523867564291605
2025-05-23 12:41:53,108603,110126.16679646942,-0.013831107000069056
2025-05-23 13:31:01,108660,110015.96799999995,-0.012325192648397643
2025-05-23 13:31:36,108758,109620.8769491625,-0.007871465483373797
2025-05-23 14:20:07,109700,109842.9609999999,-0.0013015035164601395
2025-05-23 14:20:37,109680,109670.32244877609,8.824220634922548e-05
2025-05-23 15:21:45,109454,109508.27299999993,-0.0004956063913082469
2025-05-23 15:22:20,109427,109592.47351667008,-0.0015098985483242575
2025-05-23 16:26:11,108485,109090.08949999996,-0.005546695421860099
2025-05-23 16:26:46,108577,109361.30832215585,-0.007171716708485579
2025-05-23 17:18:55,109497,109134.21549999996,0.0033242049556863134
2025-05-23 17:19:30,109453,109314.62078413469,0.0012658802168702416
2025-05-23 18:27:46,109125,109298.73999999992,-0.0015895883154729694
2025-05-23 18:28:20,109136,109321.00638660348,-0.0016923223881530913
2025-05-23 19:16:42,109065,109185.70049999995,-0.0011054606917134551
2025-05-23 19:17:17,109060,109211.95775685267,-0.0013914021868465048
2025-05-23 20:22:55,108651,109027.45549999995,-0.0034528504611386892
2025-05-23 20:23:30,108655,109032.54334346946,-0.0034626665754291055
2025-05-23 21:17:24,108511,108909.8274999999,-0.00366199735280912
2025-05-23 21:17:58,108500,108815.76918671446,-0.002901869729677133
2025-05-23 22:19:56,108429,108741.64549999991,-0.002875122024890746
2025-05-23 22:20:30,108431,108682.69244690042,-0.002315846628692841
2025-05-23 23:19:48,107571,108438.11149999991,-0.007996372197978682
2025-05-23 23:20:22,107511,108371.41802181255,-0.00793952905220243
2025-05-24 01:40:25,107747,107828.95399999995,-0.0007600370490467178
2025-05-24 01:40:59,107714,107841.3901428393,-0.001181273188991424
2025-05-24 03:07:07,107988,107634.75999999997,0.003281839435513532
2025-05-24 03:07:42,107973,107803.72186418495,0.0015702438922128867
2025-05-24 04:24:31,108438,107755.11099999999,0.006337416329142941
2025-05-24 04:25:06,108438,108019.42331499798,0.0038750131426030124
2025-05-24 05:19:47,108318,107984.31249999997,0.0030901479323677612
2025-05-24 05:20:22,108328,108147.48681863914,0.0016691389386012912
2025-05-24 06:27:29,108222,108120.68200000003,0.0009370825093386867
2025-05-24 06:28:04,108222,108175.90752477702,0.00042608817691147584
2025-05-24 07:18:29,108190,108207.03900000003,-0.00015746665057560078
2025-05-24 07:19:05,108190,108136.95198727604,0.0004905632325405194
2025-05-24 08:24:20,107784,108171.20699999997,-0.003579575477973227
2025-05-24 08:24:54,107818,108033.08628252576,-0.0019909297228006204
2025-05-24 09:19:44,108271,108148.43650000003,0.001133289615333225
2025-05-24 09:20:17,108245,108093.5125105246,0.001401448486195259
2025-05-24 10:20:17,108265,108107.59350000003,0.0014560170558228934
2025-05-24 10:20:52,108255,108133.16255395379,0.00112673525094964
2025-05-24 11:15:38,109324,108306.44400000005,0.00939515657997185
2025-05-24 11:16:13,109351,108491.12830460604,0.007925732811808651
2025-05-24 12:37:52,108889,108543.49350000001,0.003183115715729092
2025-05-24 12:38:26,108841,108686.01383760752,0.00142599914119633
2025-05-24 13:27:47,108878,108692.39849999994,0.00170758491450589
2025-05-24 13:28:21,108839,108709.09259287617,0.0011950003815259635
2025-05-24 14:17:21,108900,108798.02799999993,0.0009372596348903228
2025-05-24 14:17:56,108926,108720.22395037746,0.0018927117894501342
2025-05-24 15:19:12,109131,108940.05999999994,0.0017527069472888178
2025-05-24 15:19:47,109131,108807.95746165924,0.0029689238349556116
2025-05-24 16:24:01,108876,108868.30299999996,7.070010083691462e-05
2025-05-24 16:24:35,108876,108813.41105906513,0.0005751951007298239
2025-05-24 17:16:38,109068,108858.07449999992,0.0019284329707676855
2025-05-24 17:17:12,109053,108869.9082435173,0.0016817480554237373
2025-05-24 18:26:46,109033,108891.04599999993,0.001303633358431241
2025-05-24 18:27:21,109033,108906.83334186202,0.0011584824777885335
2025-05-24 19:15:36,108867,108929.29899999991,-0.0005719214258407356
2025-05-24 19:16:11,108900,108892.84513920223,6.570551801294558e-05
2025-05-24 20:21:11,108953,108921.07149999992,0.0002931342811852697
2025-05-24 20:21:46,108953,108908.63403833167,0.0004073686357384103
2025-05-24 21:18:01,108831,108930.15949999992,-0.0009103034499818354
2025-05-24 21:18:37,108831,108896.45617312063,-0.0006010863477189156
2025-05-24 22:18:47,108747,108881.5874999999,-0.0012360905373455084
2025-05-24 22:19:22,108743,108846.21183164732,-0.0009482354039749093
2025-05-24 23:19:03,108257,108707.28999999992,-0.004142224500306476
2025-05-24 23:19:37,108244,108606.43598007351,-0.003337150112724523
2025-05-25 01:52:00,107750,108103.69549999996,-0.0032718169195238853
2025-05-25 01:52:34,107741,108032.0344959718,-0.002693964779332724
2025-05-25 03:20:57,108162,107848.6565,0.0029054001242936455
2025-05-25 03:21:32,108118,107983.36533733258,0.0012468092862898924
2025-05-25 04:27:14,107955,107840.39849999994,0.0010626954424696657
2025-05-25 04:27:48,107955,108008.46845815933,-0.0004950394994263317
2025-05-25 05:19:40,108118,107901.59149999998,0.002005609898719794
2025-05-25 05:20:15,108088,108056.06429070474,0.0002955475891601869
2025-05-25 06:27:55,107970,107997.50949999996,-0.0002547234665624995
2025-05-25 06:28:29,107978,108047.46528077732,-0.0006429144875986478
2025-05-25 07:18:36,107773,108019.60049999994,-0.0022829236440283112
2025-05-25 07:19:10,107782,107980.89194396515,-0.0018419179577472138
2025-05-25 08:24:47,107591,107929.66249999995,-0.0031378074586302703
2025-05-25 08:25:21,107619,107839.7994834797,-0.0020474767621718737
2025-05-25 09:19:42,106963,107736.16699999997,-0.00717648512592779
2025-05-25 09:20:16,106912,107589.44850437282,-0.0062966072769235
2025-05-25 10:20:08,107267,107540.11099999995,-0.0025396198447288783
2025-05-25 10:20:43,107273,107454.9160974143,-0.0016929527658779582
2025-05-25 11:15:45,107035,107336.25999999994,-0.002806693655992269
2025-05-25 11:16:20,107035,107313.33143183128,-0.00259363331766549
2025-05-25 12:38:37,107489,107242.91349999994,0.0022946644395302
2025-05-25 12:39:12,107515,107347.85215204017,0.0015570674644062106
2025-05-25 13:26:46,107412,107224.4044999999,0.0017495597282622152
2025-05-25 13:27:21,107441,107365.0200367528,0.0007076789369683854
2025-05-25 14:18:00,107477,107299.77699999986,0.0016516623329062828
2025-05-25 14:18:35,107463,107429.65546089647,0.00031038486496563246
2025-05-25 15:19:26,107212,107345.66949999992,-0.0012452248947025888
2025-05-25 15:20:00,107208,107387.0108834795,-0.001666969608398279
2025-05-25 16:24:01,106754,107296.51749999993,-0.005056245185217026
2025-05-25 16:24:35,106736,107202.57199337249,-0.0043522462632830765
2025-05-25 17:16:38,107162,107266.28499999995,-0.000972206691039457
2025-05-25 17:17:13,107162,107195.00477655036,-0.00030789472531069883
2025-05-25 18:26:43,107533,107254.84199999987,0.002593430700313997
2025-05-25 18:27:17,107588,107273.52630331654,0.0029315126249722084
2025-05-25 19:15:30,107450,107223.12899999988,0.0021158774428240742
2025-05-25 19:16:04,107460,107325.67481590802,0.001251566172981322
2025-05-25 20:21:19,107506,107318.84749999987,0.0017438921900473046
2025-05-25 20:21:54,107520,107427.13507450552,0.0008644457048032583
2025-05-25 21:18:31,107849,107491.00649999987,0.0033304507200807376
2025-05-25 21:19:06,107852,107544.70614584637,0.0028573591873215245
2025-05-25 22:19:01,108273,107606.07799999983,0.0061978097556921186
2025-05-25 22:19:35,108264,107653.25205963555,0.005673288346422866
2025-05-25 23:19:04,108884,107910.73899999986,0.009019130153488666
2025-05-25 23:19:38,108879,108058.51880693914,0.0075929339224680105
2025-05-26 01:47:30,109686,108732.30249999985,0.008771059547829922
2025-05-26 01:48:05,109698,108854.05893295695,0.007752959102451417
2025-05-26 03:17:29,109328,109197.9259999999,0.0011911764697810764
2025-05-26 03:18:05,109318,109081.54084223998,0.002167728434474565
2025-05-26 04:27:29,109672,109372.13799999983,0.0027416671693861264
2025-05-26 04:28:03,109662,109281.39839909262,0.0034827665685374263
2025-05-26 05:22:03,109445,109493.62149999985,-0.00044405783034446786
2025-05-26 05:22:38,109422,109355.73806709264,0.0006059300963860776
2025-05-26 06:31:56,109690,109562.48999999983,0.0011638107166072036
2025-05-26 06:32:31,109647,109480.82854825401,0.0015178132459305494
2025-05-26 07:29:33,109833,109606.81599999985,0.0020635942932614175
2025-05-26 07:30:04,109865,109576.03039722108,0.002637160716001318
2025-05-26 08:48:26,109766,109724.90499999988,0.0003745275514261564
2025-05-26 08:49:01,109766,109705.73888281491,0.0005492977650828016
2025-05-26 09:46:47,109725,109757.69499999983,-0.00029788344224823975
2025-05-26 09:47:22,109712,109724.65873748806,-0.00011536821015180753
2025-05-26 10:25:11,109812,109783.93699999983,0.00025562027348472035
2025-05-26 10:25:45,109815,109732.31832295615,0.0007534851929447324
2025-05-26 11:17:03,109649,109791.6324999998,-0.0012991199488704525
2025-05-26 11:17:38,109626,109714.12100993228,-0.0008031874941995887
2025-05-26 12:41:18,109772,109775.4899999998,-3.179216052510008e-05
2025-05-26 12:41:52,109772,109737.58790190033,0.00031358533349966995
2025-05-26 13:30:31,109861,109759.79799999979,0.0009220315802713913
2025-05-26 13:31:05,109827,109760.88619667693,0.0006023439279143583
2025-05-26 14:21:00,109695,109738.72749999978,-0.00039846917306176537
2025-05-26 14:21:34,109656,109732.6895130277,-0.0006988757258026777
2025-05-26 15:22:20,109710,109724.20399999977,-0.0001294518390834269
2025-05-26 15:22:56,109730,109713.34809368144,0.0001517764848843778
2025-05-26 16:25:40,109478,109761.4579999998,-0.0025824912056087623
2025-05-26 16:26:14,109348,109758.74412144805,-0.0037422450915943536
2025-05-26 17:17:42,109364,109698.22399999973,-0.003046758532751873
2025-05-26 17:18:18,109318,109650.20194318797,-0.0030296519048829025
2025-05-26 18:28:04,109273,109587.19849999975,-0.00286710951918122
2025-05-26 18:28:39,109274,109519.47445408479,-0.0022413772099290244
2025-05-26 19:16:41,109072,109473.32349999975,-0.003665947896427499
2025-05-26 19:17:16,109095,109384.27331483386,-0.0026445603747922903
2025-05-26 20:22:36,109176,109363.68749999977,-0.0017161775017852025
2025-05-26 20:23:11,109199,109316.290302722,-0.0010729444110955276
2025-05-26 21:18:35,109339,109285.67149999978,0.0004879733936595855
2025-05-26 21:19:10,109300,109351.2640697626,-0.00046880180305826135
2025-05-26 22:19:43,109568,109283.99899999975,0.0025987427491581078
2025-05-26 22:20:17,109524,109385.48989610349,0.0012662566491046235
2025-05-26 23:19:07,109292,109292.97899999977,-8.957574482198046e-06
2025-05-26 23:19:41,109272,109358.05985615244,-0.0007869548551395296
2025-05-27 01:43:13,108307,109225.47199999972,-0.00840895427762235
2025-05-27 01:43:47,108240,109099.9035540728,-0.007881799397252462
2025-05-27 03:12:02,108704,108948.29549999975,-0.002242306764677618
2025-05-27 03:12:37,108800,108849.75358671327,-0.0004570849733126219
2025-05-27 04:27:31,109053,108864.40299999977,0.001732402831440021
2025-05-27 04:28:07,109053,108891.15959753029,0.0014862584168254093
2025-05-27 05:20:51,108696,108762.48599999973,-0.0006112953321030939
2025-05-27 05:21:26,108695,108895.79942139157,-0.0018439592937330611
2025-05-27 06:30:32,109110,108824.06599999976,0.0026274886659743246
2025-05-27 06:31:07,109150,108944.56884821987,0.0018856483985569686
2025-05-27 07:21:15,109125,108914.02049999971,0.001937119748511101
2025-05-27 07:21:49,109183,108976.0054451013,0.001899450746549698
2025-05-27 08:28:15,109675,109101.59199999974,0.005255725324340447
2025-05-27 08:28:50,109667,109179.07313158805,0.004469051205663483
2025-05-27 09:22:34,109538,109236.9154999998,0.0027562523037388538
2025-05-27 09:23:08,109533,109329.70174191464,0.0018594970520020785
2025-05-27 10:23:57,109759,109405.02499999979,0.0032354546786147183
2025-05-27 10:24:31,109759,109466.79384621225,0.002669358839524066
2025-05-27 11:18:27,109490,109534.69599999984,-0.00040805335324832845
2025-05-27 11:19:02,109482,109518.21489827425,-0.00033067465816429855
2025-05-27 12:43:36,109549,109654.1594999998,-0.0009590105881920996
2025-05-27 12:44:10,109458,109558.34208732889,-0.0009158781103943914
2025-05-27 13:33:25,110569,109730.60999999983,0.00764043870712261
2025-05-27 13:34:00,110415,109717.54088706238,0.006356860601310315
2025-05-27 14:20:42,110011,109809.51349999984,0.0018348728955998829
2025-05-27 14:21:17,110049,109821.52648369863,0.0020713017163819284
2025-05-27 15:23:23,109591,109744.51649999988,-0.0013988534907790281
2025-05-27 15:23:57,109663,109705.2427834972,-0.00038505710780450134
2025-05-27 16:27:26,110143,109839.66099999985,0.00276165273307019
2025-05-27 16:28:00,110160,109841.00459122604,0.0029041559658080696
2025-05-27 17:18:59,110143,109954.2284999999,0.0017168189216125018
2025-05-27 17:19:34,110207,109969.6107246213,0.002158680692006338
2025-05-27 18:28:47,110091,109997.52999999988,0.0008497463533964597
2025-05-27 18:29:22,110087,110031.52784637568,0.0005041478084514589
2025-05-27 19:16:42,109682,109976.25699999984,-0.002675641161344836
2025-05-27 19:17:16,109682,109954.253616176,-0.0024760626098775536
2025-05-27 20:23:19,109774,110031.86899999986,-0.0023435846572765285
2025-05-27 20:23:53,109812,109914.83551041152,-0.0009355926334600856
2025-05-27 21:20:03,109574,109937.88449999993,-0.003309909970115239
2025-05-27 21:20:38,109565,109816.79648903373,-0.002292877748067218
2025-05-27 22:20:01,108717,109634.50149999994,-0.008368729619297268
2025-05-27 22:20:36,108676,109456.02091196927,-0.007126340839638329
2025-05-27 23:19:25,109117,109419.16849999987,-0.0027615682347272557
2025-05-27 23:20:00,109100,109338.66905937038,-0.0021828421858764925
2025-05-28 01:45:12,108872,108990.4274999999,-0.0010865862508879825
2025-05-28 01:45:47,108836,109076.75740626258,-0.002207229220849171
2025-05-28 03:14:31,108818,108883.03349999993,-0.000597278546615183
2025-05-28 03:15:06,108839,108908.20538135167,-0.0006354468986917917
2025-05-28 04:27:02,108624,108827.31449999998,-0.0018682304248165437
2025-05-28 04:27:37,108624,108858.40238691105,-0.0021532778524337177
2025-05-28 05:20:58,108913,108830.11799999999,0.0007615722699116466
2025-05-28 05:21:32,108942,108887.31289321627,0.0005022358007618872
2025-05-28 06:30:52,108806,108797.43199999991,7.875185877628638e-05
2025-05-28 06:31:28,108773,108858.91829882102,-0.0007892628382102316
2025-05-28 07:20:53,108941,108833.67349999989,0.000986151588461379
2025-05-28 07:21:28,108893,108859.29563815426,0.000309613998953031
2025-05-28 08:28:57,108910,108852.18649999995,0.0005311193266664195
2025-05-28 08:29:31,108910,108855.94291201857,0.0004965928964036819
2025-05-28 09:23:06,108639,108870.20749999997,-0.0021236985334116775
2025-05-28 09:23:40,108705,108863.9546129541,-0.0014601216125138185
2025-05-28 10:25:54,108533,108813.15999999996,-0.002574688576271105
2025-05-28 10:26:29,108534,108789.85546719599,-0.002351832035231777
2025-05-28 11:18:38,108864,108813.00700000001,0.0004686296372637478
2025-05-28 11:19:12,108826,108805.43185444953,0.00018903601777879608
2025-05-28 12:43:09,109027,108826.77849999999,0.0018398183127327824
2025-05-28 12:43:45,109043,108852.57667991029,0.0017493689712983944
2025-05-28 13:33:36,108778,108807.87749999999,-0.0002745894937614952
2025-05-28 13:34:10,108705,108829.08367425151,-0.0011401701646493513
2025-05-28 14:22:09,107751,108697.29049999997,-0.008705741381842208
2025-05-28 14:22:44,107739,108650.03992382041,-0.008385085955414137
2025-05-28 15:22:24,107417,108454.673,-0.009567803500730625
2025-05-28 15:23:00,107417,108250.08533904434,-0.007695932399822826
2025-05-28 16:26:20,107415,108186.73150000002,-0.0071333285450076046
2025-05-28 16:26:55,107442,107964.82851006501,-0.00484258176741576
2025-05-28 17:18:54,107827,107927.03300000001,-0.0009268576854142775
2025-05-28 17:19:28,107832,107828.44828219574,3.2938597010776734e-05
2025-05-28 18:28:51,107561,107652.9055,-0.0008537205714340287
2025-05-28 18:29:26,107569,107750.04083839364,-0.0016801927589537946
2025-05-28 19:17:26,107651,107515.2405,0.0012627000541379073
2025-05-28 19:18:01,107650,107706.04960182577,-0.0005203941842911946
2025-05-28 20:23:28,107091,107413.28349999995,-0.003000406369664204
2025-05-28 20:24:03,107252,107479.08103154441,-0.002112792827822595
2025-05-28 21:19:25,107418,107420.14399999994,-1.9959012528804898e-05
2025-05-28 21:19:59,107407,107435.22796181825,-0.00026274400263089765
2025-05-28 22:19:59,107271,107403.93750000003,-0.001237733951793239
2025-05-28 22:20:34,107311,107419.53421498992,-0.0010103768907869367
2025-05-28 23:19:57,107909,107403.94449999998,0.004702392471256182
2025-05-28 23:20:32,107943,107495.24633240604,0.004165334588000109
2025-05-29 01:44:57,108070,107670.75,0.0037080637034663548
2025-05-29 01:45:32,108080,107794.56752592736,0.002647930045305766
2025-05-29 03:14:48,108180,107903.59000000011,0.002561638588668707
2025-05-29 03:15:23,108204,107976.03506435236,0.0021112549234816747
2025-05-29 04:27:08,107822,108015.50350000015,-0.0017914419109304196
2025-05-29 04:27:44,107822,107963.61080246509,-0.0013116530784079337
2025-05-29 05:21:35,107655,107965.91550000009,-0.0028797560652379208
2025-05-29 05:22:11,107667,107834.81770931446,-0.0015562479065605787
2025-05-29 06:31:20,107936,107912.00150000013,0.00022238953653241726
2025-05-29 06:31:54,107916,107823.31042867912,0.0008596431602069029
2025-05-29 07:20:42,107965,107890.27750000013,0.0006925786246112162
2025-05-29 07:21:17,107965,107856.21255257077,0.001008634040215424
2025-05-29 08:28:48,108199,107837.10900000014,0.003355904135002889
2025-05-29 08:29:24,108185,107897.05627238286,0.002668689374529665
2025-05-29 09:23:05,108545,107932.22050000021,0.005677447356878799
2025-05-29 09:23:40,108533,108080.77811338098,0.0041841102045418735
2025-05-29 10:24:14,108561,108118.81250000019,0.004089829417982278
2025-05-29 10:24:48,108561,108209.80363771916,0.003245513349757358
2025-05-29 11:18:00,108823,108305.87950000018,0.004774629986729524
2025-05-29 11:18:36,108823,108385.49748987968,0.004036541052562609
2025-05-29 12:42:13,108541,108491.15700000015,0.0004594199322609113
2025-05-29 12:42:49,108463,108484.55446320472,-0.00019868693116156694
2025-05-29 13:31:46,108202,108543.0660000002,-0.0031422182233197165
2025-05-29 13:32:20,108135,108424.64577810522,-0.0026714016543617396
2025-05-29 14:20:39,107172,108346.44700000013,-0.010839737088934072
2025-05-29 14:21:15,107080,108105.70255198452,-0.009487959726188286
2025-05-29 15:22:29,107524,108141.4965000002,-0.00571007910918078
2025-05-29 15:23:03,107498,107891.51505789904,-0.0036473216423725894
2025-05-29 16:26:49,106841,107797.5295000001,-0.00887338981177769
2025-05-29 16:27:24,106777,107593.44389841727,-0.007588230925929902
2025-05-29 17:19:26,106681,107403.20300000017,-0.006724222181718058
2025-05-29 17:20:01,106600,107307.5497363112,-0.0065936622171493845
2025-05-29 18:29:25,106447,106986.93150000014,-0.005046705166977672
2025-05-29 18:29:59,106352,106986.15553026779,-0.005927454137637248
2025-05-29 19:15:21,105717,106744.6290000001,-0.009626985541353108
2025-05-29 19:15:55,105736,106709.51585678925,-0.009123046327899835
2025-06-01 02:01:56,104097,104553.88699999976,-0.0043698710120624795
2025-06-01 02:02:30,104126,104452.97466487804,-0.003130352830324765
2025-06-01 03:59:04,104400,104352.42449999976,0.000455911783824814
2025-06-01 03:59:38,104381,104329.28078162155,0.0004957306136012469
2025-06-01 04:40:44,104700,104330.65799999976,0.003540109945441328
2025-06-01 04:41:19,104714,104388.14506354857,0.0031215703301659546
2025-06-01 05:20:34,104641,104355.55349999976,0.0027353263954489875
2025-06-01 05:21:08,104641,104455.99275522272,0.001771150126453931
2025-06-01 06:29:39,104311,104351.06049999982,-0.0003839012254199157
2025-06-01 06:30:13,104324,104430.74419091683,-0.0010221529277018298
2025-06-01 07:19:51,104342,104391.33299999975,-0.00047257754625809265
2025-06-01 07:20:26,104302,104392.1799614125,-0.0008638574407186331
2025-06-01 08:26:13,104273,104412.17249999975,-0.0013329145124315225
2025-06-01 08:26:48,104244,104352.25972896752,-0.0010374449892000329
2025-06-01 09:20:36,104056,104380.78449999975,-0.003111535342022149
2025-06-01 09:21:10,104070,104318.83740545456,-0.0023853544733000017
2025-06-01 10:21:18,103987,104241.58349999982,-0.0024422451333907373
2025-06-01 10:21:52,103996,104196.72494382023,-0.0019264035786964702
2025-06-01 11:16:46,103899,104127.2179999998,-0.0021917228212109223
2025-06-01 11:17:21,103922,104090.62395884813,-0.0016199726011325542
2025-06-01 12:39:35,103877,104075.90599999981,-0.0019111628007332827
2025-06-01 12:40:10,103905,104084.47493746162,-0.0017243199580865287
2025-06-01 13:28:20,104210,104055.49849999983,0.0014847989988743687
2025-06-01 13:28:56,104180,104098.36136124884,0.0007842451858377639
2025-06-01 14:18:11,104650,104093.08399999986,0.005350172927916553
2025-06-01 14:18:46,104660,104213.10018988402,0.00428832660482892
2025-06-01 15:20:01,104705,104234.57299999979,0.004513157069298066
2025-06-01 15:20:36,104724,104354.3692921608,0.0035420721752851925
2025-06-01 16:24:40,105111,104439.1274999998,0.006433149300296507
2025-06-01 16:25:15,105171,104557.26798787716,0.005869816837543988
2025-06-01 17:17:43,105086,104641.59999999989,0.004246876959068966
2025-06-01 17:18:18,105080,104740.0569655553,0.003245587641378657
2025-06-01 18:27:28,104831,104820.12799999988,0.00010372053733915927
2025-06-01 18:28:02,104732,104809.42489851027,-0.0007387207647141229
2025-06-01 19:16:19,104850,104882.20049999989,-0.00030701586967456793
2025-06-01 19:16:54,104860,104795.46418950314,0.0006158263718376283
2025-06-01 20:22:26,105102,104972.21549999993,0.0012363700183127709
2025-06-01 20:23:00,105109,104893.07704190095,0.002058505329315462
2025-06-01 21:18:37,105095,105008.95249999994,0.000819430133826531
2025-06-01 21:19:11,105106,104961.56485702706,0.0013760765016192817
2025-06-01 22:19:39,105633,105099.58499999993,0.0050753292698545545
2025-06-01 22:20:13,105611,105163.02030989072,0.004259859490429114
2025-06-01 23:19:43,105814,105229.93449999994,0.005550374071553332
2025-06-01 23:20:18,105814,105322.67740537529,0.004664926934335946
2025-06-02 01:49:58,105397,105501.3605,-0.0009891862958487179
2025-06-02 01:50:33,105429,105433.86173341838,-4.6111688772934784e-05
2025-06-02 03:21:47,104634,105396.99300000002,-0.007239229301352237
2025-06-02 03:22:21,104571,105232.89638232315,-0.006289823858106127
2025-06-02 04:31:23,104931,105227.80049999998,-0.0028205521600727845
2025-06-02 04:31:59,104958,105121.08664104459,-0.0015514170016285914
2025-06-02 05:21:46,104743,105112.28199999996,-0.0035132145642120392
2025-06-02 05:22:20,104756,105036.90598335788,-0.002674355082416331
2025-06-02 06:32:34,104947,104954.95249999997,-7.577060263040295e-05
2025-06-02 06:33:07,104979,104974.5416259093,4.2471003175078954e-05
2025-06-02 07:22:14,105360,104959.99050000003,0.003811066465368734
2025-06-02 07:22:49,105391,105067.28868215585,0.0030809904957519677
2025-06-02 08:30:07,105834,105109.94450000003,0.006888553727663446
2025-06-02 08:30:41,105841,105280.11397550142,0.005327559054781249
2025-06-02 09:24:09,104758,105111.29050000003,-0.0033611089571774573
2025-06-02 09:24:43,104821,105184.36101602338,-0.003454515600166333
2025-06-02 10:24:14,104369,105047.77900000002,-0.00646162162076767
2025-06-02 10:24:48,104334,104958.86169768883,-0.005953396288620278
2025-06-02 11:18:52,104312,104951.71950000005,-0.00609536940459608
2025-06-02 11:19:28,104304,104754.56197058171,-0.0043011202768261265
2025-06-02 12:43:21,104271,104652.07800000004,-0.003641380154917111
2025-06-02 12:43:56,104250,104487.53637520073,-0.002273346500847373
2025-06-02 13:33:40,104168,104367.48800000004,-0.001911399841299631
2025-06-02 13:34:13,104325,104378.06295986885,-0.0005083727208968744
2025-06-02 14:21:55,104194,104228.90400000004,-0.00033487831743907274
2025-06-02 14:22:29,104237,104295.25901201944,-0.0005585969350027916
2025-06-02 15:24:00,104340,104185.28250000002,0.0014850226086394137
2025-06-02 15:24:35,104395,104308.28184884092,0.0008313640069802263
2025-06-02 16:28:30,104077,104176.8805,-0.0009587587910160095
2025-06-02 16:29:04,104112,104294.86852349117,-0.0017533798745810703
2025-06-02 17:19:19,104349,104216.09200000002,0.001275311686030035
2025-06-02 17:19:54,104349,104274.05179968558,0.0007187617534839874
2025-06-02 18:30:17,104632,104289.94450000001,0.003279851203679446
2025-06-02 18:30:51,104572,104344.58610681558,0.0021794508145503745
2025-06-02 19:17:02,104263,104304.96600000003,-0.00040233942456804444
2025-06-02 19:17:36,104277,104321.39238722337,-0.0004255348419679325
2025-06-02 20:23:24,104821,104368.60250000004,0.004334612988613722
2025-06-02 20:23:58,104803,104414.19807632625,0.0037236499521792355
2025-06-02 21:20:55,104821,104484.60200000004,0.003219594022092913
2025-06-02 21:21:30,104793,104567.02342698266,0.002161069193818394
2025-06-02 22:20:25,105401,104651.17600000004,0.007164983984508343
2025-06-02 22:20:59,105388,104740.95197774097,0.0061776030295822995
2025-06-02 23:20:26,105780,104926.87700000002,0.008130643209746704
2025-06-02 23:21:00,105830,105085.92055918177,0.007080676810545514
2025-06-03 01:46:44,106220,105732.01550000005,0.00461529554404406
2025-06-03 01:47:19,106295,105776.70112564544,0.004899934190033995
2025-06-03 03:17:00,105591,105969.58300000001,-0.003572562892882321
2025-06-03 03:17:36,105586,105788.67451048427,-0.0019158431790747513
2025-06-03 04:28:00,105323,105908.04899999997,-0.0055241221561920205
2025-06-03 04:28:36,105317,105656.30325440953,-0.0032113867697275544
2025-06-03 05:21:46,105271,105759.69649999996,-0.00462081980350579
2025-06-03 05:22:21,105287,105527.22912853427,-0.002276465804305934
2025-06-03 06:32:43,105237,105532.86899999999,-0.0028035720321409204
2025-06-03 06:33:18,105237,105442.25277926707,-0.0019465894729767382
2025-06-03 07:21:50,105288,105398.0655,-0.0010442838725535904
2025-06-03 07:22:25,105215,105416.31258607707,-0.0019096910254063986
2025-06-03 08:30:26,104928,105258.21800000004,-0.003137218226514504
2025-06-03 08:31:00,104974,105272.80697183505,-0.0028384060464445374
2025-06-03 09:23:45,105071,105216.80099999998,-0.0013857197578167927
2025-06-03 09:24:20,105071,105227.67576018302,-0.001488921607848551
2025-06-03 10:23:57,105273,105216.13299999999,0.0005404779512283818
2025-06-03 10:24:32,105267,105237.68145780405,0.0002785935777928101
2025-06-03 11:18:39,105306,105207.96449999997,0.0009318258409992075
2025-06-03 11:19:14,105275,105255.16087971676,0.0001884859622789838
2025-06-03 12:43:47,105372,105208.575,0.00155334296657856
2025-06-03 12:44:23,105372,105280.08657432089,0.0008730371399745192
2025-06-03 13:34:33,105271,105266.2675,4.495742190154366e-05
2025-06-03 13:35:08,105214,105286.42130546077,-0.0006878503852900152
2025-06-03 14:22:05,105742,105335.937,0.003854933193407627
2025-06-03 14:22:40,105700,105365.83417545808,0.003171481791578301
2025-06-03 15:24:59,106751,105586.42950000001,0.01102954712565583
2025-06-03 15:25:33,106638,105744.33664366219,0.00845116991323407
2025-06-03 16:28:47,106261,105831.55800000003,0.004057787753629841
2025-06-03 16:29:21,106258,105990.58941079391,0.002522965394311299
2025-06-03 17:20:21,105972,105966.73900000006,4.964765406190703e-05
2025-06-03 17:20:57,105991,105990.12939555259,8.21401438392629e-06
2025-06-03 18:30:53,105775,106068.85950000006,-0.0027704596936866657
2025-06-03 18:31:29,105779,105910.39177372129,-0.0012405937842436697
2025-06-03 19:16:54,106135,106171.98150000008,-0.0003483169427339142
2025-06-03 19:17:28,106126,105975.19854224856,0.0014229882069182562
2025-06-03 20:24:01,105872,106101.98300000012,-0.0021675655204306935
2025-06-03 20:24:36,105889,106024.83989534341,-0.0012812082100524262
2025-06-03 21:18:42,105546,105927.85650000008,-0.003604873284678251
2025-06-03 21:19:16,105579,105892.12062114086,-0.002956977528678787
2025-06-03 22:20:28,105742,105849.12400000011,-0.0010120442753981833
2025-06-03 22:21:02,105737,105799.0466867988,-0.0005864579005374132
2025-06-03 23:19:35,105590,105836.52950000014,-0.002329342252290452
2025-06-03 23:20:09,105582,105773.31146249725,-0.0018086931367850983
2025-06-04 01:46:51,105575,105547.89750000015,0.00025677915564209167
2025-06-04 01:47:25,105492,105578.60961424198,-0.000820332968566594
2025-06-04 03:17:23,105664,105554.53850000011,0.0010370136761091364
2025-06-04 03:17:58,105687,105602.89676541991,0.0007964102989230896
2025-06-04 04:28:38,105543,105521.56600000011,0.000203124354692499
2025-06-04 04:29:14,105555,105581.66300788644,-0.0002525344565225159
2025-06-04 05:21:15,105527,105548.91900000018,-0.00020766674076674863
2025-06-04 05:21:49,105548,105546.20025577383,1.705171973797294e-05
2025-06-04 06:31:22,105259,105488.45350000013,-0.00217515275261983
2025-06-04 06:31:56,105259,105445.27314082664,-0.0017665385586119655
2025-06-04 07:21:18,105310,105440.99450000015,-0.001242348866504157
2025-06-04 07:21:53,105350,105422.68310668669,-0.0006894446673599887
2025-06-04 08:29:25,105510,105404.68450000013,0.0009991538848528679
2025-06-04 08:30:00,105526,105409.57666959186,0.0011044853236919221
2025-06-04 09:23:37,105330,105374.3360000002,-0.0004207476097424646
2025-06-04 09:24:11,105342,105406.406062895,-0.0006110260780219095
2025-06-04 10:23:32,105778,105455.14800000016,0.0030615100933701063
2025-06-04 10:24:06,105792,105546.85308453273,0.0023226359507936066
2025-06-04 11:18:37,105650,105523.59800000014,0.0011978552892013422
2025-06-04 11:19:12,105620,105586.33989631922,0.00031879221984431753
2025-06-04 12:44:11,104986,105453.66050000011,-0.004434748853503421
2025-06-04 12:44:45,104978,105372.07759592155,-0.003739867381496958
2025-06-04 13:35:18,105169,105373.3010000001,-0.0019388307859890797
2025-06-04 13:35:52,105155,105257.74121823626,-0.0009760918013929431
2025-06-04 14:17:57,104640,105249.72700000012,-0.005793145667732845
2025-06-04 14:18:31,104650,105082.04396827215,-0.004111491858709913
2025-06-04 15:43:39,105510,105091.47250000012,0.003982506763333053
2025-06-04 15:44:14,105530,105129.66534229065,0.003808008485577324
2025-06-04 16:23:11,105288,105037.12200000013,0.002388469859254766
2025-06-04 16:23:45,105280,105159.38783088433,0.0011469462841457365
2025-06-04 17:19:52,105375,105083.36750000014,0.002775248899402287
2025-06-04 17:20:26,105389,105222.28474931994,0.0015844100997924827
2025-06-04 18:30:05,105197,105111.43100000014,0.000814078917828238
2025-06-04 18:30:40,105151,105178.32639598627,-0.00025981014266556943
2025-06-04 19:17:48,104877,105150.10350000016,-0.0025972727644548357
2025-06-04 19:18:22,104914,105109.2541169136,-0.001857630125473182
2025-06-04 20:19:05,104580,105104.37300000014,-0.004989069294006798
2025-06-04 20:19:40,104596,105005.65696323283,-0.0039012847029400626
2025-06-04 21:16:56,104708,104996.61050000016,-0.002748760161168773
2025-06-04 21:17:31,104708,104916.5912167781,-0.0019881623521976243
2025-06-04 22:18:51,105007,104916.89550000017,0.0008588178250072841
2025-06-04 22:19:25,105018,104923.82885530908,0.00089751914048791
2025-06-04 23:20:08,104701,104836.66550000015,-0.0012940653859326355
2025-06-04 23:20:43,104685,104852.52826495905,-0.0015977513154066545
2025-06-05 01:45:42,104858,104835.73350000015,0.00021239418332349774
2025-06-05 01:46:17,104845,104870.63735584468,-0.0002444664826217019
2025-06-05 03:17:10,104974,104881.72500000017,0.0008798005562917083
2025-06-05 03:17:45,104974,104928.28797981885,0.00043565010981538616
2025-06-05 04:28:52,105127,104939.58500000015,0.0017859323533616776
2025-06-05 04:29:26,105127,104971.538177684,0.0014809902285404127
2025-06-05 05:21:37,105092,105016.36500000018,0.000720221081731595
2025-06-05 05:22:11,105104,105016.15439754626,0.0008364960891749912
2025-06-05 06:32:13,104638,104931.50700000013,-0.0027971293693526043
2025-06-05 06:32:48,104600,104865.37582615943,-0.002530633434236298
2025-06-05 07:20:49,104600,104868.72550000018,-0.00256249419184726
2025-06-05 07:21:23,104600,104768.01921248954,-0.0016037261537680233
2025-06-05 08:28:41,104643,104778.48950000019,-0.0012931041537889796
2025-06-05 08:29:15,104632,104702.17944844355,-0.0006702768635117987
2025-06-05 09:23:11,104806,104705.12300000021,0.0009634390095677477
2025-06-05 09:23:45,104769,104702.45165342215,0.0006355949218661625
2025-06-05 10:24:09,104755,104651.20850000017,0.0009917850112531844
2025-06-05 10:24:44,104755,104740.96108713237,0.00013403460042679682
2025-06-05 11:18:58,104594,104636.59550000017,-0.0004070803316624571
2025-06-05 11:19:32,104635,104698.45468614505,-0.0006060708950792937
2025-06-05 12:43:32,105499,104797.85150000024,0.006690485443776119
2025-06-05 12:44:07,105478,104887.86414097175,0.005626350234714386
2025-06-05 13:33:29,105503,105009.59300000023,0.004698685004900197
2025-06-05 13:34:04,105462,105136.3105812386,0.0030977824593695896
2025-06-05 14:21:23,103970,104933.38500000021,-0.009180919875978565
2025-06-05 14:21:58,103963,104900.84566220363,-0.008940306022161488
2025-06-05 15:23:21,104565,104898.89500000022,-0.003183017323492508
2025-06-05 15:23:56,104575,104799.66224675758,-0.0021437306374957397
2025-06-05 16:27:37,103999,104868.50400000023,-0.008291374119346946
2025-06-05 16:28:11,104037,104683.99362306017,-0.006180444599676145
2025-06-05 17:15:50,103481,104554.86200000023,-0.010270799267089313
2025-06-05 17:16:25,103493,104287.92101097094,-0.0076223689499699
2025-06-05 19:15:17,102630,103691.66450000016,-0.010238667737850397
2025-06-05 19:15:50,102653,103538.06586123501,-0.008548217062710079
2025-06-05 20:19:29,101496,103266.79250000021,-0.017147743791889446
2025-06-05 20:20:04,101325,103042.65171158998,-0.01666932753630582
2025-06-05 21:20:03,100733,103016.33450000022,-0.022164781061980134
2025-06-05 21:20:38,100755,102762.24166196007,-0.01953287150510944
2025-06-05 22:19:27,101287,102423.98300000023,-0.011100749714060849
2025-06-05 22:20:01,101309,102321.09955491655,-0.009891406164701648
2025-06-05 23:22:04,101743,102052.89500000018,-0.0030366115532555753
2025-06-05 23:22:38,101738,102093.49747776607,-0.003482077571526908
2025-06-06 01:45:10,101919,101533.23150000027,0.003799430928185597
2025-06-06 01:45:45,101919,101783.34928425337,0.0013327397526268273
2025-06-06 03:16:41,102162,101763.55100000027,0.003915439232262348
2025-06-06 03:17:17,102176,101878.84227125513,0.0029167756731440287
2025-06-06 04:28:30,102520,101945.58250000027,0.0056345501777846285
2025-06-06 04:29:04,102524,102092.5110492314,0.004226450562671811
2025-06-06 05:21:20,102694,102211.55800000028,0.0047200337167320906
2025-06-06 05:21:55,102715,102319.93516728518,0.0038610739155465882
2025-06-06 06:32:02,103149,102509.60700000021,0.00623739587646445
2025-06-06 06:32:37,103139,102613.11188692525,0.005124960186903311
2025-06-06 07:20:21,103209,102719.7240000002,0.004763213732932084
2025-06-06 07:20:56,103209,102755.15105753684,0.004416799915062423
2025-06-06 08:28:12,103395,102952.85150000027,0.004294669779007846
2025-06-06 08:28:47,103395,102936.78039432778,0.004451466268100479
2025-06-06 09:22:59,103675,103168.05650000027,0.004913764174667094
2025-06-06 09:23:34,103630,103145.20989619331,0.004700073850201974
2025-06-06 10:24:02,103748,103349.69800000027,0.003853925146445354
2025-06-06 10:24:36,103748,103331.55192563993,0.004030212133654581
2025-06-06 11:18:47,103854,103492.09550000021,0.003496928903133333
2025-06-06 11:19:23,103854,103470.54719025502,0.003705912650098503
2025-06-06 12:42:15,103844,103667.47000000015,0.0017028485406256472
2025-06-06 12:42:49,103706,103622.15910916,0.000809101948471079
2025-06-06 13:32:32,103945,103768.26450000016,0.001703174866144503
2025-06-06 13:33:06,103945,103720.23138770605,0.002167066244325698
2025-06-06 14:20:40,104366,103898.11100000018,0.004503344627697997
2025-06-06 14:21:15,104375,103891.9327732467,0.00464970872962418
2025-06-06 15:20:00,104952,104148.49500000016,0.007714993865248302
2025-06-06 15:20:35,104964,104244.66126868752,0.0069004850949480265
2025-06-06 16:27:45,105253,104397.42850000013,0.008195331171398283
2025-06-06 16:28:21,105188,104491.08337442118,0.0066696277143721925
2025-06-06 17:19:48,104661,104549.57150000012,0.001065795855508389
2025-06-06 17:20:22,104659,104556.21609624666,0.0009830491920128986
2025-06-06 18:30:07,104500,104714.49250000011,-0.0020483554365706277
2025-06-06 18:30:42,104568,104575.87674114264,-7.532082338774228e-05
2025-06-06 19:17:36,104479,104747.94350000014,-0.002567530120533002
2025-06-06 19:18:10,104468,104564.22766099226,-0.0009202732439648032
2025-06-06 20:24:11,104360,104620.43450000009,-0.0024893272642648994
2025-06-06 20:24:47,104360,104465.13574441758,-0.0010064194495932512
2025-06-06 21:19:50,104356,104512.54900000006,-0.0014978966784176052
2025-06-06 21:20:24,104361,104451.68538785234,-0.0008682041607620285
2025-06-06 22:20:13,104272,104444.27600000004,-0.001649453724013
2025-06-06 22:20:49,104264,104410.0644107128,-0.00139894953170641
2025-06-06 23:20:00,104253,104383.3145000001,-0.0012484227064862448
2025-06-06 23:20:35,104285,104391.93056720156,-0.0010243183225041121
2025-06-07 01:44:25,104430,104354.77249999999,0.0007208822193542529
2025-06-07 01:44:59,104424,104379.99495588375,0.0004215850377732289
2025-06-07 03:14:14,104767,104393.09100000006,0.003581740864440361
2025-06-07 03:14:49,104746,104439.49309420213,0.002934779715192666
2025-06-07 04:25:51,104767,104497.58550000007,0.0025781887563318486
2025-06-07 04:26:26,104767,104571.28589587536,0.0018715855165012897
2025-06-07 05:19:44,104834,104611.3065000001,0.0021287708513601867
2025-06-07 05:20:18,104814,104644.86098038802,0.0016163146286149173
2025-06-07 06:28:42,104798,104691.73600000009,0.0010150180335142037
2025-06-07 06:29:17,104798,104712.24807577192,0.0008189292638052369
2025-06-07 07:19:05,104867,104810.44150000004,0.0005396265790937968
2025-06-07 07:19:40,104865,104809.07846845023,0.0005335561801223631
2025-06-07 08:25:15,104944,104872.00050000011,0.0006865464533585289
2025-06-07 08:25:51,104947,104840.18302287943,0.0010188553094881692
2025-06-07 09:20:18,104876,104881.9255000001,-5.6496865135255483e-05
2025-06-07 09:20:53,104884,104840.10926434438,0.0004186445050810587
2025-06-07 10:21:30,105106,104908.32850000015,0.0018842307643844591
2025-06-07 10:22:04,105140,104878.68433987582,0.00249159933468792
2025-06-07 11:16:24,105147,104963.66450000014,0.0017466568157007826
2025-06-07 11:16:58,105198,104964.45960275616,0.002224947359588977
2025-06-07 12:38:58,105405,105031.1645000001,0.003559281683484513
2025-06-07 12:39:32,105389,105083.61655217833,0.002906099521898722
2025-06-07 13:27:39,105510,105132.69650000011,0.0035888311872595436
2025-06-07 13:28:13,105510,105205.74362328045,0.0028920129856125653
2025-06-07 14:17:59,105528,105278.8155000001,0.002366900680031881
2025-06-07 14:18:34,105500,105325.7313259883,0.001654568848635249
2025-06-07 15:20:25,105489,105380.5925000001,0.001028723576401406
2025-06-07 15:20:59,105455,105363.33085053881,0.000870028962839295
2025-06-07 16:24:21,105530,105460.6720000001,0.00065738249799799
2025-06-07 16:24:57,105530,105425.58512360849,0.00099041306025564
2025-06-07 17:17:12,105496,105499.91050000009,-3.70663821566507e-05
2025-06-07 17:17:46,105496,105424.6728984247,0.000676569342017506
2025-06-07 18:27:26,105787,105515.34550000014,0.0025745496895506854
2025-06-07 18:28:01,105779,105486.98038445375,0.0027683000734494805
2025-06-07 19:15:58,105731,105537.25050000013,0.001835839943545565
2025-06-07 19:16:32,105731,105549.64660034371,0.0017181810218936389
2025-06-07 20:21:33,105859,105611.90800000013,0.002339622535745429
2025-06-07 20:22:07,105879,105641.42266729719,0.00224890319255763
2025-06-07 21:18:34,105795,105669.04600000013,0.0011919668509155158
2025-06-07 21:19:08,105795,105697.63776477163,0.0009211391785788918
2025-06-07 22:19:17,105748,105734.4180000001,0.00012845391554425542
2025-06-07 22:19:52,105748,105723.71691632477,0.00022968435449960948
2025-06-07 23:20:37,105717,105775.91400000008,-0.0005569698977035266
2025-06-07 23:21:10,105729,105742.69692050698,-0.0001295306522896148
2025-06-08 01:54:23,105723,105666.76450000009,0.000532196668138806
2025-06-08 01:54:58,105716,105628.45253764419,0.0008288246230305298
2025-06-08 03:25:09,105409,105569.90550000004,-0.0015241606899045398
2025-06-08 03:25:44,105409,105552.8645935419,-0.001362962474736158
2025-06-08 04:31:18,105502,105505.81000000001,-3.611175536221392e-05
2025-06-08 04:31:53,105511,105525.16021364536,-0.000134188032661498
2025-06-08 05:21:03,105535,105519.26099999998,0.0001491576026107305
2025-06-08 05:21:37,105542,105540.17930714709,1.7251182107736183e-05
2025-06-08 06:29:57,105549,105522.06949999998,0.0002552120151511696
2025-06-08 06:30:32,105539,105535.02433013449,3.767156819023725e-05
2025-06-08 07:18:44,105511,105504.01899999997,6.616809545453309e-05
2025-06-08 07:19:18,105525,105525.00334905849,-3.17371085888717e-08
2025-06-08 08:25:05,105457,105499.68899999997,-0.0004046362639037675
2025-06-08 08:25:39,105457,105493.80021096577,-0.0003488376652672991
2025-06-08 09:20:29,105344,105476.26649999991,-0.0012539930013536335
2025-06-08 09:21:03,105327,105444.16975904332,-0.001111201874044523
2025-06-08 10:20:41,105090,105372.58049999988,-0.00268172705516954
2025-06-08 10:21:16,105084,105323.3417030857,-0.0022724469164719105
2025-06-08 11:16:19,105480,105358.26449999986,0.0011554432922548843
2025-06-08 11:16:53,105480,105361.26282122907,0.0011269528818422909
2025-06-08 12:38:57,105603,105411.6674999999,0.0018150979349615746
2025-06-08 12:39:32,105603,105484.42892105211,0.0011240623868441582
2025-06-08 13:27:59,105674,105447.75649999987,0.0021455506262964266
2025-06-08 13:28:35,105700,105542.53060000422,0.0014919994726351144
2025-06-08 14:17:45,105813,105538.35499999986,0.0026023240555543563
2025-06-08 14:18:20,105813,105617.13643633355,0.0018544676581391908
2025-06-08 15:21:05,105971,105694.04999999986,0.002620298872075987
2025-06-08 15:21:39,105971,105708.83201006734,0.002480095418211484
2025-06-08 16:24:10,106235,105820.36649999984,0.003918276922620155
2025-06-08 16:24:44,106168,105832.1771675832,0.0031731637901111333
2025-06-08 17:17:10,106195,105916.36199999989,0.0026307361274371228
2025-06-08 17:17:44,106186,105945.1421738171,0.0022734201988019037
2025-06-08 18:27:01,106263,106024.43199999987,0.0022501228773395415
2025-06-08 18:27:36,106258,106036.41817607704,0.0020896766199232754
2025-06-08 19:16:36,106306,106138.4419999999,0.0015786740114397625
2025-06-08 19:17:11,106313,106128.96517553677,0.001734067831141485
2025-06-08 20:21:27,106305,106211.05749999991,0.0008844888866688109
2025-06-08 20:22:01,106305,106177.04959825518,0.001205066464258981
2025-06-08 21:18:18,106221,106244.99949999992,-0.0002258882781576752
2025-06-08 21:18:53,106260,106197.82923157344,0.000585424098368225
2025-06-08 22:19:13,106033,106237.86299999992,-0.0019283426286532603
2025-06-08 22:19:47,106040,106182.52568317612,-0.0013422706067605233
2025-06-08 23:19:14,105669,106147.75899999992,-0.004510307184157496
2025-06-08 23:19:49,105700,106038.10252452148,-0.003188500326505724
2025-06-09 01:52:00,105553,105848.6894999999,-0.002793511203555393
2025-06-09 01:52:35,105537,105801.4419683357,-0.002499417431520826
2025-06-09 03:23:08,105330,105653.32099999992,-0.003060206692413613
2025-06-09 03:23:43,105347,105675.26932820726,-0.003106396892045913
2025-06-09 04:33:00,105600,105633.51199999999,-0.00031724780673758054
2025-06-09 04:33:34,105600,105666.33537490263,-0.0006277815414651346
2025-06-09 05:22:14,105458,105589.06949999998,-0.0012413169338515977
2025-06-09 05:22:49,105449,105606.81960893661,-0.0014944073642310048
2025-06-09 06:33:08,105526,105528.593,-2.457153958258006e-05
2025-06-09 06:33:42,105526,105543.52150081239,-0.00016601209210417967
2025-06-09 07:22:04,105513,105525.183,-0.0001154511146406118
2025-06-09 07:22:39,105513,105557.94947267609,-0.0004258274521306874
2025-06-09 08:30:52,105532,105534.65250000001,-2.5133924613160204e-05
2025-06-09 08:31:27,105514,105556.83305298466,-0.00040578190673034784
2025-06-09 09:24:21,105868,105580.96550000002,0.0027186197686360396
2025-06-09 09:24:55,105868,105660.63683845136,0.0019625393879244076
2025-06-09 10:24:10,107197,105882.33600000004,0.01241627309771443
2025-06-09 10:24:45,107225,106099.23908895013,0.010610452258814724
2025-06-09 11:19:00,107441,106256.16900000004,0.01115070316529068
2025-06-09 11:19:34,107470,106497.19991886402,0.009134513225484983
2025-06-09 12:43:15,107880,106782.66450000003,0.010276344996054782
2025-06-09 12:43:49,107855,106969.37095331532,0.00827927694434325
2025-06-09 13:33:36,107650,107193.90900000006,0.004254821978737075
2025-06-09 13:34:10,107653,107196.09444491874,0.004262333972587382
2025-06-09 14:22:10,107513,107379.37550000008,0.0012444149481938265
2025-06-09 14:22:44,107535,107217.32937557735,0.0029628664160237204
2025-06-09 15:23:28,107854,107564.26450000009,0.0026936036921435713
2025-06-09 15:24:02,107809,107406.16442506363,0.0037505815154345637
2025-06-09 16:27:52,107833,107659.9350000001,0.0016075153677168792
2025-06-09 16:28:26,107815,107539.08360529608,0.0025657313178957695
2025-06-09 17:19:03,108224,107741.92900000012,0.004474311945908072
2025-06-09 17:19:38,108236,107711.28005257015,0.00487154128308341
2025-06-09 18:30:17,108440,107931.01000000008,0.004715882858873623
2025-06-09 18:30:51,108426,107988.6304282845,0.004050144630790222
2025-06-09 19:17:19,108494,108101.51600000009,0.003630698389094831
2025-06-09 19:17:53,108542,108117.52964669898,0.0039260086193985445
2025-06-09 20:24:22,108628,108253.67450000011,0.003457854910965535
2025-06-09 20:24:58,108634,108262.15755089714,0.003434648426695566
2025-06-09 21:20:04,109457,108499.8300000001,0.00882185714023603
2025-06-09 21:20:38,109460,108526.6401747263,0.008600283062029779
2025-06-09 22:20:31,110015,108820.15450000014,0.010980001870883792
2025-06-09 22:21:05,110010,108926.92867481858,0.009943099822585903
2025-06-09 23:20:15,109902,109170.95300000013,0.006696350814120622
2025-06-09 23:20:49,109917,109310.73648515347,0.005546239411980146
2025-06-10 01:47:59,109858,109919.69500000007,-0.0005612733914524159
2025-06-10 01:48:33,109858,109732.37896132939,0.0011447946345433545
2025-06-10 03:19:29,109424,109889.50050000008,-0.004236078040959715
2025-06-10 03:20:05,109500,109651.87094145974,-0.0013850282731684498
2025-06-10 04:29:18,109372,109763.05050000001,-0.0035626788634123474
2025-06-10 04:29:53,109387,109595.93185754196,-0.001906383330117945
2025-06-10 05:21:03,109640,109636.38549999997,3.2968069710991584e-05
2025-06-10 05:21:38,109644,109579.33586667452,0.0005901124770838009
2025-06-10 06:31:31,109443,109486.44849999994,-0.0003968390663429038
2025-06-10 06:32:06,109415,109474.58613026883,-0.0005442918980111407
2025-06-10 07:20:54,109369,109453.41049999995,-0.000771200272466197
2025-06-10 07:21:28,109362,109473.56885545525,-0.0010191396573775574
2025-06-10 08:29:44,109201,109391.36549999996,-0.0017402241861580593
2025-06-10 08:30:20,109195,109371.55220522848,-0.0016142424759336966
2025-06-10 09:23:50,109260,109339.65649999992,-0.0007285234154720856
2025-06-10 09:24:25,109360,109333.11507174945,0.00024589922488635975
2025-06-10 10:23:25,109430,109331.38299999996,0.0009020008463630435
2025-06-10 10:23:59,109430,109368.15283390753,0.000565495205778909
2025-06-10 11:18:25,109629,109348.78899999999,0.0025625432395050144
2025-06-10 11:18:59,109660,109391.1670838701,0.0024575376906235073
2025-06-10 12:44:13,109534,109388.67100000002,0.0013285562268142313
2025-06-10 12:44:47,109573,109461.869412261,0.0010152447453683714
2025-06-10 13:34:31,109470,109461.59850000004,7.675294454943995e-05
2025-06-10 13:35:06,109448,109511.70721557719,-0.0005817388587667592
2025-06-10 14:21:22,108980,109433.62950000007,-0.004145247690976638
2025-06-10 14:21:56,109000,109377.641831976,-0.0034526419261819933
2025-06-10 15:23:24,109005,109320.04000000008,-0.0028818138010202033
2025-06-10 15:23:58,109053,109203.99308626662,-0.0013826700104944344
2025-06-10 16:28:07,108921,109226.54150000005,-0.002797319184550489
2025-06-10 16:28:42,109011,109136.07820122039,-0.0011460756450288748
2025-06-10 17:19:01,108998,109093.57600000004,-0.0008760919158067066
2025-06-10 17:19:35,108943,109053.16699499503,-0.0010102136235996355
2025-06-10 18:30:18,108932,108896.92949999997,0.0003220522393152577
2025-06-10 18:30:53,108914,108948.8379188216,-0.0003197640239867798
2025-06-10 19:16:58,109431,108954.78649999997,0.004370744189380126
2025-06-10 19:17:34,109589,109091.29735886357,0.004562257972780421
2025-06-10 20:24:04,109496,109130.58250000006,0.0033484426787508213
2025-06-10 20:24:40,109535,109283.44501940908,0.0023018580769141018
2025-06-10 21:20:29,109698,109292.95850000004,0.003706016431058208
2025-06-10 21:21:03,109683,109437.51108281178,0.002243188050964187
2025-06-10 22:20:23,110041,109513.68350000007,0.004815074090717876
2025-06-10 22:20:58,110017,109614.75709593014,0.003669605395538457
2025-06-10 23:19:52,109698,109700.66800000009,-2.4320727017746434e-05
2025-06-10 23:20:26,109698,109643.73053945847,0.0004949618211138887
2025-06-11 01:47:23,109620,109853.11300000008,-0.0021220427317347364
2025-06-11 01:47:57,109665,109771.28628337293,-0.0009682521447234757
2025-06-11 03:18:35,109729,109799.12400000011,-0.0006386571900164933
2025-06-11 03:19:09,109732,109735.34386870365,-3.0472121248875207e-05
2025-06-11 04:30:06,109673,109758.30350000015,-0.0007771940461903593
2025-06-11 04:30:41,109675,109708.70338354207,-0.0003072079288390298
2025-06-11 05:21:57,109494,109676.45550000016,-0.0016635794726257926
2025-06-11 05:22:32,109485,109650.9983319811,-0.0015138788930906103
2025-06-11 06:31:32,109424,109605.4045000001,-0.0016550689341245566
2025-06-11 06:32:07,109410,109589.44733546085,-0.0016374508661545517
2025-06-11 07:21:03,109640,109606.51400000016,0.00030551103924210475
2025-06-11 07:21:39,109639,109608.76467681905,0.0002758476776022663
2025-06-11 08:29:07,109573,109565.66750000021,6.692333617906158e-05
2025-06-11 08:29:41,109546,109574.93490949964,-0.0002640650393590581
2025-06-11 09:23:58,109540,109543.3305000002,-3.0403494078538282e-05
2025-06-11 09:24:32,109522,109564.62289776845,-0.00038902062217857994
2025-06-11 10:23:29,109291,109483.91750000021,-0.0017620624508637428
2025-06-11 10:24:04,109317,109471.76303106158,-0.0014137255743078342
2025-06-11 11:18:54,109270,109448.06150000014,-0.001626904100079849
2025-06-11 11:19:29,109270,109419.7791113223,-0.0013688485988435709
2025-06-11 12:44:05,109794,109404.66050000014,0.00355871037139095
2025-06-11 12:44:40,109813,109420.05083660486,0.0035911988743445628
2025-06-11 13:34:21,109373,109421.10800000012,-0.00043965922918751485
2025-06-11 13:34:56,109345,109489.51271546441,-0.0013198772364615985
2025-06-11 14:20:21,110270,109509.18800000011,0.006947471841357167
2025-06-11 14:20:56,110299,109642.7269218216,0.0059855596135104
2025-06-11 15:24:12,109792,109619.64900000014,0.0015722637462546878
2025-06-11 15:24:48,109799,109705.49441221323,0.0008523327686344308
2025-06-11 16:28:17,109603,109686.07750000016,-0.0007574115320165348
2025-06-11 16:28:52,109649,109684.1032150074,-0.00032003922153232785
2025-06-11 17:19:28,109556,109730.54750000013,-0.0015906919629662044
2025-06-11 17:20:02,109577,109627.25115537606,-0.0004583819702350686
2025-06-11 18:30:55,108522,109507.56000000013,-0.008999926580412598
2025-06-11 18:31:30,108500,109292.99573353758,-0.007255686681614511
2025-06-11 19:16:54,108856,109351.58200000008,-0.004532005764672721
2025-06-11 19:17:28,108794,109197.54784715745,-0.003695576092260674
2025-06-11 20:22:33,108931,109143.69800000013,-0.0019487886510876208
2025-06-11 20:23:08,108918,109074.721966131,-0.0014368312227250758
2025-06-11 21:20:18,109095,109017.25650000016,0.0007131302189744306
2025-06-11 21:20:54,109095,109057.74888035125,0.00034157242407062145
2025-06-11 22:20:13,108420,108808.38200000025,-0.0035694125108876656
2025-06-11 22:20:47,108414,108874.0335488719,-0.004225374351225788
2025-06-11 23:21:30,108506,108709.36400000025,-0.001870712811825928
2025-06-11 23:22:05,108554,108725.50794381759,-0.0015774398028677258
2025-06-12 01:46:17,108425,108581.76700000018,-0.0014437690998359003
2025-06-12 01:46:53,108423,108612.95517866779,-0.001748918242352543
2025-06-12 03:16:58,108292,108515.2100000002,-0.002056946671348608
2025-06-12 03:17:33,108300,108538.68194366444,-0.002199049586656381
2025-06-12 04:28:02,107626,108364.86900000015,-0.00681834442119937
2025-06-12 04:28:36,107600,108263.68145550908,-0.006130231732252907
2025-06-12 05:20:58,107800,108187.81050000018,-0.0035846043857240355
2025-06-12 05:21:32,107788,108085.61100494611,-0.002753474788910562
2025-06-12 06:31:52,107901,107991.78550000019,-0.0008406704230312699
2025-06-12 06:32:28,107879,107970.24096840125,-0.0008450566339659785
2025-06-12 07:21:13,107844,107889.84600000014,-0.00042493340847048677
2025-06-12 07:21:49,107833,107947.46538215838,-0.0010603804522240946
2025-06-12 08:28:56,107822,107765.69600000011,0.0005224668154130165
2025-06-12 09:23:14,107574,107735.56600000008,-0.0014996533271109266
2025-06-12 09:23:50,107566,107788.96118898429,-0.002068497427982251
2025-06-12 10:24:06,107334,107682.39200000008,-0.0032353664654856443
2025-06-12 10:24:41,107314,107676.03159538955,-0.0033622301084603613
2025-06-12 11:18:34,107199,107585.35750000011,-0.0035911717819045613
2025-06-12 11:19:09,107174,107537.3281327318,-0.0033786233956207804
2025-06-12 12:43:03,107355,107391.15750000012,-0.0003366897316486931
2025-06-12 12:43:38,107372,107345.42868795332,0.0002475309137189603
2025-06-12 13:34:03,106797,107236.46150000012,-0.004098060434417829
2025-06-12 13:34:38,106902,107211.9794825295,-0.002891276553475144
2025-06-12 14:21:26,107381,107199.56200000008,0.0016925255720720365
2025-06-12 14:22:00,107421,107266.96601428454,0.0014359871583852655
2025-06-12 15:23:58,107436,107226.77850000004,0.0019512056869260127
2025-06-12 15:24:33,107496,107361.33656401231,0.0012543010388791213
2025-06-12 16:27:14,107585,107235.99500000008,0.0032545508623286153
2025-06-12 16:27:49,107582,107339.89627059945,0.002255486895480292
2025-06-12 17:19:25,108088,107417.00350000011,0.006246650699019837
2025-06-12 17:19:58,108100,107519.94109115734,0.005394896081191858
2025-06-12 18:29:51,107800,107626.56900000006,0.001611414371110711
2025-06-12 18:30:26,107772,107719.18109336324,0.0004903389173649909
2025-06-12 19:16:58,107796,107702.24450000007,0.0008705064637712956
2025-06-12 19:17:35,107770,107703.0317347553,0.0006217862595513478
2025-06-12 20:23:52,106699,107577.67500000009,-0.008167819205983858
2025-06-12 20:24:26,106684,107421.03650073936,-0.006861193344883456
2025-06-12 21:20:21,106093,107417.89400000013,-0.012334015783256089
2025-06-12 21:20:56,106173,107099.37660465545,-0.008649691847180964
2025-06-12 22:20:12,105780,107073.06150000014,-0.012076440907595978
2025-06-12 22:20:47,105768,106741.5248543857,-0.009120394857706608
2025-06-12 23:20:21,105978,106613.55450000016,-0.005961291722997168
2025-06-12 23:20:56,105978,106460.40703031498,-0.0045313280661947045
2025-06-13 01:47:10,103758,105062.15200000012,-0.012413147600480493
2025-06-13 01:47:44,103767,104831.14175385324,-0.010151007954791508
2025-06-13 03:18:43,104118,104346.82000000018,-0.002192879476348021
2025-06-13 03:19:17,104115,104345.18826444639,-0.002206026634050585
2025-06-13 04:28:51,103989,103985.79400000017,3.0831134489687694e-05
2025-06-13 04:29:26,104078,104267.19673014188,-0.00181453741996675
2025-06-13 05:20:56,104310,103878.0955000002,0.004157801487608133
2025-06-13 05:21:30,104371,104308.30613351302,0.0006010438555749731
2025-06-13 06:31:43,103895,104009.48300000018,-0.0011006977123439972
2025-06-13 06:32:18,103912,104180.84392596879,-0.002580550472021793
2025-06-13 07:20:46,104447,104134.66400000018,0.002999347076203372
2025-06-13 07:21:21,104488,104280.77885270344,0.0019871461411815603
2025-06-13 08:28:42,105121,104412.22000000013,0.006788285892205596
2025-06-13 08:29:17,105132,104555.33918735763,0.005515364563152738
2025-06-13 09:23:20,104638,104531.09950000014,0.001022666943246471
2025-06-13 09:23:55,104538,104610.2664537357,-0.0006908160755681195
2025-06-13 10:23:52,104673,104611.63450000007,0.0005866030130704733
2025-06-13 10:24:27,104680,104659.76577946599,0.00019333332521158765
2025-06-13 11:18:44,104822,104771.76700000007,0.0004794516828177066
2025-06-13 11:19:20,104849,104721.92663105583,0.0012134361258636854
2025-06-13 12:42:46,105022,104892.52100000011,0.0012343968737283956
2025-06-13 12:43:21,104975,104835.0822769861,0.00133464599802788
2025-06-13 13:32:48,104887,104841.39350000008,0.00043500471023328794
2025-06-13 13:33:23,104912,104843.31239188775,0.0006551453454227289
2025-06-13 14:20:48,104464,104833.5655000001,-0.0035252592834887266
2025-06-13 14:21:24,104341,104777.11373756372,-0.004162299590119055
2025-06-13 15:23:12,105529,104911.98350000009,0.005881277614009748
2025-06-13 15:23:43,105691,104924.32924803128,0.007306892095124869
2025-06-13 16:27:18,105891,105092.8680000001,0.007594540097620089
2025-06-13 16:27:53,105892,105182.56462207621,0.006744800152694572
2025-06-13 17:18:56,105220,105180.05000000012,0.0003798248812382256
2025-06-13 17:19:31,105294,105279.94041486373,0.00013354476722603784
2025-06-13 18:30:14,104989,105217.02250000015,-0.0021671635880035627
2025-06-13 18:30:50,104973,105192.66072365872,-0.002088175374095387
2025-06-13 19:17:18,105318,105325.26800000016,-6.900528370985442e-05
2025-06-13 19:17:52,105260,105197.31446215863,0.0005958853432890996
2025-06-13 20:23:29,105191,105311.9305000001,-0.0011483076934014039
2025-06-13 20:24:03,105165,105173.64056653899,-8.21552481443648e-05
2025-06-13 21:20:04,105380,105265.30100000012,0.0010896183159147257
2025-06-13 21:20:40,105379,105268.88121671099,0.0010460715647040882
2025-06-13 22:20:04,105693,105314.38750000011,0.0035950690972768188
2025-06-13 22:20:39,105662,105411.10242928939,0.002380181640533726
2025-06-13 23:21:00,105888,105433.84800000011,0.004307459213666231
2025-06-13 23:21:34,105897,105524.11098623561,0.0035336854324508763
2025-06-14 01:43:37,105497,105704.01500000013,-0.0019584402730599224
2025-06-14 01:44:13,105515,105650.4518273066,-0.0012820752298155044
2025-06-14 03:12:56,105313,105652.2530000001,-0.003211034221864616
2025-06-14 03:13:31,105313,105527.9227111617,-0.002036643057496293
2025-06-14 04:26:01,105294,105545.92850000011,-0.0023869087475042743
2025-06-14 04:26:36,105294,105436.77096768012,-0.0013540908581492974
2025-06-14 05:21:03,105275,105420.3150000001,-0.0013784345076193714
2025-06-14 05:21:39,105321,105402.80186555127,-0.0007760881504422961
2025-06-14 06:28:24,105161,105335.1310000001,-0.0016531141922640762
2025-06-14 06:28:59,105161,105352.02715711748,-0.0018132271610928948
2025-06-14 07:18:53,104937,105251.65400000007,-0.002989539717827784
2025-06-14 07:19:27,104937,105241.92773843174,-0.0028973978810955137
2025-06-14 08:25:29,104989,105192.9315000001,-0.0019386426168767166
2025-06-14 08:26:03,104995,105174.54559080282,-0.001707120195235948
2025-06-14 09:21:18,105080,105147.64900000012,-0.0006433714937375464
2025-06-14 09:21:53,105088,105142.13295685861,-0.0005148550379971796
2025-06-14 10:20:51,104886,105062.61450000011,-0.0016810404047208655
2025-06-14 10:21:26,104870,105063.27418857814,-0.0018395979953112387
2025-06-14 11:16:05,104979,105016.05400000012,-0.000352841290343285
2025-06-14 11:16:40,104988,105048.82220956426,-0.0005789899237796336
2025-06-14 12:39:10,104980,104995.30450000006,-0.00014576366126979107
2025-06-14 12:39:44,104991,105023.52132453996,-0.00030965753318695446
2025-06-14 13:28:11,104919,104988.05200000007,-0.0006577129367070145
2025-06-14 13:28:45,104919,105003.59322106226,-0.0008056221550834289
2025-06-14 14:17:59,105032,104982.25950000007,0.00047379909936046946
2025-06-14 14:18:34,105019,105010.01197500333,8.559207667556376e-05
2025-06-14 15:19:48,104944,104973.78950000007,-0.0002837803621452733
2025-06-14 15:20:22,104943,104978.64108536563,-0.0003395079703560343
2025-06-14 16:24:42,104757,104930.49700000009,-0.001653446852539831
2025-06-14 16:25:17,104775,104914.5976367246,-0.0013305835400329344
2025-06-14 17:17:07,104670,104849.86900000005,-0.0017154909368561025
2025-06-14 17:17:43,104691,104806.88021776332,-0.0011056546814727027
2025-06-14 18:26:57,104667,104792.97750000001,-0.0012021559364510674
2025-06-14 18:27:32,104657,104764.82226998833,-0.0010291839154794337
2025-06-14 19:15:52,104988,104751.80999999997,0.0022547581755392246
2025-06-14 19:16:26,105006,104788.40677953613,0.0020765008950051128
2025-06-14 20:21:13,104561,104691.72799999992,-0.0012486946437632168
2025-06-14 20:21:47,104511,104726.60573218299,-0.002058748401856492
2025-06-14 21:18:41,105037,104736.75299999991,0.002866682338339156
2025-06-14 21:19:16,105037,104813.74142531736,0.0021300506178544816
2025-06-14 22:19:39,105463,104893.42999999996,0.005429987369085331
2025-06-14 22:20:14,105469,105000.93206029538,0.004457750331547885
2025-06-14 23:21:13,105453,105043.04599999994,0.0039027238414245558
2025-06-14 23:21:49,105453,105137.9647952499,0.002996398164674441
2025-06-15 01:56:31,105441,105394.0474999999,0.0004454947989363567
2025-06-15 01:57:06,105432,105351.42299979317,0.0007648401693348683
2025-06-15 03:25:59,105500,105477.13599999994,0.00021676735705129134
2025-06-15 03:26:33,105500,105431.62279300099,0.0006485455235120157
2025-06-15 04:30:45,105506,105504.89699999988,1.0454491037692881e-05
2025-06-15 04:31:20,105506,105463.17588925148,0.000406057473496655
2025-06-15 05:19:54,105508,105521.51249999987,-0.00012805445714082368
2025-06-15 05:20:29,105508,105481.7852746124,0.0002485237173352263
2025-06-15 06:28:55,105557,105585.7479999999,-0.000272271594835934
2025-06-15 06:29:31,105557,105596.42802189953,-0.00037338404942399586
2025-06-15 07:19:38,105367,105568.42899999992,-0.0019080420340433083
2025-06-15 07:20:13,105367,105542.32041485781,-0.0016611385287785187
2025-06-15 08:25:26,105298,105529.23249999988,-0.0021911701101387437
2025-06-15 08:26:01,105298,105469.00081811356,-0.001621337234515598
2025-06-15 09:21:06,104917,105439.91599999992,-0.0049593742089089395
2025-06-15 09:21:41,104914,105330.17660812137,-0.003951162160011825
2025-06-15 10:23:05,105069,105332.3859999999,-0.0025005224888753302
2025-06-15 10:23:39,105070,105231.54983141858,-0.0015351843784243986
2025-06-15 11:16:40,105101,105187.6934999999,-0.0008241791136898226
2025-06-15 11:17:13,105101,105184.80829561425,-0.0007967718625175325
2025-06-15 12:39:35,105071,105089.04499999993,-0.00017171152330792906
2025-06-15 12:40:10,105040,105120.46315222119,-0.000765437573316909
2025-06-15 13:28:22,105548,105106.00849999991,0.004205197269955232
2025-06-15 13:28:57,105530,105199.12074692531,0.003145266336119616
2025-06-15 14:18:05,105348,105176.33499999992,0.0016321637372140895
2025-06-15 14:18:41,105348,105276.44242891666,0.0006797111436554527
2025-06-15 15:20:05,105593,105295.35349999985,0.0028267771568870653
2025-06-15 15:20:39,105602,105386.3414628277,0.0020463613612431257
2025-06-15 16:24:47,105403,105393.68099999991,8.842086083026612e-05
2025-06-15 16:25:22,105403,105441.06671186154,-0.00036102358453526587
2025-06-15 17:17:56,105522,105494.09749999989,0.00026449347083246013
2025-06-15 17:18:30,105550,105470.99709551915,0.000749048616742464
2025-06-15 18:27:32,105528,105555.23599999989,-0.00025802604429673236
2025-06-15 18:28:07,105549,105520.8635307129,0.00026664366027396956
2025-06-15 19:16:36,105540,105569.32849999986,-0.00027781269821999273
2025-06-15 19:17:12,105540,105519.4846161559,0.00019442270703587863
2025-06-15 20:22:06,105020,105464.87899999987,-0.004218266822264788
2025-06-15 20:22:40,104979,105383.95003223067,-0.0038426158073105086
2025-06-15 21:18:52,104680,105290.91699999986,-0.005802181398038889
2025-06-15 21:19:27,104680,105146.56406465381,-0.004437273522004219
2025-06-15 22:19:34,105124,105180.82199999981,-0.0005402315642656895
2025-06-15 22:20:09,105134,105097.45873802945,0.000347689301047993
2025-06-15 23:19:09,105353,105112.06699999985,0.002292153573577336
2025-06-15 23:19:43,105370,105162.94198550745,0.0019689256555896154
2025-06-16 01:50:46,105594,105246.78949999987,0.003299012745658455
2025-06-16 01:51:20,105589,105344.88653431671,0.0023172787376230736
2025-06-16 03:23:01,105876,105552.03999999985,0.0030691969572558936
2025-06-16 03:23:37,105863,105580.0677971829,0.0026797880387859547
2025-06-16 04:33:31,106306,105735.57699999984,0.0053948067073030315
2025-06-16 04:34:04,106301,105784.72956613012,0.004880387140822075
2025-06-16 05:23:08,106489,105869.38149999987,0.0058526694991613655
2025-06-16 05:23:42,106510,105952.19429926731,0.005264692292800806
2025-06-16 06:33:35,106669,106190.55649999986,0.004505518341455721
2025-06-16 06:34:09,106662,106226.28269311396,0.0041017843780227475
2025-06-16 07:22:39,106656,106311.38149999986,0.0032415955388571715
2025-06-16 07:23:14,106660,106336.09951220658,0.0030460068526045477
2025-06-16 08:30:24,106960,106621.3304999999,0.0031763766069314416
2025-06-16 08:30:58,107010,106632.38791119766,0.003541251360860593
2025-06-16 09:25:47,106991,106778.10349999992,0.001993821701469679
2025-06-16 09:26:21,107039,106750.99389308468,0.0026979243603461496
2025-06-16 10:24:29,107097,106896.74849999987,0.0018733170354580963
2025-06-16 10:25:04,107109,106846.83470233831,0.0024536552570045603
2025-06-16 11:19:04,106692,106936.40999999987,-0.0022855639159746694
2025-06-16 11:19:38,106692,106825.6532007196,-0.001251133943159381
2025-06-16 12:45:32,106749,106922.85149999984,-0.0016259527085268999
2025-06-16 12:46:06,106776,106809.89746943764,-0.00031736262500707703
2025-06-16 13:35:00,106600,106858.75699999984,-0.002421486149233779
2025-06-16 13:35:34,106608,106760.73369933481,-0.0014306168011635355
2025-06-16 14:22:16,107300,106876.96599999985,0.003958140054239056
2025-06-16 14:22:50,107222,106858.84325995077,0.003398471562768087
2025-06-16 15:23:55,107560,106989.34899999986,0.005333717845130026
2025-06-16 15:24:30,107541,107106.33719634771,0.004058236095362532
2025-06-16 16:28:02,107617,107139.23749999981,0.004459267315582558
2025-06-16 16:28:38,107607,107255.58895180849,0.003276389152544828
2025-06-16 17:19:02,107840,107329.53549999981,0.004756048720626318
2025-06-16 17:19:38,107860,107431.21878910468,0.003991216107647917
2025-06-16 18:30:50,108045,107639.95249999978,0.0037629847523410944
2025-06-16 18:31:24,108032,107631.96430436875,0.003716699757518119
2025-06-16 19:16:47,108743,107850.26649999982,0.008277527065732176
2025-06-16 19:17:22,108799,107881.77177491362,0.008502161301170505
2025-06-16 20:23:53,108581,108055.5259999998,0.004862999787722163
2025-06-16 20:24:27,108565,108114.41940064872,0.004167627240188214
2025-06-16 21:20:19,108591,108277.69399999981,0.0028935414897198176
2025-06-16 21:20:53,108591,108297.56192729577,0.002709553820807396
2025-06-16 22:20:28,108618,108447.31299999982,0.0015739163588145357
2025-06-16 22:21:02,108650,108407.5339366557,0.0022366163544129234
2025-06-16 23:20:01,107665,108430.15249999981,-0.0070566395265358375
2025-06-16 23:20:36,107618,108237.139773047,-0.0057202155779913005
2025-06-17 01:47:50,107059,107575.41249999979,-0.004800469624039681
2025-06-17 01:48:24,107087,107403.25000189545,-0.002944510542184375
2025-06-17 03:18:57,107484,107157.90049999979,0.0030431680583385035
2025-06-17 03:19:33,107495,107338.33441292218,0.001459549264805426
2025-06-17 04:29:29,107497,107136.73149999979,0.003362698254428361
2025-06-17 04:30:04,107479,107413.03477999063,0.0006141267691065922
2025-06-17 05:21:15,107184,107245.8914999998,-0.000577099030407093
2025-06-17 05:21:49,107212,107362.96481350399,-0.0014061162875505981
2025-06-17 06:31:56,106953,107257.97849999978,-0.002843410851713747
2025-06-17 06:32:31,106912,107250.50643372502,-0.003156222240630639
2025-06-17 07:21:10,106641,107222.72449999982,-0.005425384429583516
2025-06-17 07:21:45,106601,107112.08299179518,-0.004771478413264794
2025-06-17 08:29:43,106800,107093.05299999981,-0.0027364333333536697
2025-06-17 08:30:18,106812,106968.75621762354,-0.0014654392849499237
2025-06-17 09:24:40,106464,106882.26199999976,-0.003913296670309579
2025-06-17 09:25:15,106470,106821.34445508957,-0.0032890847506350175
2025-06-17 10:24:06,106092,106649.5704999998,-0.005228061373203551
2025-06-17 10:24:41,106120,106599.70129312333,-0.004500024740259551
2025-06-17 11:18:27,105701,106381.99849999975,-0.006401444883551005
2025-06-17 11:19:01,105690,106326.13297350473,-0.005982846885471233
2025-06-17 12:44:44,105754,106113.56399999975,-0.0033884829275902177
2025-06-17 12:45:20,105755,106036.75573013435,-0.00265715155272594
2025-06-17 13:33:32,105549,105886.38149999976,-0.0031862596041187462
2025-06-17 13:34:06,105580,105906.57960773968,-0.0030836573983342415
2025-06-17 14:21:56,105407,105724.64799999978,-0.003004483873994865
2025-06-17 14:22:31,105457,105775.96222304087,-0.0030154509241740813
2025-06-17 15:24:36,104388,105440.2929999998,-0.009979989338608945
2025-06-17 15:25:12,104370,105425.46787312241,-0.010011507602628315
2025-06-17 16:28:27,104257,105154.9719999998,-0.00853951061866867
2025-06-17 16:29:02,104210,105065.47006445652,-0.008142257051072011
2025-06-17 17:19:42,103753,104780.98699999983,-0.009810816155032357
2025-06-17 17:20:17,103702,104630.72118355808,-0.008876180657579405
2025-06-17 18:30:44,103704,104350.99949999983,-0.006200223314581973
2025-06-17 18:31:20,103779,104320.97670923496,-0.005195280243067228
2025-06-17 19:17:14,104960,104262.06199999983,0.006694074398798773
2025-06-17 19:17:49,104993,104458.57212756769,0.005116170569320538
2025-06-17 20:23:28,104488,104258.94249999982,0.002197005786819533
2025-06-17 20:24:02,104501,104531.66875357677,-0.00029339198295082365
2025-06-17 21:20:43,104343,104276.54099999982,0.0006373341440255224
2025-06-17 21:21:19,104383,104506.13084503356,-0.0011782164743630943
2025-06-17 22:20:04,104662,104451.31749999983,0.0020170401392990596
2025-06-17 22:20:39,104706,104564.46960666453,0.001353522796680957
2025-06-17 23:20:07,104536,104571.69849999982,-0.0003413782171647909
2025-06-17 23:20:42,104520,104519.39687135373,5.770494896846091e-06
2025-06-18 01:46:39,104736,104621.42049999983,0.001095182033015575
2025-06-18 01:47:14,104710,104653.21512255247,0.0005426004101358072
2025-06-18 03:17:51,105034,104735.29849999983,0.002851965901449841
2025-06-18 03:18:26,105018,104793.60594457012,0.0021412952957126684
2025-06-18 04:30:03,105201,104886.59349999989,0.0029975851966258594
2025-06-18 04:30:37,105232,104962.10748869459,0.002571332814887351
2025-06-18 05:21:25,105475,105060.53849999988,0.003944977875780846
2025-06-18 05:22:00,105465,105099.21067767075,0.0034804193101990984
2025-06-18 06:31:48,105230,105201.06199999987,0.0002750732687482342
2025-06-18 06:32:23,105262,105212.59317943883,0.0004695903700130891
2025-06-18 07:21:31,104954,105199.2604999999,-0.0023313899625739512
2025-06-18 07:22:06,104936,105123.81371935146,-0.0017865953746014315
2025-06-18 08:29:13,105109,105219.54999999984,-0.001050660262278664
2025-06-18 08:29:48,105095,105105.09576207143,-9.605397338951605e-05
2025-06-18 09:24:28,104941,105160.78099999984,-0.002089952146702324
2025-06-18 09:25:03,104929,105044.77227191663,-0.0011021231177211603
2025-06-18 10:23:23,104522,105001.09349999987,-0.00456274772033562
2025-06-18 10:23:58,104570,104910.26853589993,-0.0032434245059957214
2025-06-18 11:18:53,104459,104793.6299999999,-0.003193228443369154
2025-06-18 11:19:28,104374,104734.47347927175,-0.003441784422042205
2025-06-18 12:44:40,104506,104730.4809999999,-0.0021434161082473984
2025-06-18 12:45:15,104506,104697.90163957326,-0.0018329081726383648
2025-06-18 13:34:48,103836,104542.73099999985,-0.0067602117645066614
2025-06-18 13:35:22,103901,104517.06488295767,-0.005894395175061234
2025-06-18 14:21:39,105188,104542.7994999999,0.006171639778979653
2025-06-18 14:22:13,105229,104584.18887568319,0.0061654742580953764
2025-06-18 15:24:15,104600,104559.7379999999,0.00038506217374133385
2025-06-18 15:24:49,104571,104643.59386257885,-0.0006937248607323957
2025-06-18 16:27:59,104385,104625.8869999999,-0.002302365188071484
2025-06-18 16:28:33,104403,104663.76066959853,-0.0024914131494060974
2025-06-18 17:20:26,104240,104549.2814999999,-0.002958236494431535
2025-06-18 17:21:00,104271,104566.70673209056,-0.002827924311016031
2025-06-18 18:30:43,104259,104551.99749999991,-0.00280240939442511
2025-06-18 18:31:19,104195,104439.12396230882,-0.0023374761588092294
2025-06-18 19:17:28,104222,104436.82049999989,-0.0020569421682067146
2025-06-18 19:18:03,104200,104356.31648514251,-0.001497911103107641
2025-06-18 20:25:16,104156,104268.8414999999,-0.001082216876840367
2025-06-18 20:25:47,104156,104209.98340086237,-0.0005180252323303433
2025-06-18 21:20:01,104573,104261.0239999999,0.002992259120724704
2025-06-18 21:20:35,104591,104353.29903541548,0.0022778481062094027
2025-06-18 22:20:07,104893,104388.1904999999,0.004835887063298653
2025-06-18 22:20:41,104943,104557.18096937901,0.0036900290065584257
2025-06-18 23:20:13,104884,104510.59999999989,0.0035728433288117283
2025-06-18 23:20:48,104866,104661.82328695085,0.0019508232002547813
2025-06-19 01:48:01,104631,104816.40149999989,-0.0017688214568202954
2025-06-19 01:48:37,104631,104727.0691072978,-0.0009173283289286563
2025-06-19 03:18:35,104897,104803.47849999982,0.000892351106458526
2025-06-19 03:19:10,104839,104757.5927169222,0.0007771015061197756
2025-06-19 04:29:25,104852,104836.01299999989,0.0001524953071241859
2025-06-19 04:29:59,104852,104840.73378885645,0.00010746024695171284
2025-06-19 05:20:59,105105,104877.9754999999,0.0021646537217921567
2025-06-19 05:21:34,105118,104911.19733792794,0.0019712162983512036
2025-06-19 06:31:52,104696,104874.50549999988,-0.0017020866906484063
2025-06-19 06:32:27,104703,104854.28939835893,-0.0014428536898872817
2025-06-19 07:21:00,104823,104898.0794999999,-0.0007157376031837199
2025-06-19 07:21:34,104811,104834.91914978958,-0.00022816013961345105
2025-06-19 08:29:03,104877,104873.34099999987,3.488970567010564e-05
2025-06-19 08:29:38,104877,104819.07891557884,0.0005525815053938084
2025-06-19 09:23:39,104948,104847.4494999999,0.0009590171289774628
2025-06-19 09:24:13,104959,104831.89852125601,0.0012124313356608836
2025-06-19 10:23:22,105031,104840.30099999989,0.0018189474675402721
2025-06-19 10:23:57,104996,104886.1132149476,0.0010476771584356538
2025-06-19 11:18:59,104889,104858.39749999989,0.0002918459630294278
2025-06-19 11:19:33,104908,104892.50376267116,0.00014773445930802844
2025-06-19 12:43:38,104734,104870.3169999999,-0.001299862572169909
2025-06-19 12:44:12,104712,104853.72973469715,-0.0013516899690240256
2025-06-19 13:32:54,104692,104847.4174999999,-0.0014823207257336044
2025-06-19 13:33:28,104687,104808.66678601352,-0.0011608466145450148
2025-06-19 14:20:22,104534,104777.05299999988,-0.002319715940091231
2025-06-19 14:20:57,104517,104699.81849759415,-0.0017461204825140724
2025-06-19 15:22:49,104320,104644.7289999999,-0.0031031567772506255
2025-06-19 15:23:23,104301,104573.8801735178,-0.0026094486793931024
2025-06-19 16:27:02,104356,104514.6044999999,-0.0015175343269839344
2025-06-19 16:27:35,104372,104469.09153151044,-0.0009293804520272923
2025-06-19 17:19:16,104045,104365.08649999995,-0.003066988307435043
2025-06-19 17:19:51,104028,104338.10344500239,-0.002972101607787472
2025-06-19 18:29:15,104488,104339.59099999994,0.0014223651691337178
2025-06-19 18:29:49,104467,104419.78639773093,0.00045215187559600605
2025-06-19 19:15:45,104399,104321.42399999998,0.000743624818618422
2025-06-19 19:16:20,104326,104399.50025171574,-0.0007040287696638946
2025-06-19 20:25:20,104380,104313.35999999993,0.0006388443436207234
2025-06-19 20:25:54,104285,104360.26673001984,-0.0007212201767800423
2025-06-19 21:19:23,104290,104315.98349999993,-0.0002490845518407958
2025-06-19 21:19:58,104272,104330.36128984601,-0.0005593893198919882
2025-06-19 22:20:04,104537,104387.71099999992,0.00143013960714281
2025-06-19 22:20:39,104561,104369.61644179089,0.0018337095098538661
2025-06-19 23:20:58,104808,104410.14399999993,0.003810510978704069
2025-06-19 23:21:33,104822,104481.88011027723,0.003255300243102323
2025-06-20 01:46:57,104568,104556.36999999997,0.00011123186468728557
2025-06-20 01:47:32,104586,104549.95280623846,0.00034478440969115096
2025-06-20 03:17:48,104566,104635.579,-0.0006649650211234355
2025-06-20 03:18:23,104600,104595.33148546534,4.4634062231593624e-05
2025-06-20 04:28:47,104470,104621.17999999996,-0.0014450228911580233
2025-06-20 04:29:23,104470,104584.92707674566,-0.0010988875735537594
2025-06-20 05:21:37,104367,104555.64599999996,-0.0018042641140581192
2025-06-20 05:22:11,104358,104500.0262604671,-0.001359102629439529
2025-06-20 06:31:30,104702,104566.30699999997,0.0012976742116371045
2025-06-20 06:32:04,104698,104555.8257389221,0.001359792819511709
2025-06-20 07:20:43,105016,104585.33299999997,0.0041178527394470366
2025-06-20 07:21:17,105035,104635.13758757204,0.003821492680633249
2025-06-20 08:28:50,106437,104870.04099999994,0.014941912724150281
2025-06-20 08:29:24,106463,105105.96663553361,0.01291109732306685
2025-06-20 09:22:51,105880,105142.99599999997,0.00700953965587998
2025-06-20 09:23:26,105906,105381.53218263622,0.00497684752253201
2025-06-20 10:23:13,106005,105469.35999999994,0.00507863136744224
2025-06-20 10:23:48,106035,105574.24773784487,0.004364248593077762
2025-06-20 11:18:41,105818,105739.227,0.0007449742374227972
2025-06-20 11:19:18,105857,105699.4190512079,0.0014908402544366317
2025-06-20 12:43:20,106055,105994.72450000001,0.0005686650942706948
2025-06-20 12:43:54,106020,105812.7669537636,0.0019584881125635605
2025-06-20 13:32:05,106023,105978.96199999998,0.0004155353021858718
2025-06-20 13:32:39,106040,105879.08247124884,0.0015198236043919007
2025-06-20 14:20:31,105616,105921.05700000003,-0.0028800411234569698
2025-06-20 14:21:06,105664,105803.98750755194,-0.0013230834758656497
2025-06-20 15:22:21,104342,105581.77599999993,-0.011742329471706614
2025-06-20 15:22:57,104290,105288.45778668187,-0.009483069727403391
2025-06-20 16:26:40,104259,105240.13349999992,-0.009322807443986416
2025-06-20 16:27:14,104236,104947.10186897957,-0.006775812350371947
2025-06-20 17:18:59,103470,104760.49199999998,-0.012318498847828855
2025-06-20 17:19:34,103451,104494.41198948631,-0.009985337680940233
2025-06-20 18:30:02,103117,104159.03,-0.010004221429481427
2025-06-20 18:30:37,103132,103934.61372232178,-0.00772229475414316
2025-06-20 19:17:06,103157,103670.68699999995,-0.004954987903185665
2025-06-20 19:17:41,103153,103731.0928962187,-0.0055729953293471544
2025-06-20 20:23:32,103434,103482.72399999994,-0.00047084187694888856
2025-06-20 20:24:07,103446,103625.85293016268,-0.0017355990332247845
2025-06-20 21:19:12,103564,103361.87549999994,0.0019555034099595424
2025-06-20 21:19:47,103525,103624.70200946706,-0.0009621451983326344
2025-06-20 22:19:56,103164,103340.48549999998,-0.0017078059885830583
2025-06-20 22:20:30,103187,103546.96816651475,-0.0034763757248390224
2025-06-20 23:20:40,103135,103340.64099999997,-0.001989933466737198
2025-06-20 23:21:15,103135,103402.22287518249,-0.0025843049380578046
2025-06-21 01:45:03,103444,103315.26249999992,0.001246064684780487
2025-06-21 01:45:39,103450,103357.04711052551,0.0008993377043278665
2025-06-21 03:14:03,103546,103312.10799999998,0.0022639359948015162
2025-06-21 03:14:37,103550,103408.77456790388,0.0013657006640513429
2025-06-21 04:26:24,103426,103405.93499999997,0.00019404108671355698
2025-06-21 04:26:59,103414,103445.73497125629,-0.0003067789238976777
2025-06-21 05:20:09,103386,103426.11649999992,-0.0003878759191341816
2025-06-21 05:20:45,103379,103421.31427856731,-0.00040914466096744214
2025-06-21 06:29:00,103497,103458.93899999993,0.00036788507951037754
2025-06-21 06:29:35,103497,103429.47100513446,0.0006528989678598337
2025-06-21 07:19:17,103459,103466.66999999995,-7.413015225052281e-05
2025-06-21 07:19:52,103468,103447.37393830433,0.00019938700143294928
2025-06-21 08:26:06,103527,103455.46749999991,0.0006914327655045253
2025-06-21 08:26:41,103527,103462.50797518206,0.0006233371496601502
2025-06-21 09:20:33,103733,103504.23499999996,0.002210199418410688
2025-06-21 09:21:07,103733,103549.23275216445,0.0017746847847282705
2025-06-21 10:21:44,103883,103599.01199999997,0.002741223053362968
2025-06-21 10:22:18,103883,103654.89518210036,0.0022006179013437737
2025-06-21 11:18:36,103824,103687.59549999997,0.0013155334477790387
2025-06-21 11:19:11,103824,103723.3719963675,0.0009701574649542666
2025-06-21 12:39:29,103843,103787.63449999991,0.0005334498687325535
2025-06-21 12:40:05,103856,103788.9790399832,0.0006457425502854497
2025-06-21 13:28:28,103867,103837.67899999992,0.0002823734147609714
2025-06-21 13:29:03,103867,103798.40485209423,0.0006608497308172789
2025-06-21 14:19:36,103487,103808.63249999998,-0.003098321326985768
2025-06-21 14:20:11,103524,103726.81949511665,-0.0019553235711252098
2025-06-21 15:20:00,103498,103743.90349999991,-0.00237029349873955
2025-06-21 15:20:34,103517,103670.3323936663,-0.0014790383142984941
2025-06-21 16:25:03,103636,103682.42849999989,-0.0004477952597328747
2025-06-21 16:25:39,103633,103631.99007654184,9.745286734449958e-06
2025-06-21 17:17:45,103546,103605.77149999994,-0.0005769128411919059
2025-06-21 17:18:19,103546,103592.97173283558,-0.00045342586519011793
2025-06-21 18:27:16,103205,103481.84399999995,-0.002675290556283031
2025-06-21 18:27:51,103213,103472.88704745358,-0.0025116439182217196
2025-06-21 19:16:39,102535,103318.07699999996,-0.007579283536219527
2025-06-21 19:17:14,102535,103224.13883293656,-0.0066761402974927905
2025-06-21 20:21:20,102278,103075.80099999992,-0.007739944703412201
2025-06-21 20:21:54,102340,102934.37682843531,-0.0057743277488917465
2025-06-21 21:18:32,102560,102894.178,-0.0032477833682679294
2025-06-21 21:19:07,102553,102838.7702074579,-0.002778817822124978
2025-06-21 22:19:03,101741,102511.95999999999,-0.007520683440254112
2025-06-21 22:19:37,101740,102427.49259842215,-0.006711992854472537
2025-06-21 23:19:37,101501,102190.66949999999,-0.0067488500014180755
2025-06-21 23:20:12,101474,102165.95098546258,-0.006772814022560595
2025-06-22 01:55:40,102491,102093.46499999998,0.0038938339491172928
2025-06-22 01:56:14,102522,102366.32354273269,0.0015207780437902106
2025-06-22 03:26:43,102199,102212.11749999996,-0.00012833605565371362
2025-06-22 03:27:19,102169,102334.97435280931,-0.0016218732047276186
2025-06-22 04:32:01,102662,102450.86449999992,0.0020608464460548977
2025-06-22 04:32:34,102660,102398.65507546329,0.00255223004974146
2025-06-22 05:20:24,102906,102516.99699999992,0.0037945219952168967
2025-06-22 05:20:59,102865,102463.09935641356,0.003922393975107552
2025-06-22 06:29:36,102825,102521.77199999991,0.0029576937082212195
2025-06-22 06:30:10,102820,102605.49803596134,0.002090550391008101
2025-06-22 07:20:09,102638,102578.60099999988,0.0005790583944513083
2025-06-22 07:20:43,102617,102614.16504225007,2.7627352897768213e-05
2025-06-22 08:26:16,102488,102598.65599999994,-0.0010785326466649283
2025-06-22 08:26:50,102505,102552.59900642822,-0.00046414237073835263
2025-06-22 09:20:48,102500,102636.29599999994,-0.0013279512736892216
2025-06-22 09:21:22,102488,102568.26898904097,-0.0007825908522405098
2025-06-22 10:21:05,102384,102571.59049999996,-0.0018288738537203643
2025-06-22 10:21:40,102384,102485.51297321908,-0.0009905104660559224
2025-06-22 11:16:50,102608,102522.37999999995,0.0008351347286324566
2025-06-22 11:17:24,102639,102517.70488747967,0.0011831625830236365
2025-06-22 12:39:28,102621,102540.27799999993,0.0007872223634898582
2025-06-22 12:40:03,102614,102579.62074272796,0.00033514704990248746
2025-06-22 13:28:08,101390,102488.15949999992,-0.010714988983677889
2025-06-22 13:28:42,101080,102448.34843137267,-0.013356471356776286
2025-06-22 14:18:35,100412,102060.50799999991,-0.016152261362445068
2025-06-22 14:19:10,100300,101785.05292752144,-0.014590088473785089
2025-06-22 15:20:05,99700,101443.15049999992,-0.017183520931754948
2025-06-22 15:20:39,99618,100975.5732440941,-0.013444570805380486
2025-06-22 16:24:45,98826,100710.14699999991,-0.018708611357700744
2025-06-22 16:25:20,98730,100289.81890562823,-0.015553113193832796
2025-06-22 17:19:00,99747,100091.55899999992,-0.003442438138064383
2025-06-22 17:19:35,99697,100077.51585640706,-0.003802211247459715
2025-06-22 18:27:54,99524,99548.95349999992,-0.0002506656184980987
2025-06-22 18:28:28,99571,99885.01536436517,-0.0031437684944002086
2025-06-22 19:16:33,99186,99361.53499999993,-0.0017666293098222653
2025-06-22 19:17:07,99173,99700.24752194135,-0.005288327110976463
2025-06-22 20:22:04,98462,99230.85349999992,-0.00774812946660713
2025-06-22 20:22:37,98434,99368.20728407682,-0.009401470647508849
2025-06-22 21:18:52,99412,99311.43799999994,0.001012592325972197
2025-06-22 21:19:26,99460,99382.29368507088,0.0007818929514281645
2025-06-22 22:19:35,100289,99339.21049999993,0.009561073570240147
2025-06-22 22:20:09,100341,99524.35293151237,0.008205499904627373
2025-06-22 23:19:49,100977,99618.95649999994,0.013632380299025304
2025-06-22 23:20:24,100918,99968.19155603649,0.009501106593801935
2025-06-23 01:53:57,101020,100499.91149999994,0.005175014507351646
2025-06-23 01:54:31,101040,100544.0204037568,0.0049329596553975095
2025-06-23 03:27:27,101175,100979.05149999994,0.0019404866364788238
2025-06-23 03:28:02,101148,100840.83586799054,0.003046029213914577
2025-06-23 04:35:17,101251,101042.12949999997,0.0020671624898803594
2025-06-23 04:35:51,101238,100970.0715186017,0.002653543543830564
2025-06-23 05:23:30,101512,101128.42399999997,0.003792959336536582
2025-06-23 05:24:05,101528,101074.50806355309,0.004486709311132787
2025-06-23 06:33:45,101930,101354.98149999997,0.005673312662979815
2025-06-23 06:34:20,101899,101361.28086228628,0.005304975757402755
2025-06-23 07:22:37,101908,101465.94749999992,0.0043566586711278514
2025-06-23 07:23:12,101911,101495.68689354153,0.004091928624455683
2025-06-23 08:30:31,101937,101646.22599999994,0.0028606472806974974
2025-06-23 08:31:05,101902,101665.78329807639,0.0023234631580129382
2025-06-23 09:26:20,101431,101715.85599999993,-0.0028005073269985283
2025-06-23 09:26:54,101486,101660.04598830541,-0.001712039244261558
2025-06-23 10:24:49,101396,101752.57449999996,-0.003504329023143871
2025-06-23 10:25:23,101396,101600.6290125884,-0.0020140526153931914
2025-06-23 11:19:22,101328,101668.05649999995,-0.0033447723081039523
2025-06-23 11:19:56,101336,101514.6768999837,-0.0017601090348712113
2025-06-23 12:45:47,101390,101488.44499999995,-0.0009700119062810434
2025-06-23 12:46:21,101453,101415.624457439,0.0003685383071982671
2025-06-23 13:36:13,101293,101401.77849999997,-0.0010727474567911181
2025-06-23 13:36:47,101470,101406.62228055723,0.0006249860020721646
2025-06-23 14:22:38,102188,101489.69049999995,0.006880595423631201
2025-06-23 14:23:13,101993,101602.97254820261,0.003838740560590894
2025-06-23 15:24:05,101875,101571.37649999994,0.002989262432611218
2025-06-23 15:24:40,101845,101693.55741636248,0.0014892052897458052
2025-06-23 16:28:30,100404,101513.89699999995,-0.010933448845924554
2025-06-23 16:29:05,100350,101460.1690969526,-0.010941920428811307
2025-06-23 17:19:24,101292,101453.88199999995,-0.001595621545560516
2025-06-23 17:19:59,101332,101316.6062206451,0.00015193737659721174
2025-06-23 18:30:58,102750,101775.52999999996,0.009574698358240387
2025-06-23 18:31:33,102753,101882.7687191017,0.008541496190563772
2025-06-23 19:17:37,102882,101908.52999999994,0.00955238977541978
2025-06-23 19:18:12,102812,102166.49303618699,0.006318186566160903
2025-06-23 20:24:29,103750,102209.17399999997,0.01507522211264549
2025-06-23 20:25:04,103760,102539.1846437214,0.011905842244800362
2025-06-23 21:20:25,104064,102770.67899999997,0.01258453298727379
2025-06-23 21:20:59,104035,102988.24097005506,0.010163869390188858
2025-06-23 22:21:01,105168,103418.07299999997,0.01692090124324813
2025-06-23 22:21:35,105209,103482.72034285868,0.016681815586426552
2025-06-23 23:17:50,105246,103851.88949999998,0.013424026338972144
2025-06-23 23:18:24,105307,103998.8023335186,0.01257896857586955
2025-06-24 01:48:34,105118,104879.79699999995,0.0022712000481851847
2025-06-24 01:49:09,105103,104732.16372295497,0.0035408060319081706
2025-06-24 03:19:39,104971,105154.51199999996,-0.0017451652478778928
2025-06-24 03:20:13,105017,104873.58933474228,0.001367462162470382
2025-06-24 04:30:51,104893,105034.11449999998,-0.0013435111122870609
2025-06-24 04:31:25,104913,104872.81062917989,0.00038322011757857186
2025-06-24 05:22:35,105085,104995.10199999998,0.000856211368793333
2025-06-24 05:23:10,105089,104893.54572177457,0.0018633584829314679
2025-06-24 06:32:48,105563,105078.76049999995,0.004608348040040447
2025-06-24 06:33:23,105507,105115.00060014313,0.0037292431871644226
2025-06-24 07:22:20,105742,105159.62749999994,0.005537985573408922
2025-06-24 07:22:55,105731,105259.77236153668,0.004476806550984979
2025-06-24 08:30:19,105067,105184.16749999995,-0.0011139271506802801
2025-06-24 08:30:54,105138,105168.45597970486,-0.00028959234421711193
2025-06-24 09:24:51,105340,105225.36999999995,0.0010893760696688295
2025-06-24 09:25:26,105338,105158.87183200783,0.0017034051894197328
2025-06-24 10:24:07,105221,105280.72950000002,-0.0005673355445358671
2025-06-24 10:24:41,105210,105182.27151449019,0.00026362318583309435
2025-06-24 11:19:12,105172,105238.3665,-0.000630630274938786
2025-06-24 11:19:46,105135,105185.49378917844,-0.00048004517884984755
2025-06-24 12:44:46,105065,105149.34950000001,-0.0008021875589445389
2025-06-24 12:45:20,105180,105186.1923918843,-5.8870767573983395e-05
2025-06-24 13:35:05,104893,105179.9465,-0.0027281483737967623
2025-06-24 13:35:40,104822,105152.30045266438,-0.0031411624019872676
2025-06-24 14:22:18,105394,105199.24250000001,0.0018513203647829728
2025-06-24 14:22:52,105408,105185.33084517934,0.0021169221319311286
2025-06-24 15:24:14,105722,105278.67700000003,0.0042109476736678095
2025-06-24 15:24:48,105717,105329.402863545,0.003679856962230583
2025-06-24 16:28:00,105463,105282.33800000003,0.0017159763302365821
2025-06-24 16:28:34,105450,105318.27244887942,0.0012507568540351835
2025-06-24 17:21:02,105914,105354.99050000003,0.005305961277647981
2025-06-24 17:21:37,105890,105425.36310279179,0.004407259159782857
2025-06-24 18:30:36,105849,105628.21850000005,0.002090175363508129
2025-06-24 18:31:11,105849,105671.26360720828,0.001681974708397388
2025-06-24 19:17:51,105469,105656.06050000002,-0.001770466351999007
2025-06-24 19:18:26,105462,105603.1231608161,-0.0013363540451469043
2025-06-24 20:24:34,105635,105647.40650000004,-0.00011743307678869498
2025-06-24 20:25:08,105642,105590.06723558868,0.0004918338037937922
2025-06-24 21:20:35,105944,105785.46000000004,0.001498693676805531
2025-06-24 21:21:09,105962,105717.12962426055,0.0023162790799350266
2025-06-24 22:20:23,105869,105786.26600000003,0.0007820864005159952
2025-06-24 22:20:59,105847,105779.55871428456,0.0006375644456751841
2025-06-24 23:20:44,105840,105781.50300000007,0.0005529983819565339
2025-06-24 23:21:19,105845,105828.66461232715,0.0001543569290294895
2025-06-25 01:48:43,106323,106069.71000000011,0.002387957881660009
2025-06-25 01:49:18,106300,106090.20255352727,0.0019775383722816266
2025-06-25 03:20:47,106512,106260.98150000007,0.0023622829043785246
2025-06-25 03:21:21,106486,106302.55858489583,0.0017256538087714061
2025-06-25 04:31:23,106258,106343.61800000006,-0.0008051070822140016
2025-06-25 04:31:57,106258,106275.63563836028,-0.00016594244065775072
2025-06-25 05:22:22,106150,106325.18800000008,-0.0016476622641859971
2025-06-25 05:22:57,106133,106229.73915104188,-0.0009106597814792167
2025-06-25 06:32:52,106317,106325.23800000006,-7.747925285674656e-05
2025-06-25 06:33:26,106335,106254.49201055401,0.0007576902201743679
2025-06-25 07:22:02,106428,106310.22350000004,0.0011078567622422836
2025-06-25 07:22:38,106428,106298.9889909461,0.0012136616752289435
2025-06-25 08:30:30,106462,106344.78899999999,0.0011021790639878955
2025-06-25 08:31:05,106411,106402.68434608194,7.815267038767923e-05
2025-06-25 09:26:04,106900,106425.44399999999,0.00445904646636956
2025-06-25 09:26:39,106878,106502.82688141923,0.0035226587834940063
2025-06-25 10:24:00,106966,106537.18599999999,0.004025017142840746
2025-06-25 10:24:35,106962,106572.47676191213,0.0036550078399518325
2025-06-25 11:19:13,106911,106691.005,0.0020619826385551
2025-06-25 11:19:48,106881,106717.81875479381,0.001529090897005011
2025-06-25 12:45:38,107065,106867.65199999996,0.0018466579578265822
2025-06-25 12:46:14,107072,106888.65397279368,0.0017152992426398307
2025-06-25 13:35:35,107633,107051.56499999997,0.0054313545065878014
2025-06-25 13:36:11,107645,107093.55769431066,0.005149164128652701
2025-06-25 14:21:57,107241,107199.22249999999,0.00038971831162311896
2025-06-25 14:22:31,107324,107272.96532777401,0.0004757458887246047
2025-06-25 15:24:32,107159,107368.21999999994,-0.0019486212959471906
2025-06-25 15:25:08,107184,107355.39306826094,-0.0015965017067373277
2025-06-25 16:28:52,107395,107393.34549999998,1.540598248723654e-05
2025-06-25 16:29:26,107380,107294.509401419,0.0007967844678907035
2025-06-25 17:19:58,107437,107427.23899999991,9.086149928963475e-05
2025-06-25 17:20:32,107436,107296.81289437463,0.001297215656930947
2025-06-25 18:31:28,107377,107388.35099999995,-0.00010570047769847458
2025-06-25 18:32:03,107419,107314.4747445037,0.000974008918602539
2025-06-25 19:16:08,107680,107359.44049999994,0.0029858529301860642
2025-06-25 19:16:43,107642,107389.46462010978,0.002351584308419503
2025-06-25 20:24:38,107588,107406.66799999992,0.00168827507059508
2025-06-25 20:25:12,107656,107498.56326568418,0.0014645473347091697
2025-06-25 21:20:21,107654,107509.35149999995,0.001345450400191968
2025-06-25 21:20:56,107642,107553.39014258262,0.0008238685670429524
2025-06-25 22:20:19,107445,107548.08099999989,-0.000958464335592276
2025-06-25 22:20:53,107445,107522.79633699596,-0.0007235334240390639
2025-06-25 23:20:17,107360,107539.43099999991,-0.0016685135706168066
2025-06-25 23:20:53,107338,107445.72730092784,-0.0010026206126012517
2025-06-26 01:47:35,107628,107407.63599999998,0.0020516604610869194
2025-06-26 01:48:10,107650,107437.32530831541,0.001979523327430855
2025-06-26 03:19:28,108038,107515.32399999998,0.004861409337333359
2025-06-26 03:20:03,107984,107632.34141256228,0.003267220454582399
2025-06-26 04:30:22,107796,107653.11349999998,0.0013272862749113372
2025-06-26 04:30:57,107815,107703.01239471919,0.0010397815510525244
2025-06-26 05:22:15,107708,107703.98899999999,3.724096049973744e-05
2025-06-26 05:22:51,107734,107720.13952870954,0.0001286711226991066
2025-06-26 06:32:48,107727,107771.23499999996,-0.00041045275207208067
2025-06-26 06:33:23,107732,107700.2332120892,0.0002949556093183935
2025-06-26 07:21:41,107971,107788.7935,0.0016904030009390562
2025-06-26 07:22:15,107972,107744.54149421341,0.002111090758122606
2025-06-26 08:29:51,107895,107803.33650000002,0.000850284443654307
2025-06-26 08:30:27,107854,107809.51561740504,0.00041262018793249296
2025-06-26 09:24:10,107487,107753.04550000004,-0.002469029982080984
2025-06-26 09:24:44,107479,107726.1204950376,-0.0022939700594618675
2025-06-26 10:23:28,107293,107668.35700000003,-0.0034862331929150976
2025-06-26 10:24:02,107280,107599.18011797204,-0.002966380576711506
2025-06-26 11:18:46,107299,107609.88200000001,-0.002888972594543058
2025-06-26 11:19:21,107281,107516.97508386761,-0.0021947704879489187
2025-06-26 12:44:25,107310,107451.96900000007,-0.001321232187006922
2025-06-26 12:45:00,107310,107407.10919070222,-0.000904122561662114
2025-06-26 13:34:01,107133,107295.89600000007,-0.001518194134844319
2025-06-26 13:34:36,107190,107312.61246937615,-0.0011425727745761676
2025-06-26 14:21:05,107059,107227.52550000008,-0.0015716626790951733
2025-06-26 14:21:40,107053,107242.54364979849,-0.0017674296351777004
2025-06-26 15:23:35,107369,107249.2085000001,0.0011169453059404599
2025-06-26 15:24:09,107365,107309.92258209414,0.0005132555925919073
2025-06-26 16:27:34,107137,107193.31500000006,-0.000525359253980162
2025-06-26 16:28:10,107224,107242.63224923749,-0.0001737392009754757
2025-06-26 17:19:29,107283,107195.32000000002,0.0008179461566043969
2025-06-26 17:20:03,107287,107232.29260583672,0.0005101764854023701
2025-06-26 18:30:59,107308,107239.27600000004,0.0006408472955371154
2025-06-26 18:31:34,107313,107271.20964422156,0.0003895766246791451
2025-06-26 19:17:19,107470,107290.91700000004,0.001669134769348229
2025-06-26 19:17:54,107471,107311.63713814724,0.0014850473453089064
2025-06-26 20:24:16,107585,107336.52250000004,0.0023149389808111626
2025-06-26 20:24:52,107572,107392.1253856628,0.0016749329961692995
2025-06-26 21:20:19,107420,107430.5935,-9.860785140317294e-05
2025-06-26 21:20:53,107420,107460.06385422508,-0.0003728255203666206
2025-06-26 22:20:19,107023,107378.73449999993,-0.0033128952548787337
2025-06-26 22:20:55,107033,107308.28011310093,-0.00256532033512039
2025-06-26 23:20:35,106968,107308.51049999993,-0.0031731919342961284
2025-06-26 23:21:10,106936,107198.00164891327,-0.00244409079351457
2025-06-27 01:48:40,107095,107026.79399999995,0.0006372796703603892
2025-06-27 01:49:14,107095,107071.8364193364,0.00021633682057050163
2025-06-27 03:20:31,107275,107054.16299999991,0.0020628529877916753
2025-06-27 03:21:05,107288,107144.39424829351,0.0013403011208752828
2025-06-27 04:30:08,107403,107175.27599999998,0.00212478109223639
2025-06-27 04:30:42,107422,107262.54248027466,0.0014866095473605554
2025-06-27 05:21:55,107417,107242.73350000002,0.0016249725674885313
2025-06-27 05:22:29,107423,107321.4816385985,0.0009459276917491363
2025-06-27 06:32:20,107234,107332.54600000002,-0.0009181371696895798
2025-06-27 06:32:55,107270,107307.06351149279,-0.0003453967546956196
2025-06-27 07:21:19,107731,107381.79500000001,0.0032519944372320017
2025-06-27 07:21:54,107678,107361.07355346745,0.002951967934399612
2025-06-27 08:29:29,106760,107285.63699999999,-0.004899416312362371
2025-06-27 08:30:04,106720,107127.30570350286,-0.0038020717577847505
2025-06-27 09:23:15,106858,107170.83249999997,-0.002919007837323416
2025-06-27 09:23:50,106873,107071.93702822822,-0.00185797542988104
2025-06-27 10:23:57,107040,107086.67199999999,-0.00043583388229668195
2025-06-27 10:24:32,107036,107059.15325288237,-0.00021626598173893436
2025-06-27 11:18:47,107097,107029.54499999997,0.0006302465361319705
2025-06-27 11:19:22,107114,107051.98092736358,0.0005793360580455247
2025-06-27 12:43:02,106800,106944.74349999994,-0.0013534419295693457
2025-06-27 12:43:38,106736,107007.94113978649,-0.0025413173722429426
2025-06-27 13:32:06,106731,106925.92299999992,-0.0018229723394571269
2025-06-27 13:32:40,106706,106912.27583344303,-0.001929393344543328
2025-06-27 14:20:37,106525,106903.7459999999,-0.0035428693022590404
2025-06-27 14:21:11,106526,106865.58139969097,-0.0031776498592272946
2025-06-27 15:22:44,106688,106812.22649999995,-0.0011630363308637345
2025-06-27 15:23:19,106662,106770.62445931473,-0.0010173627799294107
2025-06-27 16:27:38,107223,106867.20999999988,0.0033292719066973396
2025-06-27 16:28:13,107282,106935.23584068789,0.003242749282647276
2025-06-27 17:19:05,107263,106932.41599999982,0.0030915227801472074
2025-06-27 17:19:42,107251,107066.19975407078,0.0017260372213985492
2025-06-27 18:30:17,106682,106919.33899999985,-0.002219794867978444
2025-06-27 18:30:52,106609,106922.54142695424,-0.0029324165210610764
2025-06-27 19:16:05,106840,106932.5014999999,-0.0008650456942681427
2025-06-27 19:16:39,106833,106888.12578574292,-0.0005157334861817581
2025-06-27 20:23:31,107053,106990.52999999984,0.000583883452116382
2025-06-27 20:24:06,107043,106898.71157602083,0.0013497676618540368
2025-06-27 21:18:03,107171,106969.97799999984,0.0018792375557949313
2025-06-27 21:18:37,107148,106977.14158619256,0.0015971488046329434
2025-06-27 22:21:54,107179,106938.92499999981,0.0022449730067904336
2025-06-27 22:22:29,107179,107029.58013097574,0.00139606143312356
2025-06-27 23:20:55,107098,107005.80149999983,0.0008616215075046503
2025-06-27 23:21:30,107098,107057.99661762695,0.000373660853340326
2025-06-28 01:44:35,106992,107053.5814999999,-0.0005752399792425294
2025-06-28 01:45:09,106992,106998.39468364757,-5.976429521650961e-05
2025-06-28 03:15:07,107080,107042.27849999983,0.0003523981414518782
2025-06-28 03:15:43,107106,107054.22044589111,0.0004836759717946526
2025-06-28 04:26:10,107220,107076.47349999985,0.0013404111595079094
2025-06-28 04:26:45,107220,107121.99558320634,0.0009148860256018407
2025-06-28 05:21:12,107296,107134.4389999999,0.0015080211508841106
2025-06-28 05:21:43,107296,107165.21147439296,0.0012204382729025436
2025-06-28 06:28:59,107445,107208.21449999991,0.0022086507186451242
2025-06-28 06:29:34,107448,107226.76549756764,0.0020632395410395653
2025-06-28 07:19:49,107401,107273.98849999993,0.00118399158804528
2025-06-28 07:20:24,107401,107284.76823426718,0.0010833948532099182
2025-06-28 08:26:04,107456,107339.36199999989,0.0010866284075743647
2025-06-28 08:26:43,107441,107338.81712184312,0.0009519657556956871
2025-06-28 09:22:37,107305,107356.2609999999,-0.0004774849600983848
2025-06-28 09:23:11,107305,107337.500869075,-0.00030279137125280574
2025-06-28 10:20:59,107304,107369.4285,-0.0006093773703936082
2025-06-28 10:21:34,107305,107326.53102885392,-0.00020061236161755838
2025-06-28 11:17:10,107270,107356.04199999997,-0.000801463973494591
2025-06-28 11:17:45,107270,107311.34936961075,-0.00038532149538375593
2025-06-28 12:39:50,107317,107334.95449999995,-0.00016727542377584836
2025-06-28 12:40:25,107317,107320.53652850128,-3.295295211594549e-05
2025-06-28 13:28:48,107200,107313.92149999994,-0.0010615724260895508
2025-06-28 13:29:24,107198,107310.84841258942,-0.0010516030229817692
2025-06-28 14:18:23,107183,107272.43050000002,-0.0008336764589296479
2025-06-28 14:18:58,107183,107256.24366691188,-0.0006828848783790798
2025-06-28 15:20:22,107205,107257.0095,-0.0004849053711496601
2025-06-28 15:20:57,107205,107246.02127290878,-0.0003824969208358138
2025-06-28 16:24:51,107317,107273.99799999999,0.0004008613531865167
2025-06-28 16:25:28,107317,107286.30425681488,0.0002861105468936774
2025-06-28 17:17:51,107349,107272.23800000004,0.0007155812298794284
2025-06-28 17:18:25,107349,107301.48073297889,0.00044285751414151653
2025-06-28 18:27:52,107401,107298.65750000002,0.0009538096970130709
2025-06-28 18:28:27,107421,107341.86378355313,0.0007372353493548987
2025-06-28 19:16:19,107312,107324.76450000002,-0.00011893340795561981
2025-06-28 19:16:53,107312,107326.40876970599,-0.00013425185721908437
2025-06-28 20:21:52,107194,107324.56049999998,-0.0012165016040291896
2025-06-28 20:22:28,107194,107287.11196876715,-0.0008678765516052996
2025-06-28 21:18:57,107214,107290.90149999996,-0.0007167569563199502
2025-06-28 21:19:32,107214,107258.5655653217,-0.0004154965627855185
2025-06-28 22:19:22,107300,107285.45649999994,0.0001355589142695961
2025-06-28 22:19:58,107285,107269.89900619604,0.00014077568771731554
2025-06-28 23:19:56,107331,107274.1699999999,0.0005297640615639689
2025-06-28 23:20:32,107328,107297.13074139839,0.00028769882650460377
2025-06-29 01:57:49,107311,107333.24249999989,-0.00020722843624044224
2025-06-29 01:58:24,107311,107343.85668821698,-0.00030608820318815786
2025-06-29 03:39:22,107229,107327.53399999991,-0.0009180682377358304
2025-06-29 03:39:57,107217,107303.46726757084,-0.0008058198842282385
2025-06-29 04:37:28,107238,107306.9179999999,-0.0006422512293187223
2025-06-29 04:38:02,107238,107279.07321700887,-0.0003828632721853341
2025-06-29 05:23:42,107230,107294.22799999989,-0.0005986156123877087
2025-06-29 05:24:17,107230,107270.11702492654,-0.0003739813662850711
2025-06-29 06:30:32,107335,107266.79799999988,0.0006358164993432662
2025-06-29 06:31:08,107335,107287.2027693065,0.00044550728753990117
2025-06-29 07:20:01,107344,107282.50599999989,0.0005731969012739876
2025-06-29 07:20:37,107344,107305.36531202604,0.0003600443264100953
2025-06-29 08:26:50,107449,107305.09299999988,0.0013411013026205859
2025-06-29 08:27:25,107449,107340.76655482306,0.0010083163056382968
2025-06-29 09:20:45,107805,107406.90149999988,0.0037064517683728566
2025-06-29 09:21:20,107805,107470.6613377468,0.00311097613145299
2025-06-29 10:23:59,108242,107568.98899999991,0.006256552248530349
2025-06-29 10:24:34,108236,107666.77275197813,0.005286935174820765
2025-06-29 11:17:01,108112,107722.41299999987,0.003616582558358872
2025-06-29 11:17:36,108112,107802.71615365565,0.002868980090478543
2025-06-29 12:40:25,108177,107948.52049999991,0.0021165598096371204
2025-06-29 12:41:00,108177,107977.36441640866,0.0018488651271525614
2025-06-29 13:29:16,108091,108048.6499999999,0.0003919530692895577
2025-06-29 13:29:51,108111,108011.0570166499,0.0009253032616345857
2025-06-29 14:18:34,108190,108133.28349999983,0.0005245054821642377
2025-06-29 14:19:09,108190,108059.19991673648,0.0012104483779659802
2025-06-29 15:20:29,107900,108108.09149999991,-0.0019248466707037174
2025-06-29 15:21:03,107900,108009.03063646794,-0.0010094585223610823
2025-06-29 16:25:08,107574,108033.29399999988,-0.0042514116064986274
2025-06-29 16:25:43,107566,107911.69189680615,-0.0032034702702718196
2025-06-29 17:17:51,107487,107885.02099999986,-0.0036893073413765466
2025-06-29 17:18:27,107522,107783.76753224205,-0.00242863594616648
2025-06-29 18:28:07,107598,107753.24649999989,-0.0014407593742420755
2025-06-29 18:28:42,107628,107685.12352597438,-0.0005304681287810921
2025-06-29 19:16:32,107506,107645.87749999987,-0.0012994227298660046
2025-06-29 19:17:07,107506,107649.34069697559,-0.0013315520192462818
2025-06-29 20:22:23,107455,107544.44149999987,-0.0008316701333175825
2025-06-29 20:22:57,107455,107575.63599172542,-0.0011214062609371418
2025-06-29 21:19:20,107465,107487.72099999986,-0.00021138228430631176
2025-06-29 21:19:55,107479,107529.5022237625,-0.00046965923507580527
2025-06-29 22:19:49,107847,107536.66849999988,0.0028858202911513572
2025-06-29 22:20:25,107911,107604.94199662106,0.0028442746002182258
2025-06-29 23:19:56,108122,107662.22549999987,0.004270527549146112
2025-06-29 23:20:30,108122,107774.59885051686,0.003223404709350673
2025-06-30 01:53:19,108547,108218.65799999982,0.0030340609102746346
2025-06-30 01:53:53,108557,108302.4573138704,0.002350294651135312
2025-06-30 03:26:08,108504,108476.30699999984,0.0002552907705473363
2025-06-30 03:26:42,108491,108401.78397065726,0.0008230125563883119
2025-06-30 04:35:11,108429,108547.18749999985,-0.0010888121813368461
2025-06-30 04:35:46,108429,108429.38096448052,-3.513480176004148e-06
2025-06-30 05:24:11,108335,108522.7354999998,-0.0017299186123059568
2025-06-30 05:24:46,108333,108401.34241670297,-0.0006304572912045682
2025-07-01 01:58:51,107220,107269.93549999995,-0.00046551253869215464
2025-07-01 01:59:26,107220,107314.62462351214,-0.0008817495643683624
2025-07-01 03:43:03,107163,107241.99949999999,-0.0007366470260561564
2025-07-01 03:43:37,107177,107257.47247209094,-0.000750273805975457
2025-07-01 04:39:29,107074,107237.04649999998,-0.001520430721672125
2025-07-01 04:40:04,107080,107213.0919563406,-0.001241377838396861
2025-07-01 05:24:42,106775,107175.46699999992,-0.003736554747178449
2025-07-01 05:25:16,106775,107106.26934589674,-0.0030929034119087403
2025-07-01 06:33:16,106775,107034.80249999995,-0.0024272712606719406
2025-07-01 06:33:52,106788,106990.86048519134,-0.0018960543383929377
2025-07-01 07:23:10,106644,106968.13399999992,-0.003030192150495197
2025-07-01 07:23:45,106637,106947.01956924572,-0.0028988144830440045
2025-07-01 08:30:12,106914,106931.23549999992,-0.00016118302495366266
2025-07-01 08:30:47,106925,106968.28931096468,-0.0004046929351075041
2025-07-01 09:25:56,106703,106855.36299999994,-0.0014258807019348148
2025-07-01 09:26:31,106692,106884.45382583412,-0.001800578278181776
2025-07-01 10:24:38,106533,106787.75599999994,-0.0023856293037933666
2025-07-01 10:25:13,106545,106769.14210281456,-0.0020993153864504767
2025-07-01 11:18:57,106365,106696.64999999994,-0.003108345013643223
2025-07-01 11:19:32,106369,106640.57717949159,-0.0025466589423507042
2025-07-01 12:44:36,106420,106606.48699999992,-0.0017493025541674692
2025-07-01 12:45:10,106412,106574.15307167894,-0.001521504670742091
2025-07-01 13:34:30,106772,106533.02049999991,0.0022432434458205266
2025-07-01 13:35:04,106732,106587.55551530259,0.0013551721305464202
2025-07-01 14:20:58,106988,106556.4754999999,0.004049725725022707
2025-07-01 14:21:33,107000,106666.03234119872,0.003130965420491121
2025-07-01 15:23:30,105851,106406.1369999999,-0.005217152089638411
2025-07-01 15:24:06,105843,106365.63741074585,-0.004913592617582089
2025-07-01 16:27:53,106193,106346.7554999999,-0.001445793990394917
2025-07-01 16:28:29,106223,106291.66083070473,-0.0006459662984670753
2025-07-01 17:19:24,106186,106267.35499999995,-0.0007655690686942599
2025-07-01 17:20:00,106195,106242.72104383406,-0.0004491700077444963
2025-07-01 18:30:25,105855,106168.147,-0.0029495381510237454
2025-07-01 18:31:01,105849,106165.81563604056,-0.0029841586403543327
2025-07-01 19:17:03,105673,105998.915,-0.0030747012834989266
2025-07-01 19:17:37,105663,106044.19738123335,-0.0035947028752825083
2025-07-01 20:24:10,105568,105916.10900000003,-0.0032866483038951682
2025-07-01 20:24:45,105561,105859.75722926883,-0.00282219832246342
2025-07-01 21:20:10,105952,105876.44449999998,0.000713619543580506
2025-07-01 21:20:44,105950,105871.68003623965,0.0007397631144943114
2025-07-01 22:20:32,105836,105814.92750000002,0.00019914487017892827
2025-07-01 22:21:06,105843,105857.01677852607,-0.00013241237050347717
2025-07-01 23:20:29,105452,105697.13350000003,-0.002319206698259469
2025-07-01 23:21:05,105496,105752.47261057455,-0.002425216207653047
2025-07-02 01:48:06,105741,105672.85899999998,0.0006448297192377261
2025-07-02 01:48:40,105764,105669.89895942854,0.0008905188847354914
2025-07-02 03:20:01,106039,105667.81650000007,0.003512739377934682
2025-07-02 03:20:35,106006,105753.78504777682,0.0023849260062817927
2025-07-02 04:31:11,106192,105831.24600000001,0.003408766443135199
2025-07-02 04:31:45,106163,105933.10447236779,0.002170195320691048
2025-07-02 05:24:17,106537,105944.63049999997,0.0055913121524363615
2025-07-02 05:24:51,106503,106061.69682485891,0.004160815717193539
2025-07-02 06:32:56,106815,106228.11350000002,0.005524775698854697
2025-07-02 06:33:31,106841,106318.6860457455,0.004912720178179789
2025-07-02 07:21:41,106874,106422.28650000002,0.0042445385722847005
2025-07-02 07:22:15,106855,106482.31110248885,0.0035000075942420036
2025-07-02 08:29:52,107640,106692.2635,0.008882898055677664
2025-07-02 08:30:27,107700,106848.68853720241,0.007967448870476122
2025-07-02 09:25:37,107650,106984.22650000002,0.006223099626747136
2025-07-02 09:26:12,107650,107056.81022089614,0.005540887850851373
2025-07-02 10:23:55,107763,107243.89950000001,0.004840373227942778
2025-07-02 10:24:29,107763,107256.6539237755,0.004720882646444862
2025-07-02 11:19:00,107769,107469.57950000002,0.0027860953899049943
2025-07-02 11:19:34,107795,107438.56434713234,0.0033175764683156038
2025-07-02 12:44:07,107187,107575.45400000007,-0.0036109910351860603
2025-07-02 12:44:42,107243,107413.5536679756,-0.0015878225992112692
2025-07-02 13:33:48,107537,107593.41400000008,-0.0005243257733236073
2025-07-02 13:34:23,107551,107446.50074346087,0.0009725701238854833
2025-07-02 14:21:16,107778,107638.19100000006,0.0012988791311063146
2025-07-02 14:21:52,107818,107575.58035431414,0.002253482108926785
2025-07-02 15:24:03,108487,107746.31200000012,0.0068743698624216245
2025-07-02 15:24:39,108486,107790.31174223308,0.006454088929908351
2025-07-02 16:27:32,109200,107964.61150000014,0.011442531796632767
2025-07-02 16:28:06,109160,108171.43652356557,0.009138858724678822
2025-07-02 17:19:39,109480,108367.3105000001,0.010267759667246747
2025-07-02 17:20:14,109493,108596.24767677864,0.008257673192267318
2025-07-02 18:30:56,109359,108787.36600000011,0.005254599141594148
2025-07-02 18:31:33,109276,108833.61043209802,0.004064824884018587
2025-07-02 19:17:38,109461,109028.35350000011,0.003968201721031087
2025-07-02 19:18:14,109424,109003.55332227293,0.003857183228550413
2025-07-02 20:22:19,109263,109297.13400000015,-0.0003123046209075431
2025-07-02 20:22:53,109232,109150.85940701528,0.0007433802484518889
2025-07-02 21:20:20,109325,109369.05200000014,-0.0004027830468910118
2025-07-02 21:20:55,109309,109201.13849694573,0.0009877324040654415
2025-07-02 22:20:11,109248,109340.75650000018,-0.0008483250250804476
2025-07-02 22:20:45,109261,109231.60026283622,0.00026915047562279637
2025-07-02 23:21:49,109000,109327.24150000015,-0.002993229276713698
2025-07-02 23:22:25,109020,109190.37201138627,-0.001560320825434126
2025-07-03 01:48:23,108996,109072.86750000017,-0.0007047353000063697
2025-07-03 01:48:58,108990,109043.9751658835,-0.0004949853102969813
2025-07-03 03:21:16,108669,108887.19800000018,-0.0020038903012287836
2025-07-03 03:21:51,108624,108868.32468739702,-0.0022442219819086098
2025-07-03 04:33:16,108950,108842.86300000017,0.0009843272865748456
2025-07-03 04:33:50,108936,108862.61541656055,0.0006741027042078727
2025-07-03 05:25:06,109103,108857.14800000019,0.002258482832930818
2025-07-03 05:25:41,109077,108892.14930191622,0.0016975576225542624
2025-07-03 06:33:07,109415,108943.9015000002,0.004324230117642728
2025-07-03 06:33:41,109425,109076.35700321173,0.0031963205076422432
2025-07-03 07:21:29,109202,109019.09000000017,0.0016777795521851135
2025-07-03 07:22:03,109202,109133.24500308826,0.0006300096447218569
2025-07-03 08:29:08,109500,109162.25000000023,0.003094018307608779
2025-07-03 08:29:42,109532,109219.80424968843,0.0028584170467643062
2025-07-03 09:23:57,109932,109329.42400000023,0.005511562925638086
2025-07-03 09:24:32,109980,109360.6635914627,0.005663246620841208
2025-07-03 10:24:05,109724,109530.59850000031,0.0017657303315081084
2025-07-03 10:24:39,109730,109557.77641322855,0.0015719887023067849
2025-07-03 11:19:01,109635,109614.85400000028,0.00018378895984039558
2025-07-03 11:19:36,109679,109618.74519927775,0.0005496760669237014
2025-07-03 12:42:32,108865,109643.23100000023,-0.007097848110662034
2025-07-03 12:43:06,108830,109539.69449537953,-0.006478879630337725
2025-07-03 13:33:08,109742,109641.03100000024,0.000920905240299722
2025-07-03 13:33:42,109810,109506.61887691308,0.0027704364009989413
2025-07-03 14:21:01,110224,109727.8180000002,0.004521934446922075
2025-07-03 14:21:37,110250,109690.825688225,0.005097730901983965
2025-07-03 15:23:28,109443,109639.98050000021,-0.0017966119576262464
2025-07-03 15:24:03,109440,109647.46668470209,-0.0018921247428239113
2025-07-03 16:27:35,109228,109547.0635000002,-0.0029125700845481126
2025-07-03 16:28:09,109168,109508.44506877234,-0.003108847619546977
2025-07-03 17:21:15,109570,109513.45450000018,0.0005163338172280757
2025-07-03 17:21:49,109515,109489.45848330318,0.00023327831784564874
2025-07-03 18:30:25,109620,109555.68050000018,0.0005870941580233538
2025-07-03 18:30:59,109620,109515.9688270827,0.000949917843319767
2025-07-03 19:17:06,109799,109515.86600000013,0.002585324029669584
2025-07-03 19:17:42,109850,109584.0617701686,0.0024267966119850106
2025-07-03 20:23:25,109851,109551.02550000013,0.002738217178988117
2025-07-03 20:23:59,109814,109663.01770546644,0.00137678405804107
2025-07-03 21:19:51,109769,109677.46950000012,0.0008345424125588252
2025-07-03 21:20:28,109756,109724.21624026334,0.00028966950802421535
2025-07-03 22:20:08,109693,109742.77300000012,-0.00045354239408655557
2025-07-03 22:20:44,109693,109730.39647860681,-0.0003408032760922435
2025-07-03 23:20:32,109605,109768.19150000015,-0.0014866920714471834
2025-07-03 23:21:06,109605,109709.58702557525,-0.0009533079871212293
2025-07-04 01:48:09,109514,109642.05950000013,-0.001167977878052663
2025-07-04 01:48:44,109500,109615.47450440552,-0.0010534507552660843
2025-07-04 03:19:28,109238,109492.27500000014,-0.0023223099529180425
2025-07-04 03:20:03,109280,109451.39058944958,-0.0015659060019846357
2025-07-04 04:31:35,109199,109393.73100000015,-0.0017800928647377886
2025-07-04 04:32:11,109199,109367.14721912253,-0.0015374563879374274
2025-07-04 05:24:15,109011,109307.46200000017,-0.0027121844618455573
2025-07-04 05:24:50,109003,109271.65587741317,-0.0024586053469763704
2025-07-04 06:32:42,108988,109161.5190000002,-0.0015895619774235978
2025-07-04 06:33:16,108960,109156.158556576,-0.0017970452530567359
2025-07-04 07:21:53,108789,109083.32700000016,-0.0026981850306065968
2025-07-04 07:22:28,108829,109089.18334259209,-0.0023850517037513463
2025-07-04 08:29:12,108800,108982.5680000002,-0.001675203689457957
2025-07-04 08:29:46,108800,108965.43181365711,-0.00151820454343737
2025-07-04 09:24:06,108968,108909.42600000014,0.0005378230530740489
2025-07-04 09:24:41,108979,108940.84386871915,0.0003502463348533328
2025-07-04 10:23:06,108917,108898.23850000014,0.0001722846967801252
2025-07-04 10:23:40,108920,108961.04149509584,-0.0003766621035618845
2025-07-04 11:19:12,108936,108893.45350000022,0.00039071678445553546
2025-07-04 11:19:46,108952,108955.67072917882,-3.3690115936625925e-05
2025-07-04 12:42:47,108781,108901.68900000027,-0.0011082380917000715
2025-07-04 12:43:22,108781,108932.7438971191,-0.0013930053690964957
2025-07-04 13:32:36,108562,108877.72700000022,-0.0028998309268544577
2025-07-04 13:33:12,108550,108827.13685230742,-0.0025465785494617073
2025-07-04 14:20:25,107600,108697.6575000002,-0.010098262697153366
2025-07-04 14:20:59,107533,108530.75402856585,-0.0091932838530103
2025-07-04 15:21:52,107665,108480.34750000018,-0.007516084883487093
2025-07-04 15:22:26,107650,108323.03372206302,-0.006213209683453826
2025-07-04 16:26:42,107568,108211.02300000016,-0.0059423058961392515
2025-07-04 16:27:18,107521,108085.09641818664,-0.00521900277540695
2025-07-04 17:18:43,107843,107966.01450000014,-0.0011393816894124176
2025-07-04 17:19:18,107843,107960.78008059114,-0.0010909524783279461
2025-07-04 18:29:30,107636,107785.64300000011,-0.001388338890366991
2025-07-04 18:30:05,107640,107872.50361795336,-0.0021553557223146502
2025-07-04 19:17:41,107610,107695.66250000014,-0.0007954127214746154
2025-07-04 19:18:15,107610,107792.37559785473,-0.0016919155630739859
2025-07-04 20:22:54,107689,107620.42950000016,0.0006371513319396431
2025-07-04 20:23:28,107660,107695.62048354548,-0.0003307514584674031
2025-07-04 21:20:07,107741,107655.70000000011,0.0007923407678356687
2025-07-04 21:20:41,107741,107712.5060814996,0.00026453677049203986
2025-07-04 22:20:26,108082,107718.68450000016,0.003372817832730183
2025-07-04 22:21:01,108115,107809.29293488803,0.0028356281428967853
2025-07-04 23:19:54,108058,107795.03950000016,0.002439448987815813
2025-07-04 23:20:28,108057,107923.58417647814,0.0012362063819498469
2025-07-05 01:44:07,107970,108015.82800000021,-0.000424271154040612
2025-07-05 01:44:41,107977,108001.26950793999,-0.00022471502465256905
2025-07-05 03:14:58,108115,108055.7025000002,0.0005487678912623491
2025-07-05 03:15:32,108115,108004.5259064877,0.001022865408510267
2025-07-05 04:28:00,108111,108052.0505000002,0.0005455657687847267
2025-07-05 04:28:34,108163,108056.6087811656,0.0009845878011020895
2025-07-05 05:20:35,108097,108090.78050000018,5.7539597466569626e-05
2025-07-05 05:21:09,108100,108098.8337490762,1.0788746588156066e-05
2025-07-05 06:29:35,108212,108096.65450000018,0.0010670589254898818
2025-07-05 06:30:10,108212,108120.78903049252,0.0008436025146075506
2025-07-05 07:19:40,108092,108148.3980000002,-0.0005214871513880831
2025-07-05 07:20:15,108097,108133.42227005782,-0.0003368271279425707
2025-07-05 08:26:51,108054,108145.00650000022,-0.000841522904714248
2025-07-05 08:27:25,108054,108113.33120110897,-0.0005487870963721105
2025-07-05 09:21:08,107917,108098.98000000019,-0.0016834571427055537
2025-07-05 09:21:43,107903,108060.91169253021,-0.0014613211202541016
2025-07-05 10:21:10,108121,108080.89400000017,0.00037107391061943915
2025-07-05 10:21:45,108105,108061.70194667733,0.0004006789874920791
2025-07-05 11:17:07,108120,108079.81800000025,0.0003717807888957883
2025-07-05 11:17:41,108120,108082.16050062714,0.000350099398435308
2025-07-05 12:39:57,108019,108063.61800000028,-0.0004128864165947006
2025-07-05 12:40:31,108034,108082.9416548419,-0.00045281571811941253
2025-07-05 13:29:07,108200,108078.8540000002,0.0011209038171315544
2025-07-05 13:29:42,108200,108106.68739661858,0.0008631529244724357
2025-07-05 14:20:25,108177,108117.75200000021,0.000547995115545766
2025-07-05 14:21:00,108177,108124.20798880077,0.000488253390995438
2025-07-05 15:20:21,108127,108139.26050000021,-0.00011337695434127424
2025-07-05 15:20:56,108127,108137.38011725432,-9.599009374059093e-05
2025-07-05 16:24:50,108032,108122.77750000024,-0.0008395779510958612
2025-07-05 16:25:24,108032,108106.7095201061,-0.0006910720013377821
2025-07-05 17:17:46,108013,108103.18850000021,-0.0008342815901328146
2025-07-05 17:18:21,108013,108074.49354596388,-0.0005689922195908966
2025-07-05 18:27:18,107969,108082.29550000021,-0.0010482336582147346
2025-07-05 18:27:52,107969,108060.25284638531,-0.0008444626398850882
2025-07-05 19:16:46,107953,108047.12000000027,-0.0008711014231593733
2025-07-05 19:17:21,107957,108034.90140232322,-0.0007210762569506128
2025-07-05 20:21:45,108040,108036.26200000022,3.459949400858823e-05
2025-07-05 20:22:20,108040,108055.38652834867,-0.00014239482956853716
2025-07-05 21:19:36,108068,108041.54850000022,0.00024482710926507353
2025-07-05 21:20:11,108068,108059.78132985433,7.605669791778554e-05
2025-07-05 22:19:21,108123,108061.58300000017,0.0005683518443351562
2025-07-05 22:19:56,108132,108077.41415068993,0.0005050625030125155
2025-07-05 23:19:55,108182,108093.82500000016,0.0008157265227670749
2025-07-05 23:20:31,108194,108118.1130849539,0.0007018890071311895
2025-07-06 01:56:19,108172,108161.35450000018,9.842239910026349e-05
2025-07-06 01:56:53,108172,108154.28462098402,0.00016379729271069488
2025-07-06 03:36:20,108037,108162.79200000018,-0.001162987730569822
2025-07-06 03:36:56,108037,108127.27779310384,-0.000834921538268869
2025-07-06 04:34:16,107970,108126.17650000013,-0.0014443912201050795
2025-07-06 04:34:50,107970,108096.21955569093,-0.0011676592965945514
2025-07-06 05:21:10,107971,108097.72800000012,-0.0011723465640287932
2025-07-06 05:21:46,107971,108068.90368098764,-0.0009059375792008295
2025-07-06 06:30:31,108123,108071.8300000001,0.0004734813873318916
2025-07-06 06:31:07,108084,108067.89829746395,0.00014899616620402708
2025-07-06 07:19:37,108163,108064.54700000011,0.0009110573516760506
2025-07-06 07:20:10,108140,108089.49458121054,0.0004672555735887036
2025-07-06 08:26:15,107969,108051.82300000012,-0.0007665118246095699
2025-07-06 08:26:49,107969,108066.34506176926,-0.000900789803834087
2025-07-06 09:20:33,108023,108045.34650000013,-0.00020682519630894599
2025-07-06 09:21:08,108023,108051.72032635617,-0.00026580165747867575
2025-07-06 10:22:04,107910,108031.00550000012,-0.00112009972914781
2025-07-06 10:22:38,107910,108007.5581225323,-0.0009032527373836103
2025-07-06 11:18:17,107971,108020.3140000001,-0.0004565252420956701
2025-07-06 11:18:49,107971,108003.60844016765,-0.0003019199139602223
2025-07-06 12:40:30,108118,108009.94100000008,0.0010004542081910868
2025-07-06 12:41:10,108118,108034.59731991457,0.0007719997311459362
2025-07-06 13:29:29,108370,108053.48650000012,0.0029292298680235937
2025-07-06 13:30:03,108400,108108.24981064048,0.0026986857142774945
2025-07-06 14:18:29,108922,108191.7515000001,0.0067495764684047934
2025-07-06 14:19:03,108887,108312.93459533242,0.0053000632547935385
2025-07-06 15:20:29,108810,108370.68550000017,0.004053813058143223
2025-07-06 15:21:04,108810,108492.41853640854,0.0029272226380028725
2025-07-06 16:24:54,108849,108538.74600000016,0.0028584630966700156
2025-07-06 16:25:28,108867,108603.14717446241,0.0024295136227841267
2025-07-06 17:18:35,108791,108705.93650000016,0.0007825101621735593
2025-07-06 17:19:09,108800,108671.90442555107,0.001178736814506537
2025-07-06 18:28:10,108547,108813.24250000017,-0.002446783993227361
2025-07-06 18:28:44,108548,108716.13304363601,-0.0015465325975909242
2025-07-06 19:17:32,108550,108753.3320000002,-0.0018696622554994291
2025-07-06 19:18:03,108518,108639.8682691279,-0.0011217637785237143
2025-07-06 20:22:43,108748,108701.6565000002,0.0004263366492469125
2025-07-06 20:23:17,108740,108630.48719234939,0.001008122217630271
2025-07-06 21:19:20,108945,108701.7650000002,0.002237636159815771
2025-07-06 21:19:54,108945,108696.19967990449,0.0022889514153042762
2025-07-06 22:20:53,109490,108833.44050000017,0.006032700032117678
2025-07-06 22:21:28,109482,108943.36148680984,0.004944206841418028
2025-07-06 23:20:13,109167,108919.92450000017,0.0022684141687945377
2025-07-06 23:20:47,109184,109040.02500712726,0.0013203866457599303
2025-07-07 01:53:36,109013,109128.51400000017,-0.001058513451398871
2025-07-07 01:54:10,109019,108997.20652102471,0.0001999452983328246
2025-07-07 03:26:21,109493,109174.88750000014,0.0029137882097644203
2025-07-07 03:26:57,109505,109201.73872584153,0.0027770736775522657
2025-07-07 04:35:39,109216,109216.07600000012,-6.95868254022847e-07
2025-07-07 04:36:13,109216,109253.40677038973,-0.00034238539095028875
2025-07-07 05:24:44,109157,109209.97750000012,-0.00048509761848567823
2025-07-07 05:25:18,109160,109220.8870708201,-0.0005574672798676268
2025-07-07 06:34:13,109077,109270.02650000011,-0.0017665091350564364
2025-07-07 06:34:47,109061,109177.34678306464,-0.0010656678009937492
2025-07-07 07:22:51,108940,109191.44050000011,-0.0023027491793197207
2025-07-07 07:23:26,108934,109078.5208272574,-0.0013249247070948598
2025-07-07 08:31:28,108934,109056.52450000013,-0.0011234953668464865
2025-07-07 08:32:03,108934,109024.46773322315,-0.0008297929364307546
2025-07-07 09:26:06,108823,109001.65800000008,-0.0016390392887425894
2025-07-07 09:26:40,108832,109002.80475524976,-0.0015669757822587857
2025-07-07 10:24:44,108815,108946.90800000013,-0.0012107548752106543
2025-07-07 10:25:19,108806,108953.55156500953,-0.0013542611772640856
2025-07-07 11:18:59,108671,108854.74550000005,-0.0016879879619033063
2025-07-07 11:19:34,108660,108861.29879518057,-0.001849130934578576
2025-07-07 12:44:22,108494,108785.13850000009,-0.0026762708952205636
2025-07-07 12:44:56,108489,108744.31177914115,-0.002347817324548302
2025-07-07 13:34:45,108180,108649.09500000009,-0.004317523307489014
2025-07-07 13:35:20,108170,108595.39990039877,-0.003917292084093223
2025-07-07 14:22:05,108111,108549.75850000011,-0.004042003465167656
2025-07-07 14:22:39,108140,108511.54777471084,-0.003424039029304391
2025-07-07 15:22:36,108315,108444.4140000001,-0.0011933671383028178
2025-07-07 15:23:11,108331,108446.61846727833,-0.001066132525959886
2025-07-07 16:28:34,108196,108374.19850000013,-0.001644288977141818
2025-07-07 16:29:09,108157,108412.33581865816,-0.002355228459289562
2025-07-07 17:19:37,108019,108271.39550000013,-0.0023311374055405925
2025-07-07 17:20:12,108019,108295.96969585969,-0.0025575254244228768
2025-07-07 18:31:12,107620,108149.79000000008,-0.004898668781512017
2025-07-07 18:31:47,107580,108103.0207466493,-0.004838169581542543
2025-07-07 19:18:29,108245,108138.7425000001,0.0009826034365057004
2025-07-07 19:19:04,108280,108136.08062816737,0.0013309098221111185
2025-07-07 20:24:27,108094,108078.3140000001,0.00014513549868940069
2025-07-07 20:25:01,108117,108107.07007378404,9.185269945050567e-05
2025-07-07 21:20:13,107943,108004.0590000001,-0.0005653398637554505
2025-07-07 21:20:47,107943,108048.9771564067,-0.0009808251701753493
2025-07-07 22:21:19,108019,107991.37450000006,0.0002558120972887184
2025-07-07 22:21:54,108019,108046.978381108,-0.0002589464465106214
2025-07-07 23:20:36,108172,108036.61000000006,0.0012531863041606093
2025-07-07 23:21:10,108196,108072.17737383381,0.001145740089402241
2025-07-08 01:49:05,107887,108125.16000000003,-0.0022026325787636524
2025-07-08 01:49:40,107892,108126.12934388036,-0.0021653354771975484
2025-07-08 03:21:02,107782,108045.59400000004,-0.0024396552440633617
2025-07-08 03:21:37,107790,107956.97475474549,-0.001546678712744775
2025-07-08 04:31:43,107940,107989.89450000005,-0.0004620293429405384
2025-07-08 04:32:18,107974,107938.12183802857,0.00033239564817763643
2025-07-08 05:22:30,108066,107947.32250000008,0.001099401979145132
2025-07-08 05:23:05,108066,107964.87128741521,0.0009366816389339445
2025-07-08 06:33:09,108237,107952.44650000003,0.0026359152499611516
2025-07-08 06:33:44,108237,108060.39099611779,0.001634354662741872
2025-07-08 07:22:02,108315,108036.40750000004,0.0025786908917714156
2025-07-08 07:22:36,108327,108125.42434700466,0.0018642761793787135
2025-07-08 08:30:07,108392,108191.57700000005,0.001852482471902147
2025-07-08 08:30:37,108400,108248.38119121805,0.0014006565928604106
2025-07-08 09:25:10,108340,108254.58550000004,0.0007890150759475705
2025-07-08 09:25:46,108340,108258.19279344438,0.0007556675799281657
2025-07-08 10:23:39,108590,108354.77850000004,0.0021708456540285937
2025-07-08 10:24:14,108619,108350.70830276323,0.0024761416094030773
2025-07-08 11:19:16,108893,108490.98250000004,0.0037055383842611797
2025-07-08 11:19:50,108877,108522.36996603967,0.0032678058364492856
2025-07-08 12:45:06,108778,108622.39600000007,0.0014325222581163997
2025-07-08 12:45:40,108800,108641.50941318911,0.0014588400664437935
2025-07-08 13:35:50,108771,108696.24100000007,0.00068777907416258
2025-07-08 13:36:24,108722,108696.62540940425,0.00023344414327652356
2025-07-08 14:20:53,108616,108774.74849999999,-0.001459424197151667
2025-07-08 14:21:28,108563,108725.45323237326,-0.0014941600843553498
2025-07-08 15:23:53,108337,108764.37149999998,-0.003929333605352368
2025-07-08 15:24:28,108342,108634.98257484288,-0.0026969450162247473
2025-07-08 16:28:45,108468,108642.15799999998,-0.001603042531610807
2025-07-08 16:29:21,108454,108521.66637093404,-0.0006235286758567409
2025-07-08 17:19:53,108741,108600.12699999998,0.0012971715953888476
2025-07-08 17:20:28,108746,108552.11534713671,0.0017860974172936727
2025-07-08 18:31:18,109018,108631.20299999998,0.0035606436209679143
2025-07-08 18:31:53,109015,108733.57833557736,0.002588176244454188
2025-07-08 19:17:40,109021,108679.81399999997,0.0031393686411722303
2025-07-08 19:18:14,109021,108812.05955706844,0.0019201956454282466
2025-07-08 20:24:43,108793,108739.35199999996,0.000493363249029153
2025-07-08 20:25:19,108843,108802.46609158562,0.0003725458610493084
2025-07-08 21:20:43,108714,108827.06749999993,-0.0010389648696537005
2025-07-08 21:21:17,108703,108775.12959531903,-0.0006631074179122966
2025-07-08 22:21:16,108853,108879.15049999995,-0.00024017913328544185
2025-07-08 22:21:50,108853,108808.22466746616,0.0004115068752447867
2025-07-08 23:21:15,108970,108869.53099999989,0.0009228385488324906
2025-07-08 23:21:49,108970,108850.69077955365,0.0010960814266946048
2025-07-09 01:50:13,108771,108865.99299999997,-0.0008725681673612542
2025-07-09 01:50:47,108771,108854.55394874464,-0.000767574214524631
2025-07-09 03:23:35,108430,108804.49299999997,-0.003441889113898754
2025-07-09 03:24:10,108413,108739.47141930042,-0.0030023267084087757
2025-07-09 04:35:37,108483,108677.0345,-0.0017854232119297873
2025-07-09 04:36:12,108437,108605.20130061572,-0.0015487407472331409
2025-07-09 05:26:11,108568,108634.10149999996,-0.0006084783607287503
2025-07-09 05:26:45,108529,108593.7282812171,-0.0005960591117148252
2025-07-09 06:32:48,108745,108600.54749999991,0.001330126811746385
2025-07-09 06:33:22,108745,108657.3711776915,0.0008064691917237409
2025-07-09 07:22:40,108818,108603.58899999996,0.0019742533554764612
2025-07-09 07:23:14,108810,108691.35702862235,0.0010915584699747762
2025-07-09 08:30:05,108811,108659.22849999994,0.0013967658531650706
2025-07-09 08:30:41,108822,108718.89574734002,0.0009483563271244893
2025-07-09 09:25:48,108640,108694.25349999995,-0.0004991386228154922
2025-07-09 09:26:22,108619,108688.49562194309,-0.0006394018202701041
2025-07-09 10:24:53,108835,108742.67699999995,0.0008490042966299942
2025-07-09 10:25:27,108840,108719.01925548661,0.0011127836264700904
2025-07-09 11:19:23,109082,108780.87399999991,0.0027681888270183544
2025-07-09 11:19:57,109082,108799.83420709225,0.0025934395485444125
2025-07-09 12:44:54,109450,108913.34249999994,0.00492738068340947
2025-07-09 12:45:28,109474,109044.83203215411,0.003935702039683462
2025-07-09 13:34:51,109545,109064.22749999992,0.004408159403137747
2025-07-09 13:35:25,109480,109174.2791632059,0.002800300942102673
2025-07-09 14:21:34,109341,109161.51349999996,0.0016442287601668587
2025-07-09 14:22:02,109370,109201.50541867336,0.0015429694002902102
2025-07-09 15:24:15,109024,109159.39049999994,-0.0012403009890380062
2025-07-09 15:24:50,109024,109063.48577505443,-0.0003620439487499293
2025-07-09 16:27:10,109147,109177.19099999996,-0.00027653211924057034
2025-07-09 16:27:44,109179,109067.32903448479,0.0010238718276478567
2025-07-09 17:21:06,109224,109191.73099999996,0.00029552604125347097
2025-07-09 17:21:40,109243,109144.85099226121,0.000899254585502575
2025-07-09 18:31:53,109535,109154.92349999995,0.00348199135515911
2025-07-09 18:32:27,109536,109238.89647897925,0.0027197594501324873
2025-07-09 19:18:10,109716,109224.64699999995,0.004498554250306221
2025-07-09 19:18:45,109735,109335.91376996052,0.003650092785424061
2025-07-09 20:24:28,111181,109765.60899999987,0.012894667217672304
2025-07-09 20:25:03,111082,110048.20613529281,0.009394009234791561
2025-07-09 21:20:39,111117,110138.90449999987,0.00888056318010797
2025-07-09 21:21:13,111195,110359.35309332637,0.007572053326254636
2025-07-09 22:21:17,111288,110510.6439999999,0.007034218350949998
2025-07-09 22:21:49,111288,110610.305265752,0.0061268679497789155
2025-07-09 23:21:06,111459,110907.90099999988,0.004968978720462116
2025-07-09 23:21:41,111459,110853.93630460647,0.005458206677757718
2025-07-10 01:50:20,111177,111168.66099999985,7.501214753457136e-05
2025-07-10 01:50:54,111177,111024.93776588331,0.0013696223314922321
2025-07-10 03:23:14,111103,111207.4014999998,-0.000938799923310893
2025-07-10 03:23:48,111090,111104.03111994402,-0.00012628812656555118
2025-07-10 04:33:56,111099,111125.40999999983,-0.00023765941560826556
2025-07-10 04:34:31,111099,111077.72338970663,0.00019154705051633312
2025-07-10 05:24:49,110940,111098.92099999983,-0.0014304459356524958
2025-07-10 05:25:24,110940,111065.92738843364,-0.001133807562721144
2025-07-10 06:33:45,111260,111126.60499999982,0.0012003876119510617
2025-07-10 06:34:21,111252,111105.3254636046,0.001320139568318379
2025-07-10 07:22:28,111320,111124.6494999998,0.0017579403028866656
2025-07-10 07:23:02,111351,111155.67614302755,0.0017572099217058386
2025-07-10 08:30:12,111258,111155.9934999998,0.0009176878078122441
2025-07-10 08:30:47,111275,111187.32601048217,0.000788525029458547
2025-07-10 09:25:50,111139,111184.08299999984,-0.00040548070176410695
2025-07-10 09:26:26,111124,111190.4279741663,-0.0005974252943943936
2025-07-10 10:24:21,110993,111175.27249999976,-0.001639505763296055
2025-07-10 10:24:56,110993,111137.49535864757,-0.001300149496632792
2025-07-10 11:19:28,111054,111162.97749999978,-0.0009803398797929423
2025-07-10 11:20:02,111081,111109.81875905138,-0.00025937184826014067
2025-07-10 12:46:13,110802,111059.35649999979,-0.0023172878729924135
2025-07-10 12:46:47,110809,111019.52740367825,-0.0018963096727366827
2025-07-10 13:36:04,110672,111006.48449999979,-0.003013197846111308
2025-07-10 13:36:38,110705,110989.61048122135,-0.002564298405835917
2025-07-10 14:22:43,111167,110984.95649999971,0.0016402538302593404
2025-07-10 14:23:18,111086,110998.80215930937,0.0007855746097645085
2025-07-10 15:25:33,111224,110992.48999999973,0.0020858167971569233
2025-07-10 15:26:08,111218,111026.48743084227,0.001724926849343215
2025-07-10 16:28:30,112447,111111.14799999981,0.012022664008477263
2025-07-10 16:29:04,112498,111253.95314304192,0.011182046316669603
2025-07-10 17:21:17,113265,111514.77049999982,0.01569504642436742
2025-07-10 17:21:51,113276,111835.43713873916,0.012881094741675926
2025-07-10 18:31:20,113158,112151.23349999978,0.008976865154142224
2025-07-10 18:31:54,113142,112449.45473167395,0.006158725002078474
2025-07-10 19:18:03,113647,112544.40299999986,0.009796995413447092
2025-07-10 19:18:38,113572,112731.6068258369,0.007454814118470328
2025-07-10 20:24:29,113462,112970.19699999985,0.004353387115011812
2025-07-10 20:25:03,113469,112930.0738413099,0.004772211160044048
2025-07-10 21:21:52,113875,113377.94149999981,0.004384084711929518
2025-07-10 21:22:26,113875,113169.66670691546,0.006232529560338756
2025-07-10 22:20:35,116227,114119.51149999986,0.018467381013983226
2025-07-10 22:21:10,116266,114313.4894642103,0.017080316110908298
2025-07-10 23:21:02,115896,114604.26499999987,0.011271264642726282
2025-07-10 23:21:38,115885,114838.50496661381,0.00911275389461429
2025-07-11 01:52:19,115985,115789.47749999983,0.0016886033534451934
2025-07-11 01:52:53,115993,115441.7627481656,0.004775024555341562
2025-07-11 03:37:49,116541,116028.11799999975,0.004420325080169328
2025-07-11 03:38:23,116528,115947.16762654188,0.00500945719803129
2025-07-11 04:38:12,116550,116181.6779999998,0.0031702244823852903
2025-07-11 04:38:45,116551,116180.12844607653,0.003192211601793883
2025-07-11 05:25:05,117290,116387.92699999982,0.007750571930026556
2025-07-11 05:25:40,117271,116440.26622551517,0.007134420088630799
2025-07-11 06:33:14,118109,116869.99799999986,0.010601540354267313
2025-07-11 06:33:48,118003,116976.09951723591,0.008778720499333969
2025-07-11 07:22:37,117642,117106.74499999991,0.004570659017122305
2025-07-11 07:23:11,117651,117132.71519965006,0.004424765527432142
2025-07-11 08:30:03,117985,117385.59399999992,0.005106299500431679
2025-07-11 08:30:39,117985,117428.13354913375,0.00474218940585687
2025-07-11 09:24:34,118232,117736.64849999985,0.0042072838518088995
2025-07-11 09:25:09,118190,117625.50196032372,0.004799112694683291
2025-07-11 10:23:53,118164,117986.86699999982,0.0015012942076017368
2025-07-11 10:24:25,118129,117851.22211312561,0.0023570216913639825
2025-07-11 11:19:23,117715,117965.69649999982,-0.002125164411671292
2025-07-11 11:19:58,117683,117856.28103792178,-0.0014702741033040829
2025-07-11 12:43:27,117833,117987.0969999998,-0.0013060495928618819
2025-07-11 12:44:02,117815,117861.18324558211,-0.00039184440805997326
2025-07-11 13:33:46,117302,117949.8829999998,-0.005492866830565648
2025-07-11 13:34:20,117292,117784.10808071536,-0.0041780515957053396
2025-07-11 14:21:50,117789,117930.02299999978,-0.001195819320749077
2025-07-11 14:22:24,117684,117824.8015526358,-0.001195007763903651
2025-07-11 15:23:59,117732,117834.49349999982,-0.0008698089749061669
2025-07-11 15:24:33,117689,117828.04896469557,-0.0011801007138566065
2025-07-11 16:27:46,117174,117680.85249999983,-0.004307009077792279
2025-07-11 16:28:20,117216,117585.9626259855,-0.003146316258533915
2025-07-11 17:20:08,117502,117590.49199999982,-0.0007525438366209394
2025-07-11 17:20:42,117648,117547.28565614836,0.0008567985495322072
2025-07-11 18:31:01,117350,117527.89899999989,-0.0015136746382226117
2025-07-11 18:31:36,117372,117502.0749476454,-0.001107001282346287
2025-07-11 19:17:52,117895,117517.0504999999,0.0032161247954406807
2025-07-11 19:18:27,117900,117595.15410443128,0.0025923338243853404
2025-07-11 20:24:37,117930,117542.51299999977,0.003296568961395502
2025-07-11 20:25:11,117922,117713.70739646634,0.0017694846941836235
2025-07-11 21:20:53,117780,117668.47499999982,0.0009477899666854994
2025-07-11 21:21:27,117804,117721.57830248878,0.0007001409486664926
2025-07-11 22:21:36,117502,117692.05799999982,-0.0016148753214920897
2025-07-11 22:22:10,117503,117660.54603048536,-0.001338987755883291
2025-07-11 23:21:01,117655,117696.23849999979,-0.00035038078128374973
2025-07-11 23:21:37,117594,117617.34883642118,-0.00019851524160482173
2025-07-12 01:53:33,117610,117549.96949999985,0.0005106806939677993
2025-07-12 01:54:08,117637,117576.7105856824,0.0005127666356481321
2025-07-12 03:26:32,117821,117598.9264999999,0.0018883973400905208
2025-07-12 03:27:06,117821,117643.15507500147,0.001511732024571644
2025-07-12 04:32:43,117820,117654.02999999994,0.0014106614112585813
2025-07-12 04:33:17,117820,117704.97116428241,0.0009772640405904468
2025-07-12 05:21:49,117575,117657.91349999995,-0.0007046997310550768
2025-07-12 05:22:24,117581,117667.99708553572,-0.0007393436422010641
2025-07-12 06:30:36,117910,117724.93149999995,0.001572041687703613
2025-07-12 06:31:10,117910,117715.10047417483,0.0016556883954571785
2025-07-12 07:20:34,117970,117763.34499999994,0.001754832966064756
2025-07-12 07:21:10,117947,117772.4474090511,0.0014821173779520059
2025-07-12 08:26:42,117868,117774.2289999999,0.000796192858117503
2025-07-12 08:27:17,117864,117780.1807645389,0.0007116582341528451
2025-07-12 09:21:45,117974,117796.1674999999,0.00150966286742823
2025-07-12 09:22:21,117973,117821.0372598192,0.0012897759493127453
2025-07-12 10:21:41,118076,117884.21299999992,0.0016269099578251761
2025-07-12 10:22:16,118073,117903.920831653,0.0014340419483455365
2025-07-12 11:18:18,117944,117939.21299999992,4.058870564181176e-05
2025-07-12 11:18:52,117944,117936.8849100791,6.032964094589481e-05
2025-07-12 12:40:54,117551,117894.97749999988,-0.002917660338837399
2025-07-12 12:41:28,117516,117835.59933396873,-0.002712247705915431
2025-07-12 13:29:58,117308,117839.72899999986,-0.004512306711091144
2025-07-12 13:30:32,117304,117696.11714743708,-0.003331606487458513
2025-07-12 14:19:08,117621,117763.6304999999,-0.0012111591617404965
2025-07-12 14:19:42,117642,117670.82653112485,-0.0002449760231541281
2025-07-12 15:21:27,117383,117635.88249999992,-0.0021497054693317736
2025-07-12 15:22:03,117391,117587.38048142717,-0.0016700812674212923
2025-07-12 16:25:41,117350,117462.59349999992,-0.0009585477099134155
2025-07-12 16:26:16,117377,117455.03396943453,-0.0006643731375092706
2025-07-12 17:18:03,117372,117369.82499999991,1.8531168467621244e-05
2025-07-12 17:18:37,117372,117396.39423591238,-0.00020779374078010111
2025-07-12 18:28:57,117417,117371.63999999994,0.0003864647371380242
2025-07-12 18:29:33,117417,117420.04225603264,-2.5909171672813628e-05
2025-07-12 19:16:42,117609,117370.41999999995,0.002032709774746018
2025-07-12 19:17:16,117609,117457.87831741113,0.0012866032040906392
2025-07-12 20:22:42,117420,117382.14050000001,0.0003225320294784655
2025-07-12 20:23:17,117420,117460.77032733764,-0.0003470973945090019
2025-07-12 21:19:32,117272,117387.949,-0.0009877419359289876
2025-07-12 21:20:07,117216,117368.52803494537,-0.001299565032458736
2025-07-12 22:20:09,117340,117423.07249999998,-0.0007074631776474783
2025-07-12 22:20:44,117355,117403.80511700496,-0.00041570302560738244
2025-07-12 23:22:02,117286,117403.71099999998,-0.0010026173704166912
2025-07-12 23:22:36,117298,117385.0858701186,-0.0007418818964357203
2025-07-13 02:01:27,117524,117403.06950000003,0.0010300454708296453
2025-07-13 02:02:01,117510,117412.78438277838,0.0008279815331240814
2025-07-13 04:00:38,117768,117496.15500000003,0.002313650178594968
2025-07-13 04:01:04,117776,117556.66720972999,0.001865762236000659
2025-07-13 04:44:12,117828,117547.87900000003,0.00238303746850226
2025-07-13 04:44:46,117828,117598.95352952847,0.001947691400281164
2025-07-13 05:23:41,117820,117619.33850000003,0.0017060247282378045
2025-07-13 05:24:18,117819,117664.44852895528,0.0013134933531489276
2025-07-13 06:31:28,117861,117721.42300000004,0.001185655052776257
2025-07-13 06:32:02,117861,117724.07462183663,0.0011631043064319487
2025-07-13 07:21:45,117927,117788.67450000001,0.0011743531420755713
2025-07-13 07:22:21,117939,117779.08842753136,0.0013577246572682904
2025-07-13 08:26:42,117820,117854.06000000006,-0.0002890014989730168
2025-07-13 08:27:16,117820,117831.45857305941,-9.724544869574897e-05
2025-07-13 09:23:54,117850,117874.09350000005,-0.00020440029937575998
2025-07-13 09:24:29,117850,117840.12342048183,8.381338402817176e-05
2025-07-13 10:23:40,117812,117863.81700000004,-0.00043963449783778087
2025-07-13 10:24:14,117812,117826.06425913387,-0.00011936458390851275
2025-07-13 11:17:49,117925,117872.0355,0.0004493389782854973
2025-07-13 11:18:24,117925,117832.79014119544,0.0007825483780369672
2025-07-13 12:41:17,118113,117912.344,0.001701738708544397
2025-07-13 12:41:51,118084,117938.07044548276,0.0012373405293644494
2025-07-13 13:30:33,118308,117998.7555,0.0026207437416575184
2025-07-13 13:31:07,118340,118066.19379334178,0.00231909065466682
2025-07-13 14:19:15,119165,118140.1565,0.008674810753276788
2025-07-13 14:19:50,119226,118282.6100196891,0.007975728470599857
2025-07-13 15:20:51,118992,118365.83199999998,0.005290107706082105
2025-07-13 15:21:25,119008,118478.80073854049,0.004466615615289241
2025-07-13 16:25:39,118830,118531.09499999997,0.0025217433450693085
2025-07-13 16:26:13,118874,118560.11681712423,0.0026474601350125583
2025-07-13 17:18:10,118602,118643.17249999994,-0.000347027975840265
2025-07-13 17:18:45,118566,118580.61969877669,-0.00012328910756096944
2025-07-13 18:28:56,119025,118757.01049999993,0.0022566204628405406
2025-07-13 18:29:32,119016,118665.0657075596,0.002957351351452108
2025-07-13 19:17:25,119066,118807.81399999994,0.0021731398912874524
2025-07-13 19:17:59,119044,118778.4474890295,0.002235696092887825
2025-07-13 20:22:32,119152,118854.94399999993,0.002499315468105978
2025-07-13 20:23:07,119140,118874.9123004241,0.0022299717782837594
2025-07-13 21:19:29,118922,118917.61399999999,3.688267744770893e-05
2025-07-13 21:20:04,118922,118922.13667267158,-1.1492618229261568e-06
2025-07-13 22:20:38,118314,118890.9695,-0.004852929557446384
2025-07-13 22:21:12,118354,118785.78600256555,-0.0036349972256464074
2025-07-13 23:21:51,118725,118862.70700000001,-0.0011585383126097694
2025-07-13 23:22:25,118747,118744.8502254639,1.8104149628516156e-05
2025-07-14 01:56:38,119100,118861.35550000002,0.002007755161432433
2025-07-14 01:57:12,119088,118954.21355349977,0.0011246885881857755
2025-07-14 03:43:32,120606,119282.62099999996,0.011094482908788908
2025-07-14 03:44:08,121142,119467.65186594777,0.014015075276870586
2025-07-14 04:43:03,121042,119751.77699999996,0.010774144921457342
2025-07-14 04:43:37,121167,119969.9193498461,0.009978173334126195
2025-07-14 05:27:23,122479,120154.82249999998,0.019343189492040738
2025-07-14 05:27:57,122496,120442.29125391424,0.01705139220372491
2025-07-14 06:35:31,122214,120791.0005,0.011780674835953573
2025-07-14 06:36:06,122200,121051.3631470839,0.009488838647115786
2025-07-14 07:25:38,122364,121375.91350000002,0.008140713190183122
2025-07-14 07:26:12,122315,121439.92614617126,0.007205816749060414
2025-07-14 08:33:01,122578,122005.36050000004,0.004693560165333563
2025-07-14 08:33:35,122585,121890.66555158005,0.005696370967193782
2025-07-14 09:30:05,121976,122264.09750000003,-0.00235635403925533
2025-07-14 09:30:39,121982,121988.69240467282,-5.486086079702301e-05
2025-07-14 10:25:21,121908,122288.60750000001,-0.0031123708723235955
2025-07-14 10:25:55,121930,121971.64356958609,-0.000341420090501014
2025-07-14 11:20:02,121681,122188.30900000005,-0.004151862024705259
2025-07-14 11:20:36,121712,121919.74542423722,-0.0017039522475571019
2025-07-14 12:47:15,121875,121979.49000000006,-0.000856619420199768
2025-07-14 12:47:49,121863,121836.40221456162,0.00021830737739236136
2025-07-14 13:37:28,121311,121853.96250000005,-0.004455846070660625
2025-07-14 13:38:02,121423,121796.78228322168,-0.0030689011336317387
2025-07-14 14:23:21,121566,121788.07749999998,-0.0018234748799609297
2025-07-14 14:23:55,121527,121789.78757489403,-0.0021577143710216906
2025-07-14 15:25:14,120388,121562.09749999999,-0.009658417583655045
2025-07-14 15:25:48,120410,121448.2402129191,-0.00854882879405164
2025-07-14 16:29:06,119885,121167.69350000002,-0.01058610148422131
2025-07-14 16:29:41,119990,120919.43156391193,-0.00768637060140892
2025-07-14 17:20:58,120317,120883.353,-0.004685119877507061
2025-07-14 17:21:32,120228,120687.54950440064,-0.003807762327495777
2025-07-14 18:34:07,120136,120410.22700000012,-0.0022774394404232383
2025-07-14 18:34:43,120139,120409.61211423083,-0.002247429499017902
2025-07-14 19:17:27,119784,120109.7290000001,-0.0027119285232930107
2025-07-14 19:18:01,119784,120222.62264869933,-0.0036484202310327067
2025-07-14 20:25:28,119927,119920.94100000006,5.0524953768796884e-05
2025-07-14 20:26:02,119982,120105.00095339077,-0.0010241118389275514
2025-07-14 21:21:33,120014,119968.20000000007,0.0003817678351423971
2025-07-14 21:22:09,120109,120092.96010725094,0.00013356230652267914
2025-07-14 22:21:58,120140,119946.68100000001,0.001611707788729799
2025-07-14 22:22:32,120163,120092.66531439798,0.0005856701191358201
2025-07-14 23:21:16,119855,119967.19499999998,-0.0009352139974597047
2025-07-14 23:21:50,119855,120066.9849943943,-0.001765556071922639
2025-07-15 01:56:52,118891,119743.23399999997,-0.007117178745982156
2025-07-15 01:57:26,118917,119625.56418687636,-0.005923183658047039
2025-07-15 03:40:40,117031,118930.3709999999,-0.015970445429787643
2025-07-15 03:41:14,117035,118659.81615731405,-0.013693061475503572
2025-07-15 04:40:27,117350,118393.5535,-0.008814276361761492
2025-07-15 04:41:01,117337,118190.7305779421,-0.00722332939112428
2025-07-15 05:26:19,117485,118066.21149999995,-0.004922758955469211
2025-07-15 05:26:53,117510,118030.99872664272,-0.004414083861556926
2025-07-15 06:34:56,117078,117531.33699999998,-0.003857158538067044
2025-07-15 06:35:32,117111,117677.0540782012,-0.004810233249253757
2025-07-15 07:24:09,116994,117352.01550000001,-0.003050782711098887
2025-07-15 07:24:45,116978,117505.6729434239,-0.004490616752418044
2025-07-15 08:30:56,116815,117107.40050000006,-0.0024968575747701055
2025-07-15 08:31:30,116816,117220.87904921174,-0.00345398407259652
2025-07-15 09:30:42,116964,117055.84750000003,-0.000784646832786654
2025-07-15 09:31:16,116961,117135.01555443383,-0.0014855980819242496
2025-07-15 10:24:52,116987,116945.12550000011,0.0003580696486566163
2025-07-15 10:25:28,116983,117052.88980725672,-0.0005970788706866391
2025-07-15 11:20:09,116529,116886.24950000012,-0.003056386029394513
2025-07-15 11:20:44,116555,116980.45032674306,-0.0036369352789693676
2025-07-15 12:47:42,116803,116872.14500000009,-0.0005916294254725224
2025-07-15 12:48:16,116780,116956.24259241106,-0.001506910520588949
2025-07-15 13:37:46,117966,117047.84850000005,0.007844240725193241
2025-07-15 13:38:20,118014,117209.17863073849,0.006866538769946153
2025-07-15 14:21:19,117923,117237.52000000002,0.00584693364376849
2025-07-15 14:21:53,117917,117462.95178929015,0.0038654588854904717
2025-07-15 15:23:05,116243,117155.47549999999,-0.007788586031559285
2025-07-15 15:23:39,116212,117194.9693331831,-0.008387470373310392
2025-07-15 16:29:09,117004,117085.9505,-0.0006999174508132492
2025-07-15 16:29:45,116865,117019.1173576424,-0.001317027175750947
2025-07-15 17:20:26,117369,117205.79449999999,0.0013924695506416361
2025-07-15 17:21:02,117271,117117.9204813083,0.0013070546169416139
2025-07-15 18:33:50,116665,117187.23899999999,-0.004456449392070641
2025-07-15 18:34:26,116605,117092.26804740587,-0.004161402418207474
2025-07-15 19:19:13,116965,117011.79099999997,-0.00039988277762510575
2025-07-15 19:19:47,116965,117039.61394614536,-0.0006375101867619764
2025-07-15 20:25:51,116498,116887.11899999995,-0.0033290152356304377
2025-07-15 20:26:26,116495,116849.02784106167,-0.003029788502333313
2025-07-15 21:21:24,117020,116914.67249999994,0.000900892058693982
2025-07-15 21:22:01,116994,116803.38253485483,0.0016319515840073511
2025-07-15 22:22:23,117543,116944.30199999998,0.00511951407431564
2025-07-15 22:22:57,117547,117052.20915106684,0.004227095349346089
2025-07-15 23:20:56,117745,117062.04149999996,0.005834158462032607
2025-07-15 23:21:30,117706,117288.38096680268,0.003560617255988232
2025-07-16 01:53:53,117628,117629.50199999993,-1.276890554152754e-05
2025-07-16 01:54:27,117643,117572.53121145841,0.0005993643907763698
2025-07-16 03:37:36,117423,117605.46299999996,-0.0015514840496819418
2025-07-16 03:38:09,117459,117457.87366645038,9.58925540247062e-06
2025-07-16 04:39:38,117637,117553.14399999994,0.0007133454465501834
2025-07-16 04:40:14,117620,117467.45937593983,0.0012985777071417388
2025-07-16 05:27:32,117794,117580.13549999997,0.0018188829183652811
2025-07-16 05:28:06,117828,117553.24812177537,0.0023372546706664655
2025-07-16 06:34:21,118083,117605.26799999992,0.004062164970365755
2025-07-16 06:34:55,118093,117714.03220910432,0.0032193935063110487
2025-07-16 07:23:49,118251,117715.67499999996,0.004547610163217778
2025-07-16 07:24:24,118250,117850.64651707455,0.0033886405779504146
2025-07-16 08:30:50,118277,117941.9695,0.0028406385057016827
2025-07-16 08:31:24,118308,117998.01821849793,0.002627008369988632
2025-07-16 09:28:17,119172,118195.19600000003,0.008264329118756861
2025-07-16 09:28:52,119154,118281.28351476096,0.007378314297123183
2025-07-16 10:25:54,119221,118465.04850000003,0.006381219689450988
2025-07-16 10:26:30,119190,118557.30629312313,0.005336606630658359
2025-07-16 11:19:43,118810,118643.25950000009,0.0014053937889317045
2025-07-16 11:20:17,118805,118638.16440004006,0.0014062557424387126
2025-07-16 12:48:18,119000,118855.11700000006,0.0012189883250877903
2025-07-16 12:48:52,118948,118754.68986862228,0.0016278105024026687
2025-07-16 13:38:49,118703,118885.33450000008,-0.001533700525526842
2025-07-16 13:39:23,118684,118728.49633448248,-0.00037477383994760497
2025-07-16 14:21:08,118433,118798.6405000001,-0.003077817207850082
2025-07-16 14:21:43,118433,118633.57526906238,-0.0016907125036691383
2025-07-16 15:25:42,119217,118785.8905000001,0.003629298885458991
2025-07-16 15:26:16,119180,118771.97660580117,0.0034353507103198045
2025-07-16 16:29:48,119175,118839.10300000005,0.002826485487692998
2025-07-16 16:30:25,119187,118869.12999446806,0.0026741173721615366
2025-07-16 17:22:11,119375,118899.52200000007,0.003998990004349469
2025-07-16 17:22:45,119436,118986.36628397218,0.0037788675297027448
2025-07-16 18:32:53,119400,119030.31200000008,0.003105830723185214
2025-07-16 18:33:29,119478,119106.79236310405,0.003116595028134962
2025-07-16 19:18:53,119153,119173.21200000009,-0.00016960187328077413
2025-07-16 19:19:27,119176,119177.09614095541,-9.197580666995701e-06
2025-07-16 20:25:25,119407,119249.05450000006,0.0013245010676369207
2025-07-16 20:26:00,119437,119190.35596597499,0.0020693287810586024
2025-07-16 21:21:41,119833,119414.36250000005,0.0035057550133465168
2025-07-16 21:22:15,119827,119426.93766892605,0.0033498500328543518
2025-07-16 22:22:11,119404,119430.28950000003,-0.0002201242256892298
2025-07-16 22:22:46,119355,119412.34301789176,-0.00048021013944237427
2025-07-16 23:22:11,118607,119317.16950000003,-0.0059519472593592875
2025-07-16 23:22:47,118607,119165.81198589072,-0.004689364982943928
2025-07-17 01:54:03,117848,118944.58850000003,-0.009219322323352498
2025-07-17 01:54:37,117865,118833.96777810321,-0.008153963014283476
2025-07-17 03:37:27,117963,118518.4415,-0.004686540701769191
2025-07-17 03:38:02,117794,118483.7916036813,-0.0058218224986299714
2025-07-17 04:39:06,118405,118437.42649999997,-0.00027378592188485537
2025-07-17 04:39:41,118420,118423.93508853242,-3.3228827681515604e-05
2025-07-17 05:26:38,118407,118381.01999999995,0.00021946085614107857
2025-07-17 05:27:12,118407,118410.3054347578,-2.791509358635343e-05
2025-07-17 06:34:05,118634,118325.43799999992,0.0026077401885474393
2025-07-17 06:34:40,118605,118479.5246259454,0.001059046906634219
2025-07-17 07:23:35,117978,118293.22499999989,-0.0026647764485234864
2025-07-17 07:24:09,117995,118381.66774613745,-0.0032662806116791295
2025-07-17 08:30:55,118263,118345.82149999992,-0.0006998261446849495
2025-07-17 08:31:30,118277,118352.64515874692,-0.0006391505542225683
2025-07-17 09:27:10,119025,118414.81649999993,0.005152932023502923
2025-07-17 09:27:45,119030,118434.91815559694,0.005024547267565593
2025-07-17 10:25:49,118600,118490.91099999996,0.0009206528929466696
2025-07-17 10:26:23,118563,118541.39103866598,0.0001822904315925147
2025-07-17 11:20:27,118238,118430.32349999994,-0.0016239379773368642
2025-07-17 11:21:02,118224,118446.66841554354,-0.0018799044204633416
2025-07-17 12:47:15,117952,118310.14599999995,-0.0030271790891032275
2025-07-17 12:47:49,117969,118193.92995234655,-0.0019030584094905083
2025-07-17 13:38:14,117909,118254.68299999996,-0.0029232077007889912
2025-07-17 13:38:49,117948,118107.25088150539,-0.0013483582110056997
2025-07-17 14:20:59,118426,118190.68349999997,0.0019909902627818373
2025-07-17 14:21:33,118345,118156.44412966381,0.0015958153761742348
2025-07-17 15:25:26,118597,118183.81099999999,0.003496155662132211
2025-07-17 15:26:00,118618,118310.86151640853,0.002596029474004532
2025-07-17 16:29:16,118637,118280.61950000003,0.003013008399063805
2025-07-17 16:29:51,118534,118460.1262435601,0.0006236170666238953
2025-07-17 17:21:12,118745,118439.62000000004,0.002578360180486571
2025-07-17 17:21:46,118728,118535.70433968374,0.001622259397600617
2025-07-17 18:33:39,119750,118804.92900000008,0.007954813053252385
2025-07-17 18:34:15,119762,118860.15286440444,0.007587464039562373
2025-07-17 19:19:26,119803,118987.37100000004,0.006854752677911985
2025-07-17 19:20:01,119800,119083.03728629508,0.006020695558690103
2025-07-17 20:25:21,118907,119076.16500000008,-0.001420645349134991
2025-07-17 20:25:56,118983,119058.74538485028,-0.0006362017725403951
2025-07-17 21:21:11,120618,119258.7985000001,0.011397075243885611
2025-07-17 21:21:45,120676,119336.84177852055,0.011221666348140967
2025-07-17 22:22:05,120255,119649.01750000005,0.005064667580742603
2025-07-17 22:22:40,120239,119693.35520467293,0.004558689113476924
2025-07-17 23:22:30,119538,119765.4415,-0.0018990578346425651
2025-07-17 23:23:05,119487,119707.38149944675,-0.0018410017551655526
2025-07-18 01:56:11,120325,119969.20799999998,0.0029656943304986715
2025-07-18 01:56:45,120374,119835.73109413267,0.004491722969040927
2025-07-18 03:40:08,120178,119894.57249999997,0.00236397273112621
2025-07-18 03:40:42,120178,119989.2623967926,0.001572954108037257
2025-07-18 04:41:22,120313,120003.21300000003,0.0025814892139593582
2025-07-18 04:41:56,120300,120043.03089270325,0.0021406416131431925
2025-07-18 05:28:05,120527,120188.03799999999,0.0028202640266081565
2025-07-18 05:28:39,120527,120161.733760594,0.003039788358361624
2025-07-18 06:34:04,120215,120256.35749999997,-0.00034391113168357157
2025-07-18 06:34:38,120177,120215.55359424971,-0.0003207038781340541
2025-07-18 07:24:30,119804,120232.65550000002,-0.0035652169389207454
2025-07-18 07:25:05,119802,120176.40756794826,-0.0031154831095826473
2025-07-18 08:30:46,119094,120008.87249999994,-0.007623373846795702
2025-07-18 08:31:21,119033,119808.17645834757,-0.006470146539765352
2025-07-18 09:27:06,118625,119774.71349999995,-0.009598966813641802
2025-07-18 09:27:42,118720,119489.30462343596,-0.006438271825753661
2025-07-18 10:25:07,118728,119444.08349999998,-0.005995135790882258
2025-07-18 10:25:41,118742,119255.01714108608,-0.004301849543815397
2025-07-18 11:19:26,118958,119180.27699999996,-0.0018650485264433334
2025-07-18 11:20:03,118951,119178.43788535913,-0.0019083811584937188
2025-07-18 12:48:55,119474,118988.74800000002,0.004078133505530947
2025-07-18 12:49:30,119481,119230.25196909613,0.0021030571248717832
2025-07-18 13:38:01,118686,118966.871,-0.0023609177718055575
2025-07-18 13:38:36,118736,119111.62662890792,-0.003153568123775065
2025-07-18 14:22:22,118293,118957.973,-0.005589982606714374
2025-07-18 14:22:57,118121,118974.60654635295,-0.007174695265921168
2025-07-18 15:23:51,117596,118797.8615,-0.010116861404950451
2025-07-18 15:24:26,117572,118660.99683377879,-0.00917737810094636
2025-07-18 16:29:29,117580,118557.35350000004,-0.008243718935578641
2025-07-18 16:30:05,117663,118286.6050881747,-0.005271983989310128
2025-07-18 17:21:57,117719,118194.77900000001,-0.004025380850367422
2025-07-18 17:22:33,117739,118098.92867209176,-0.0030476878676107292
2025-07-18 18:32:06,117666,117841.5945,-0.0014900893079820513
2025-07-18 18:32:41,117609,117902.24984363548,-0.002487228564547277
2025-07-18 19:18:20,117547,117663.15699999998,-0.0009871994170611745
2025-07-18 19:18:54,117580,117776.12925307576,-0.0016652716838258777
2025-07-18 20:24:55,117021,117557.10450000002,-0.004560375166436799
2025-07-18 20:25:29,117062,117621.51015311616,-0.004756869320822441
2025-07-18 21:21:28,117761,117547.17299999998,0.0018190739474442262
2025-07-18 21:22:03,117816,117635.74351224379,0.0015323275254127955
2025-07-18 22:21:56,117731,117506.29849999996,0.0019122506867156512
2025-07-18 22:22:30,117699,117619.61996566445,0.0006748876961065413
2025-07-18 23:21:29,117816,117546.8405,0.0022898063346925455
2025-07-18 23:22:03,117816,117670.59399668925,0.0012357038268613115
2025-07-19 01:50:05,118020,117837.82049999999,0.0015460189201311047
2025-07-19 01:50:39,118056,117839.13133387297,0.0018403790292087292
2025-07-19 03:24:05,118232,117951.60899999998,0.002377169776463311
2025-07-19 03:24:39,118253,117985.50875771331,0.0022671533572482367
2025-07-19 04:33:04,118278,118083.66699999999,0.0016457229432078298
2025-07-19 04:33:39,118278,118103.38935281179,0.0014784558524954087
2025-07-19 05:23:40,118105,118103.62350000002,1.1655019204249347e-05
2025-07-19 05:24:15,118105,118093.75247365884,9.524234860493884e-05
2025-07-19 06:31:32,118075,118170.492,-0.0008080866753097582
2025-07-19 06:32:07,118104,118123.18439110124,-0.00016241003999453157
2025-07-19 07:20:28,118285,118202.521,0.0006977769958054164
2025-07-19 07:21:02,118285,118152.65763704336,0.0011200963702668889
2025-07-19 08:27:55,118100,118186.48849999993,-0.0007317968500259997
2025-07-19 08:28:29,118086,118141.03887490046,-0.0004658743094238737
2025-07-19 09:22:05,118175,118153.31049999988,0.00018357081920378457
2025-07-19 09:22:40,118156,118135.39495129875,0.00017441892592604306
2025-07-19 10:23:23,118282,118182.13249999983,0.0008450304448531404
2025-07-19 10:23:57,118282,118181.14497532557,0.0008533935315610973
2025-07-19 11:18:21,118183,118204.59549999986,-0.0001826959426451814
2025-07-19 11:18:55,118266,118236.0722239238,0.0002531188284022651
2025-07-19 12:42:01,118146,118247.45300000001,-0.000857971968326528
2025-07-19 12:42:37,118165,118258.35648215663,-0.0007894282056144691
2025-07-19 13:31:19,118277,118277.29400000004,-2.4856841925895574e-06
2025-07-19 13:31:54,118268,118258.51596589643,8.019747268187647e-05
2025-07-19 14:19:50,118174,118273.99850000003,-0.0008454816888602154
2025-07-19 14:20:24,118148,118221.3238333398,-0.0006202251079777351
2025-07-19 15:21:39,118186,118181.84250000006,3.517883891464084e-05
2025-07-19 15:22:13,118186,118100.3705207776,0.0007250568211159182
2025-07-19 16:26:33,117951,118105.92199999998,-0.001311720846647951
2025-07-19 16:27:08,117951,118076.54382404921,-0.0010632410128491373
2025-07-19 17:20:10,117879,118045.01149999995,-0.001406340665229633
2025-07-19 17:20:45,117872,118040.14561762611,-0.0014244782293881264
2025-07-19 18:30:02,117921,117972.5879999999,-0.0004372880249088166
2025-07-19 18:30:37,117941,117980.68708403202,-0.0003363862765416147
2025-07-19 19:16:46,117783,117921.01249999992,-0.0011703808937353248
2025-07-19 19:17:20,117791,117932.5809061908,-0.0012005241054074212
2025-07-19 20:23:46,117948,117951.91049999995,-3.315334175917806e-05
2025-07-19 20:24:20,117948,117965.87715647323,-0.0001515451493614362
2025-07-19 21:20:15,117500,117877.31999999999,-0.0032009550268023777
2025-07-19 21:20:49,117498,117879.2793134851,-0.003234489688990464
2025-07-19 22:21:05,117796,117840.39850000001,-0.00037676807415082056
2025-07-19 22:21:41,117722,117821.29086376811,-0.0008427242906625103
2025-07-19 23:23:48,117775,117827.68600000006,-0.00044714448521088407
2025-07-19 23:24:22,117775,117823.70516799658,-0.00041337325054525677
2025-07-20 02:03:04,117921,117808.753,0.0009527899849682903
2025-07-20 02:03:40,117932,117867.34748353447,0.000548519312989239
2025-07-20 04:05:45,117930,117885.49100000004,0.00037756130650515594
2025-07-20 04:06:19,117957,117905.83215616034,0.0004339721191390578
2025-07-20 05:26:49,117812,117925.3475000001,-0.000961180122874815
2025-07-20 05:27:24,117803,117908.15049365173,-0.0008918000427577884
2025-07-20 06:31:25,117821,117903.62600000005,-0.0007007926965710746
2025-07-20 06:32:00,117805,117877.19556530568,-0.0006124642256668038
2025-07-20 07:20:12,117909,117902.26650000003,5.711086139275355e-05
2025-07-20 07:20:46,117909,117877.7203497055,0.00026535676293791316
2025-07-20 08:27:32,118170,117940.16699999999,0.001948725407519673
2025-07-20 08:28:07,118129,117958.48386943317,0.0014455605478582794
2025-07-20 09:22:18,118049,117978.0125,0.0006017011008725284
2025-07-20 09:22:52,118074,118019.85209224689,0.00045880338598279236
2025-07-20 10:23:58,117945,117990.02300000004,-0.0003815831106333854
2025-07-20 10:24:32,117945,117997.72041227871,-0.0004467917862693043
2025-07-20 11:18:29,117910,118006.52299999997,-0.0008179463096287649
2025-07-20 11:19:03,117910,117970.66643893969,-0.0005142502010963073
2025-07-20 12:42:28,117838,117982.74500000002,-0.001226831940552192
2025-07-20 12:43:02,117829,117927.0985167996,-0.0008318572917794799
2025-07-20 13:32:02,118136,117974.74600000001,0.0013668518514969826
2025-07-20 13:32:37,118120,117990.14172444915,0.0011005858087205413
2025-07-20 14:19:52,118623,118047.26550000002,0.004877152364024703
2025-07-20 14:20:26,118655,118135.61533295247,0.004396512140591156
2025-07-20 15:21:55,118530,118164.83549999997,0.003090297536106062
2025-07-20 15:22:31,118530,118274.75245286529,0.0021580898868203873
2025-07-20 16:26:19,118503,118312.79049999996,0.0016076833214414034
2025-07-20 16:26:53,118557,118394.39531647893,0.0013734153807400738
2025-07-20 17:19:03,118389,118444.57399999995,-0.00046919836108279316
2025-07-20 17:19:38,118431,118434.42146997248,-2.8889151734919684e-05
2025-07-20 18:30:12,118214,118470.2054999999,-0.0021626154771875934
2025-07-20 18:30:47,118183,118323.54872661257,-0.0011878339360604363
2025-07-20 19:17:23,118435,118460.26799999997,-0.0002133035863127314
2025-07-20 19:17:58,118500,118364.9884419174,0.0011406376147186986
2025-07-20 20:24:20,118043,118372.9625,-0.0027874819809464023
2025-07-20 20:24:55,118051,118295.50482353926,-0.0020668986865053497
2025-07-20 21:20:18,117882,118256.335,-0.0031654540959687814
2025-07-20 21:20:52,117881,118208.86854290897,-0.0027736374347408074
2025-07-20 22:21:06,117034,118065.87950000001,-0.008739862053032942
2025-07-20 22:21:40,117004,117968.6086840823,-0.008176825130365833
2025-07-20 23:22:43,117277,117933.03200000004,-0.005562750222516414
2025-07-20 23:23:17,117313,117805.26971449629,-0.004178673124634529
2025-07-21 02:00:22,117309,117326.77850000001,-0.00015152977203763333
2025-07-21 02:00:57,117348,117371.47567983191,-0.00020001179755080713
2025-07-21 03:48:41,118380,117576.15650000004,0.006836790076565896
2025-07-21 03:49:16,118380,117861.55899710637,0.004398728536302101
2025-07-21 04:45:21,118566,117820.2495,0.006329561371366766
2025-07-21 04:45:56,118550,118071.2359064675,0.004054874922388092
2025-07-21 05:28:51,118207,117949.94149999996,0.00217938641368502
2025-07-21 05:29:26,118216,118094.99515893856,0.001024639874861633
2025-07-21 06:34:54,119198,118327.24399999998,0.00735888009020157
2025-07-21 06:35:29,119217,118327.37858955082,0.007518305746762661
2025-07-21 07:29:56,119544,118559.4165,0.008304557571772406
2025-07-21 07:30:31,119632,118685.69581004142,0.00797319494569217
2025-07-21 08:35:39,119297,118819.55999999998,0.004018193637478686
2025-07-21 08:36:15,119282,118870.23409649971,0.003463995058392941
2025-07-21 09:31:05,118788,118890.44400000002,-0.00086166723374351
2025-07-21 09:31:40,118788,118852.01547964869,-0.0005386150111997977
2025-07-21 10:26:37,118654,118942.77200000003,-0.002427823020637406
2025-07-21 10:27:12,118654,118804.4677653504,-0.001266516050958551
2025-07-21 11:20:39,118651,118957.32600000004,-0.0025750915080256973
2025-07-21 11:21:14,118651,118729.49603958188,-0.0006611334352477087
2025-07-21 12:49:24,118225,118644.64800000002,-0.0035370158458392117
2025-07-21 12:49:59,118280,118519.18915893753,-0.0020181471087924057
2025-07-21 13:40:15,118607,118504.24699999997,0.0008670828480942637
2025-07-21 13:40:50,118560,118455.09473410882,0.0008856121058081867
2025-07-21 14:24:30,119030,118494.46,0.004519536187598927
2025-07-21 14:25:04,119035,118560.56866483769,0.004001594632221248
2025-07-21 15:25:26,118958,118535.66699999999,0.0035629191676123384
2025-07-21 15:26:00,118906,118658.82056912317,0.002083110464871326
2025-07-21 16:29:13,117949,118435.62500000003,-0.004108772170535926
2025-07-21 16:29:49,117928,118469.68688743559,-0.0045723670051586425
2025-07-21 17:22:17,117809,118346.39900000005,-0.004540898620836349
2025-07-21 17:22:53,117800,118260.6248209599,-0.003894997355690117
2025-07-21 18:34:12,117731,118277.76700000007,-0.004622736917243839
2025-07-21 18:34:48,117731,118108.69466295728,-0.0031978565509939117
2025-07-21 19:19:22,117393,118057.12100000004,-0.005625420935006899
2025-07-21 19:19:56,117348,117883.39356902576,-0.004541721720220653
2025-07-21 20:25:40,117058,117578.504,-0.004426863604252022
2025-07-21 20:26:16,117056,117517.34565469927,-0.00392576646561468
2025-07-21 21:21:44,117130,117359.06450000001,-0.0019518262264267424
2025-07-21 21:22:18,117166,117367.49690760521,-0.0017168033136450989
2025-07-21 22:22:45,117280,117267.87250000001,0.00010341707188375721
2025-07-21 22:23:23,117292,117348.21716874202,-0.0004790628276966623
2025-07-21 23:22:14,117187,117186.66300000003,2.875753872865468e-06
2025-07-21 23:22:48,117164,117352.67329405907,-0.0016077460254041369
2025-07-22 01:54:58,117851,117320.48150000004,0.004521959790967631
2025-07-22 01:55:34,117800,117391.84934334258,0.0034768227857428424
2025-07-22 03:39:25,116960,117281.72499999998,-0.0027431810028372004
2025-07-22 03:40:00,116940,117261.01231635356,-0.0027375877967650087
2025-07-22 04:40:29,117286,117248.899,0.00031642941056525493
2025-07-22 04:41:04,117237,117215.49856448942,0.00018343508984651664
2025-07-22 05:26:52,117152,117216.37349999999,-0.000549185221124308
2025-07-22 05:27:27,117147,117184.2500390732,-0.00031787581574129316
2025-07-22 06:34:39,117691,117293.452,0.0033893452125528306
2025-07-22 06:35:13,117739,117311.72235422354,0.0036422416890810622
2025-07-22 07:24:51,118418,117315.61350000005,0.009396758599399466
2025-07-22 07:25:26,118439,117519.10838884847,0.007827591816879524
2025-07-22 08:31:52,117814,117486.11600000001,0.0027908318971068113
2025-07-22 08:32:22,117896,117661.24891880137,0.0019951435443340522
2025-07-22 09:27:53,118257,117698.84550000001,0.004742225785043827
2025-07-22 09:28:28,118261,117814.99745454453,0.0037856177489419183
2025-07-22 10:26:02,118449,117999.14549999994,0.0038123538784444817
2025-07-22 10:26:36,118449,118021.22291529218,0.0036245776322352714
2025-07-22 11:19:43,118963,118297.5864999999,0.0056249118827128184
2025-07-22 11:20:18,118999,118318.21789370035,0.005753823193240463
2025-07-22 12:48:35,119397,118648.33199999998,0.00630997492657562
2025-07-22 12:49:10,119276,118734.28637065581,0.00456240270525656
2025-07-22 13:39:35,119134,118796.22150000001,0.0028433438011324775
2025-07-22 13:40:10,119239,118826.91606262195,0.0034679342949612397
2025-07-22 14:22:27,118377,118832.93150000002,-0.0038367436891853547
2025-07-22 14:23:03,118346,118709.76497757625,-0.0030643222791736494
2025-07-22 15:26:02,118927,118993.4855000001,-0.0005587322677433215
2025-07-22 15:26:36,118837,118819.85650438462,0.00014428140312347493
2025-07-22 16:30:02,118994,119012.0420000001,-0.0001515981046699722
2025-07-22 16:30:38,119040,118904.39208218262,0.0011404786269262007
2025-07-22 17:22:24,118575,118914.57950000002,-0.0028556590909865815
2025-07-22 17:22:58,118650,118816.56960004059,-0.001401905480029369
2025-07-22 18:33:51,119375,118907.384,0.00393260691026551
2025-07-22 18:34:26,119342,119010.12650287905,0.0027886156150999483
2025-07-22 19:19:34,119740,119108.47599999998,0.005302091179472564
2025-07-22 19:20:08,119708,119192.13487152058,0.004328013161568742
2025-07-22 20:25:52,119769,119192.6645,0.004835326925676714
2025-07-22 20:26:26,119758,119297.18542038505,0.003862744774665951
2025-07-22 21:21:47,119612,119338.82249999997,0.002289091632356557
2025-07-22 21:22:21,119552,119401.93221005308,0.0012568288231962178
2025-07-22 22:22:02,119817,119510.73599999999,0.002562648430179613
2025-07-22 22:22:38,119799,119465.1268805872,0.0027947328909342043
2025-07-22 23:22:08,120180,119670.804,0.004254972666516022
2025-07-22 23:22:42,120190,119663.96666071311,0.004395920960721374
2025-07-23 01:55:54,119481,119709.81700000001,-0.0019114305387335944
2025-07-23 01:56:28,119500,119634.60196957529,-0.001125109018288223
2025-07-23 03:41:14,118860,119510.312,-0.005441471862277503
2025-07-23 03:41:49,118917,119334.85962988032,-0.0035015722243803495
2025-07-23 04:42:38,118812,119243.78449999998,-0.0036210231150452946
2025-07-23 04:43:12,118812,119131.995013404,-0.002686054349782302
2025-07-23 05:29:14,118748,119106.93050000002,-0.0030135148180988236
2025-07-23 05:29:48,118746,119062.83585890497,-0.002661081072186456
2025-07-23 06:35:14,118544,118869.00800000007,-0.0027341693639781547
2025-07-23 06:35:50,118544,118879.83792656724,-0.0028250200574355603
2025-07-23 07:26:04,118467,118734.98050000002,-0.0022569633554622064
2025-07-23 07:26:39,118484,118765.36648950189,-0.0023690954511285016
2025-07-23 08:32:06,118358,118601.07550000004,-0.0020495218865029204
2025-07-23 08:32:42,118350,118628.27386372331,-0.002345763405804802
2025-07-23 09:29:24,118025,118526.15600000005,-0.004228231277491579
2025-07-23 09:29:58,118000,118517.0240598148,-0.00436244551292357
2025-07-23 10:25:44,118208,118363.73499999999,-0.0013157323904993878
2025-07-23 10:26:20,118254,118366.91160349407,-0.0009539118826746009
2025-07-23 11:20:30,118324,118298.57599999997,0.00021491382956315703
2025-07-23 11:21:05,118338,118340.90606473688,-2.4556722045759883e-05
2025-07-23 12:49:00,118301,118320.27499999995,-0.00016290530088736298
2025-07-23 12:49:34,118296,118407.73476935475,-0.0009436441763909769
2025-07-23 13:39:55,118047,118263.85399999998,-0.0018336456378292693
2025-07-23 13:40:30,117899,118318.09741381444,-0.003542124349317884
2025-07-23 14:24:33,117969,118185.51599999999,-0.0018320011396319388
2025-07-23 14:25:08,118024,118191.16590144017,-0.001414368833450434
2025-07-23 15:26:17,117977,118138.6605,-0.0013683962499303785
2025-07-23 15:26:52,118000,118074.76629429616,-0.0006332114527316515
2025-07-23 16:30:04,117858,118103.80750000002,-0.0020812834505782077
2025-07-23 16:30:34,117820,118067.9667187543,-0.0021002031765734366
2025-07-23 17:23:29,117569,117964.95250000006,-0.0033565265920829953
2025-07-23 17:24:04,117581,117996.83779450129,-0.003524143547181304
2025-07-23 18:33:15,118262,117942.50100000002,0.0027089386547770556
2025-07-23 18:33:50,118233,118032.16375887168,0.001701538247986414
2025-07-23 19:19:17,118430,118065.34500000004,0.0030885862401025047
2025-07-23 19:19:51,118400,118126.4820911252,0.0023154664731639086
2025-07-23 20:26:03,118321,118107.74100000007,0.0018056310127879983
2025-07-23 20:26:37,118281,118169.54573384329,0.0009431725023953456
2025-07-23 21:22:13,117722,118051.47300000003,-0.0027909266324870606
2025-07-23 21:22:47,117748,118080.07876930582,-0.0028123183247074916
2025-07-23 22:22:11,118367,118142.74600000001,0.0018981613987538958
2025-07-23 22:22:46,118364,118101.95831365377,0.0022187751167538085
2025-07-23 23:23:10,118668,118266.91950000003,0.0033913160306840253
2025-07-23 23:23:44,118640,118286.17112645526,0.0029912953490267027
2025-07-24 01:54:48,119078,118606.5095,0.003975249773284997
2025-07-24 01:55:23,119078,118702.4533726456,0.00316376466268509
2025-07-24 03:39:27,118982,118902.59549999998,0.0006678113262886575
2025-07-24 03:40:02,118976,118859.02094409527,0.0009841832363716473
2025-07-24 04:41:00,118071,118843.74900000003,-0.006502226717873273
2025-07-24 04:41:34,118008,118677.10314921307,-0.005638013832978431
2025-07-24 05:27:37,117577,118666.06399999998,-0.009177552227568482
2025-07-24 05:28:13,117544,118414.83046235626,-0.007354065862832043
2025-07-24 06:35:16,117807,118362.77149999994,-0.004695492450512149
2025-07-24 06:35:51,117768,118159.28380611373,-0.0033114943956141715
2025-07-24 07:25:03,118035,118246.76149999994,-0.0017908439716544386
2025-07-24 07:25:37,118018,118107.02332946207,-0.000753751360016396
2025-07-24 08:31:35,118714,118061.75749999995,0.005524587417733905
2025-07-24 08:32:09,118697,118267.2658293204,0.0036335850640174475
2025-07-24 09:27:32,118580,118090.98199999992,0.004141027466433331
2025-07-24 09:28:08,118580,118363.92182326032,0.0018255408693058461
2025-07-24 10:25:55,118182,118221.27849999999,-0.0003322456033156992
2025-07-24 10:26:29,118193,118371.46967528752,-0.0015077085363313374
2025-07-24 11:20:10,118703,118358.46400000004,0.002910953626434047
2025-07-24 11:20:44,118661,118399.519715721,0.002208457305458773
2025-07-24 12:48:50,118332,118523.4955,-0.0016156754337371406
2025-07-24 12:49:24,118364,118444.01455340315,-0.0006755474618522896
2025-07-24 13:39:44,118473,118521.79250000003,-0.0004116753465403843
2025-07-24 13:40:18,118550,118498.8363131495,0.00043176531046510883
2025-07-24 14:24:25,117911,118436.54400000002,-0.004437346635173882
2025-07-24 14:24:59,118022,118395.30061707692,-0.003153001978383242
2025-07-24 15:22:29,118999,118560.99449999994,0.0036943473850504665
2025-07-24 15:23:03,118907,118592.66594166982,0.0026505353921698854
2025-07-24 16:26:47,118898,118656.97149999996,0.002031305004274815
2025-07-24 16:27:21,118775,118694.06238212316,0.0006819011520245487
2025-07-24 17:21:30,118871,118663.93399999998,0.0017449783857664853
2025-07-24 17:22:05,118895,118692.30736913075,0.001707714976328491
2025-07-24 18:33:35,119160,118835.21400000004,0.0027330787656928324
2025-07-24 18:34:11,119140,118903.48195944222,0.0019891599191221394
2025-07-24 19:19:21,119290,118992.76000000005,0.0024979671032081857
2025-07-24 19:19:55,119311,118981.3886357676,0.0027702766626924303
2025-07-24 20:23:50,118810,118969.47300000004,-0.0013404531093454684
2025-07-24 20:24:24,118822,118944.75903825567,-0.0010320676526502858
2025-07-24 21:22:06,118587,118933.35000000005,-0.002912135242133929
2025-07-24 21:22:40,118580,118856.54014309999,-0.0023266716561582993
2025-07-24 22:22:25,118477,118894.21,-0.003509085934462295
2025-07-24 22:22:59,118446,118739.08840035724,-0.0024683396538217064
2025-07-24 23:22:41,118333,118715.58899999996,-0.003222735979517936
2025-07-24 23:23:16,118333,118607.76706819498,-0.0023166026558530646
2025-07-25 01:54:38,117282,118117.94100000004,-0.007077172129169057
2025-07-25 01:55:13,117248,118021.16843586297,-0.006551099655339711
2025-07-25 03:39:47,115400,117390.87200000005,-0.01695934246063055
2025-07-25 03:40:22,115415,117164.17859818877,-0.014929295106378243
2025-07-25 04:40:40,115924,116826.52300000004,-0.007725326208673045
2025-07-25 04:41:14,115886,116608.84294882178,-0.0061988690612343
2025-07-25 05:29:18,115640,116450.25400000004,-0.006957941027763187
2025-07-25 05:29:54,115646,116358.0937200309,-0.006119846907635546
2025-07-25 06:35:04,115250,115906.97850000006,-0.005668153104345269
2025-07-25 06:35:40,115250,115976.55818227516,-0.006264698605154816
2025-07-25 07:24:49,115732,115655.77400000005,0.0006590764763716114
2025-07-25 07:25:24,115767,115869.66240248005,-0.0008860162388619983
2025-07-25 08:30:39,115703,115494.19400000005,0.0018079350378422756
2025-07-25 08:31:15,115643,115726.32156520325,-0.0007199880206708782
2025-07-25 09:27:06,115651,115475.47750000004,0.0015199980446061606
2025-07-25 09:27:42,115651,115609.38084723092,0.00035999805953531704
2025-07-25 10:26:26,116200,115542.02649999999,0.005694668164747892
2025-07-25 10:27:02,116134,115745.75727217122,0.003354271784803683
2025-07-25 11:19:49,116550,115736.46549999993,0.007029197725068488
2025-07-25 11:20:23,116550,115975.23045642092,0.004955968109027018
2025-07-25 12:47:06,116451,116068.60249999995,0.0032945817539247984
2025-07-25 12:47:40,116461,116193.60639207177,0.002301276431905925
2025-07-25 13:37:33,116495,116154.36599999997,0.002932597471196517
2025-07-25 13:38:07,116250,116156.4746245013,0.0008051671316734202
2025-07-25 14:21:42,115655,116178.12149999998,-0.004502753988839279
2025-07-25 14:22:16,115653,116029.19018587186,-0.0032422029772786365
2025-07-25 15:25:08,115546,116024.23250000001,-0.004121832911068925
2025-07-25 15:25:44,115587,115769.32556971369,-0.0015749039636920022
2025-07-25 16:28:57,115733,115858.56400000006,-0.0010837696900857206
2025-07-25 16:29:32,115701,115741.5001553546,-0.000349919046325139
2025-07-25 17:21:49,116012,115789.36800000006,0.001922732664020927
2025-07-25 17:22:23,116084,115869.61890187464,0.0018501924849421796
2025-07-25 18:33:14,116422,115846.02950000003,0.004971862242373758
2025-07-25 18:33:50,116378,116037.52969255042,0.002934139569772619
2025-07-25 19:19:12,116637,115973.33100000003,0.005722600138129732
2025-07-25 19:19:46,116665,116198.63148073727,0.004013545713230217
2025-07-25 20:25:21,116723,116277.67549999998,0.003829836622422135
2025-07-25 20:25:55,116758,116376.61405816475,0.003277169944509947
2025-07-25 21:21:15,117357,116586.59700000002,0.006607989424375912
2025-07-25 21:21:50,117300,116655.60221590892,0.0055239334575498105
2025-07-25 22:21:58,117193,116790.32199999997,0.003447871305638057
2025-07-25 22:22:33,117190,116819.47430765026,0.0031717801723190205
2025-07-25 23:22:00,117346,116999.02299999996,0.0029656401489783616
2025-07-25 23:22:35,117346,116980.40903623421,0.003125232393849378
2025-07-26 01:51:07,117320,117349.084,-0.000247841730064144
2025-07-26 01:51:42,117320,117261.81194853845,0.0004962233696941691
2025-07-26 03:27:53,117526,117425.59249999998,0.0008550733946691879
2025-07-26 03:28:27,117500,117359.81674507279,0.0011944740441416292
2025-07-26 04:37:38,117525,117465.98299999998,0.0005024177935838809
2025-07-26 04:38:13,117522,117416.28353683867,0.0009003560662704752
2025-07-26 05:24:33,117434,117453.29249999998,-0.00016425678318027039
2025-07-26 05:25:07,117444,117423.92203147199,0.00017098703722937073
2025-07-26 06:32:11,117346,117449.67349999996,-0.0008827057318295637
2025-07-26 06:32:45,117346,117416.33590896642,-0.0005990300107895319
2025-07-26 07:21:26,117330,117451.143,-0.0010314331296034846
2025-07-26 07:22:00,117330,117400.11644063744,-0.0005972433653666647
2025-07-26 08:27:50,117450,117426.20600000003,0.00020262938581159048
2025-07-26 08:28:23,117465,117391.81101260388,0.0006234590536154267
2025-07-26 09:22:15,117550,117432.96600000001,0.0009966026064604813
2025-07-26 09:22:51,117533,117439.68940597808,0.0007945405381596228
2025-07-26 10:22:24,117641,117449.66850000006,0.0016290510006841095
2025-07-26 10:23:00,117641,117486.51692427437,0.0013149004649205779
2025-07-26 11:18:44,117999,117583.74400000002,0.0035315766097733657
2025-07-26 11:19:18,117989,117678.98148643617,0.0026344425287158383
2025-07-26 12:42:26,117910,117704.02200000004,0.0017499656893624168
2025-07-26 12:43:00,117933,117747.80449770957,0.001572814907933437
2025-07-26 13:33:19,118106,117835.2405,0.002297780348655546
2025-07-26 13:33:54,118106,117852.00971081917,0.002155162986223675
2025-07-26 14:20:19,118158,117932.25250000006,0.0019142134167236342
2025-07-26 14:20:53,118158,117934.30202136296,0.0018968016497567808
2025-07-26 15:22:09,117862,117997.23800000006,-0.0011461115725442295
2025-07-26 15:22:43,117862,117937.01889337378,-0.000636092840718698
2025-07-26 16:26:43,118153,118005.26250000004,0.0012519568777702537
2025-07-26 16:27:18,118153,117984.45326628076,0.0014285503645030508
2025-07-26 17:21:07,118033,118049.19500000004,-0.000137188567868134
2025-07-26 17:21:42,118033,118008.08817216678,0.00021110271523823204
2025-07-26 18:30:34,118046,118046.34,-2.880224833709436e-06
2025-07-26 18:31:08,118046,118021.18743110461,0.00021023825836248477
2025-07-26 19:17:17,118067,118042.71999999997,0.00020568824574720022
2025-07-26 19:17:51,118054,118032.67050482496,0.00018070840118940808
2025-07-26 20:23:34,118068,118075.47649999996,-6.331966824593466e-05
2025-07-26 20:24:09,118068,118070.17115473522,-1.8388681188338508e-05
2025-07-26 21:20:32,117934,118042.76349999997,-0.0009213906619525377
2025-07-26 21:21:08,117934,118017.72348041866,-0.0007094144671630652
2025-07-26 22:21:07,118133,118042.61149999996,0.0007657277219764375
2025-07-26 22:21:41,118133,118032.86295739125,0.0008483827308747134
2025-07-26 23:21:26,117979,118036.01799999995,-0.0004830559431440051
2025-07-26 23:22:01,118014,118025.00207001092,-9.321813020930876e-05
2025-07-27 02:04:04,118056,118000.13250000004,0.0004734528581988151
2025-07-27 02:04:39,118048,118017.20271054283,0.00026095593481153525
2025-07-27 04:06:58,118247,118081.15200000009,0.0014045255927034883
2025-07-27 04:07:32,118258,118128.39581010352,0.0010971467868303247
2025-07-27 05:27:23,118252,118160.7085000001,0.0007726045413810692
2025-07-27 05:27:58,118290,118167.31826534202,0.0010382035951979405
2025-07-27 06:32:46,118280,118219.69900000007,0.00051007573619295
2025-07-27 06:33:21,118280,118209.14365332614,0.0005994151085440359
2025-07-27 07:20:42,118175,118228.92900000008,-0.00045614047641484134
2025-07-27 07:21:17,118195,118207.8696146227,-0.00010887273973093564
2025-07-27 08:27:53,118009,118204.42650000002,-0.0016532925693778136
2025-07-27 08:28:28,118009,118164.23149269624,-0.001313692737093945
2025-07-27 09:22:43,117890,118152.85,-0.0022246606831744288
2025-07-27 09:23:18,117890,118095.57695651327,-0.001740767620695611
2025-07-27 10:23:00,118150,118111.99249999998,0.0003217920483393889
2025-07-27 10:23:34,118150,118075.96625252542,0.0006270009877898603
2025-07-27 11:18:34,118230,118099.22699999996,0.0011073146143458226
2025-07-27 11:19:09,118220,118117.92575799735,0.0008641723205653209
2025-07-27 12:43:54,117934,118058.43899999998,-0.0010540457849013568
2025-07-27 12:44:29,117924,118084.07494023404,-0.0013556014247904566
2025-07-27 13:32:07,118193,118076.13750000003,0.0009897215684242194
2025-07-27 13:32:41,118173,118107.99965464885,0.0005503466788126818
2025-07-27 14:19:49,118400,118129.80150000003,0.0022873017356248534
2025-07-27 14:20:24,118400,118157.04030396786,0.0020562439225551344
2025-07-27 15:22:17,118499,118205.18150000006,0.002485665148273856
2025-07-27 15:22:52,118480,118238.73223145098,0.002040513831599115
2025-07-27 16:26:48,119180,118334.49800000007,0.007145017000874373
2025-07-27 16:27:23,119246,118447.30153760973,0.006743070141928586
2025-07-27 17:20:17,118930,118545.21650000005,0.0032458796007171376
2025-07-27 17:20:52,118941,118669.47469860801,0.0022880804190091473
2025-07-27 18:30:45,119242,118838.25100000005,0.0033974666961393797
2025-07-27 18:31:19,119225,118899.56791041073,0.002737033408182636
2025-07-27 19:18:49,118908,118928.73949999998,-0.00017438593974151634
2025-07-27 19:19:24,118908,118906.45606176252,1.298447778708733e-05
2025-07-27 20:24:34,119008,119055.08899999999,-0.0003955227818946292
2025-07-27 20:25:08,119013,118943.87150878107,0.0005811858176638044
2025-07-27 21:20:31,118826,119037.81849999998,-0.0017794218901951689
2025-07-27 21:21:06,118838,118896.74653177112,-0.0004940970504640307
2025-07-27 22:21:22,119672,119101.72299999997,0.0047881507138232676
2025-07-27 22:21:57,119672,119091.4533379135,0.004874797022077183
2025-07-27 23:22:17,119400,119154.27549999992,0.002062238211503238
2025-07-27 23:22:52,119412,119213.62768298695,0.0016640070507758242
2025-07-28 02:01:34,119021,119340.58300000001,-0.002677907145803144
2025-07-28 02:02:09,119021,119232.59481998635,-0.00177463905994672
2025-07-28 04:06:50,119385,119338.60000000002,0.0003888096558865247
2025-07-28 04:07:24,119373,119311.87239446116,0.0005123346429159057
2025-07-28 05:30:20,119384,119287.41849999996,0.000809653702079603
2025-07-28 05:30:54,119340,119293.32208498324,0.0003912869069360304
2025-07-28 06:36:53,119468,119352.53349999998,0.0009674407120987015
2025-07-28 06:37:27,119478,119377.87987784305,0.0008386823610823113
2025-07-28 07:27:11,119085,119339.544,-0.002132939271160567
2025-07-28 07:27:45,119114,119315.82901941396,-0.001691552756014591
2025-07-28 08:33:32,118955,119225.32249999997,-0.0022673245442465942
2025-07-28 08:34:06,118900,119158.50416930593,-0.002169414353663229
2025-07-28 09:30:51,118833,119156.95849999998,-0.002718754356255064
2025-07-28 09:31:27,118841,119075.39249659362,-0.0019684377408230834
2025-07-28 10:26:08,118919,119089.71199999998,-0.001433473951133453
2025-07-28 10:26:43,118906,119015.72438642771,-0.0009219318455051499
2025-07-28 11:20:12,118657,118923.70049999996,-0.002242618577109974
2025-07-28 11:20:47,118640,118908.67645276073,-0.002259519328410557
2025-07-28 12:50:09,118986,118852.18999999992,0.0011258522034813584
2025-07-28 12:50:43,119021,118905.82682939833,0.0009686082984555399
2025-07-28 13:40:55,118864,118811.7945,0.0004393966122613895
2025-07-28 13:41:30,118847,118854.39663103186,-6.223270860418028e-05
2025-07-28 14:24:32,118200,118715.46649999995,-0.004342033226142034
2025-07-28 14:25:07,118155,118707.63021126587,-0.0046553891294295845
2025-07-28 15:26:10,118288,118620.48099999999,-0.0028028970814912247
2025-07-28 15:26:45,118272,118567.57421661976,-0.002492875632926027
2025-07-28 16:30:42,118273,118500.80649999998,-0.0019224046378112792
2025-07-28 16:31:18,118283,118444.15716704798,-0.0013606172807721268
2025-07-28 17:23:40,117743,118361.18799999997,-0.00522289451842918
2025-07-28 17:24:15,117794,118298.82455326959,-0.004267367449980591
2025-07-28 18:35:03,117428,118087.44049999998,-0.005584340698789068
2025-07-28 18:35:37,117499,118059.4894723756,-0.004747517331139636
2025-07-28 19:20:02,118154,118026.23000000001,0.0010825559708209735
2025-07-28 19:20:36,118100,118056.11462894584,0.0003717331473434648
2025-07-28 20:26:37,117661,117939.04650000001,-0.0023575440725647316
2025-07-28 20:27:13,117613,117961.88698854312,-0.0029576246824281867
2025-07-28 21:20:58,118094,117895.2085,0.0016861711559720144
2025-07-28 21:21:32,118100,117973.61658124336,0.001071285448552848
2025-07-28 22:23:30,118010,117912.19399999997,0.0008294816395327695
2025-07-28 22:24:05,118010,118025.86514384163,-0.00013442090699603823
2025-07-28 23:23:42,118096,117966.077,0.0011013589949252548
2025-07-28 23:24:18,118146,118015.03137836268,0.001109762206624598
2025-07-29 02:07:12,117858,118039.749,-0.0015397270965053997
2025-07-29 02:07:47,117824,118007.06982977204,-0.0015513462882869632
2025-07-29 04:08:39,118699,118153.0715,0.0046205189003486425
2025-07-29 04:09:13,118693,118222.90377163183,0.003976354947906251
2025-07-29 05:30:58,118626,118323.6195,0.0025555379498849702
2025-07-29 05:31:34,118626,118401.7639859694,0.0018938570379506275
2025-07-29 06:35:41,118969,118486.20650000001,0.00407468104736719
2025-07-29 06:36:17,118969,118573.00074955686,0.0033397084322724533
2025-07-29 07:26:26,118795,118628.59550000002,0.0014027351440738843
2025-07-29 07:27:01,118795,118633.762709907,0.0013591180656326017
2025-07-29 08:31:47,118840,118788.33050000004,0.00043497117757673964
2025-07-29 08:32:23,118813,118734.72012462004,0.0006592837823494087
2025-07-29 09:28:38,118908,118819.47350000001,0.0007450504314849759
2025-07-29 09:29:12,118925,118784.79601755517,0.001180319259243486
2025-07-29 10:25:12,118565,118845.45799999998,-0.0023598545936857275
2025-07-29 10:25:47,118618,118761.62113339508,-0.0012093227763686392
2025-07-29 11:20:16,118452,118765.92549999998,-0.0026432286758880435
2025-07-29 11:20:50,118461,118651.64784780027,-0.0016067863469104169
2025-07-29 12:50:24,118932,118727.39949999994,0.0017232795535124879
2025-07-29 12:51:00,118916,118707.34883962444,0.001757693709910542
2025-07-29 13:42:25,118852,118720.2784999999,0.0011095113797269405
2025-07-29 13:43:01,118800,118748.49937963435,0.0004336949151753628
2025-07-29 14:26:53,118367,118643.21399999992,-0.002328106182288016
2025-07-29 14:27:28,118272,118638.26703072872,-0.0030872587732072273
2025-07-29 15:27:02,117584,118465.06549999994,-0.007437344471817636
2025-07-29 15:27:37,117580,118377.98988330738,-0.006741032552537941
2025-07-29 16:28:58,117341,118256.48249999993,-0.007741499498768924
2025-07-29 16:29:32,117312,118050.77527709835,-0.006258114572854236
2025-07-29 17:23:43,117918,118083.26949999994,-0.0013996013211671511
2025-07-29 17:24:17,117918,117960.45266432966,-0.00035988895744966214
2025-07-29 18:35:14,117684,117776.63149999997,-0.0007865015225874758
2025-07-29 18:35:48,117718,117857.66037123275,-0.0011849918859142539
2025-07-29 19:22:06,117853,117684.07549999996,0.0014354066111522236
2025-07-29 19:22:42,117784,117825.32059754935,-0.0003506936992811957
2025-07-29 20:26:50,117698,117595.675,0.0008701425456335625
2025-07-29 20:27:26,117619,117687.57935635721,-0.0005827238246574011
2025-07-29 21:22:25,117281,117582.66699999997,-0.002565573716744937
2025-07-29 21:22:59,117258,117575.82589587191,-0.0027031568219931827
2025-07-29 22:22:55,117560,117530.00899999999,0.00025517738197407166
2025-07-29 22:23:29,117564,117550.00431089594,0.00011906157882434462
2025-07-29 23:22:28,117908,117567.50799999996,0.002896140317952832
2025-07-29 23:23:02,117908,117658.0791387641,0.0021241283477112893
2025-07-30 01:57:28,117881,117704.02999999991,0.001503516914417362
2025-07-30 01:58:02,117868,117735.2033773184,0.001127926218091447
2025-07-30 03:46:20,118150,117906.80649999995,0.0020625908479681558
2025-07-30 03:46:54,118142,117923.15743179969,0.0018558065520496345
2025-07-30 04:46:21,118001,117955.3035,0.00038740521743480124
2025-07-30 04:46:55,118001,117983.55379848366,0.0001478697746818393
2025-07-30 05:30:45,117977,117974.04999999997,2.500549909091189e-05
2025-07-30 05:31:19,117984,117961.3210047243,0.0001922578950670369
2025-07-30 06:36:49,118163,118043.8645,0.0010092477106254342
2025-07-30 06:37:23,118144,118007.68723037705,0.0011551177115846428
2025-07-30 07:26:50,118302,118096.45049999999,0.0017405222521908758
2025-07-30 07:27:24,118302,118085.93950605087,0.0018296885713312222
2025-08-01 02:07:21,115373,115834.93199999999,-0.0039878471202450935
2025-08-01 02:07:55,115407,115807.5042722322,-0.003458362001228508
2025-08-01 04:14:50,115443,115596.01199999992,-0.001323678882623695
2025-08-01 04:15:24,115409,115755.85839456687,-0.0029964651411815315
2025-08-01 05:32:45,115600,115577.86549999993,0.0001915115831592589
2025-08-01 05:33:19,115603,115726.54165437285,-0.001067530858580544
2025-08-01 06:36:48,115188,115615.89949999994,-0.0037010437305808577
2025-08-01 06:37:22,115163,115588.88641020146,-0.00368449271749257
2025-08-01 07:27:46,114841,115533.57649999997,-0.005994590672088877
2025-08-01 07:28:21,114848,115425.80761585456,-0.005005878908619333
2025-08-01 08:32:12,114430,115225.81199999999,-0.006906542780535934
2025-08-01 08:32:46,114456,115123.48216902018,-0.005797967160515571
2025-08-01 09:28:36,115257,115147.76400000005,0.0009486593243785973
2025-08-01 09:29:10,115261,115096.62015231498,0.0014281900499552977
2025-08-01 10:26:05,115062,115032.5865,0.00025569711066172635
2025-08-01 10:26:40,115057,115095.64926780378,-0.0003358012926609144
2025-08-01 11:20:03,114836,114918.43150000002,-0.0007173044299688392
2025-08-01 11:20:38,114843,115022.75699669488,-0.0015627950623722637
2025-08-01 12:49:18,115876,115095.19600000004,0.006783984276806478
2025-08-01 12:49:52,115868,115280.00591465805,0.005100572997690916
2025-08-01 13:39:18,115390,115248.24849999999,0.0012299666315537373
2025-08-01 13:39:53,115360,115356.89799004236,2.6890545877104625e-05
2025-08-01 14:23:56,115385,115221.70650000001,0.0014172112613171997
2025-08-01 14:24:32,115497,115234.49599440415,0.0022779984702549472
2025-08-01 15:25:17,114695,115266.92650000002,-0.004961757178456701
2025-08-01 15:25:52,114774,115251.79371502364,-0.00414565101004026
2025-08-01 16:30:17,115602,115389.95749999997,0.00183761658808155
2025-08-01 16:30:53,115510,115340.71506945221,0.0014676944775819363
2025-08-01 17:23:15,114780,115290.66199999997,-0.004429343982776052
2025-08-01 17:23:49,114749,115185.58007789358,-0.003790232055074482
2025-08-01 18:33:47,114159,114946.95199999998,-0.0068549186062800156
2025-08-01 18:34:21,114092,114812.00616152679,-0.006271174815235165
2025-08-01 19:19:44,113664,114749.36949999999,-0.009458609705040569
2025-08-01 19:20:19,113681,114529.33635915551,-0.007407153364577176
2025-08-01 20:25:26,113490,114358.5585,-0.007595045892433133
2025-08-01 20:26:00,113509,114121.90217701563,-0.005370592018918037
2025-08-01 21:21:58,113798,114030.3155,-0.002037313489674568
2025-08-01 21:22:33,113744,114023.47495289365,-0.0024510299568497704
2025-08-01 22:22:17,113805,113817.82300000009,-0.00011266249575069855
2025-08-01 22:22:51,113728,113960.91015476284,-0.002043772329007709
2025-08-01 23:22:25,113441,113586.50600000008,-0.0012810148416756578
2025-08-01 23:23:00,113409,113700.76805431493,-0.0025661045154554704
2025-08-02 01:51:22,113629,113571.37300000007,0.000507407795448021
2025-08-02 01:51:56,113641,113633.29613275678,6.779586182402174e-05
2025-08-02 03:27:11,113813,113554.50349999996,0.0022764090549701323
2025-08-02 03:27:46,113813,113687.59927264192,0.0011030290740623979
2025-08-02 04:36:50,114057,113717.13300000003,0.002988705316726277
2025-08-02 04:37:25,114057,113788.56993838603,0.0023590248278831092
2025-08-02 05:25:40,113996,113800.0175,0.0017221658160113925
2025-08-02 05:26:15,114002,113833.85707609066,0.0014770906321565518
2025-08-02 06:31:30,113583,113833.938,-0.002204421672559502
2025-08-02 06:32:05,113619,113808.04542961587,-0.0016610902059010035
2025-08-02 07:20:37,113757,113836.00950000001,-0.0006940642099722817
2025-08-02 07:21:11,113779,113784.49368039261,-4.828145044122942e-05
2025-08-02 08:28:15,113893,113878.31650000003,0.00012894026230156008
2025-08-02 08:28:50,113893,113844.62366310025,0.0004249329950170147
2025-08-02 09:24:59,113816,113848.35600000003,-0.00028420261070813234
2025-08-02 09:25:33,113804,113814.71975215519,-9.418599086769842e-05
2025-08-02 10:22:51,113532,113765.28,-0.0020505377387547313
2025-08-02 10:23:25,113549,113740.21699825076,-0.0016811731443566956
2025-08-02 11:19:00,113578,113706.53099999999,-0.0011303748242920905
2025-08-02 11:19:34,113594,113674.98386800177,-0.0007124159181391104
2025-08-02 12:43:04,113624,113712.206,-0.000775695091167307
2025-08-02 12:43:39,113611,113704.19134224435,-0.0008195946089959438
2025-08-02 13:32:08,113385,113616.11499999995,-0.0020341744654791896
2025-08-02 13:32:43,113332,113612.03735267199,-0.0024648563585098512
2025-08-02 14:20:29,113238,113560.59149999994,-0.0028406993635634327
2025-08-02 14:21:04,113218,113531.37413269945,-0.002760242576938837
2025-08-02 15:22:16,113293,113467.72549999997,-0.0015398695904940071
2025-08-02 15:22:51,113247,113417.24877483633,-0.001501083624187747
2025-08-02 16:27:08,112911,113325.75249999994,-0.003659825687016235
2025-08-02 16:27:42,112906,113241.04507776727,-0.002958689382786759
2025-08-02 17:19:08,113374,113227.45399999995,0.001294262078877494
2025-08-02 17:19:42,113374,113250.67461568996,0.0010889593790812924
2025-08-02 18:31:10,112363,113066.52000000002,-0.006222177882542228
2025-08-02 18:31:45,112336,113051.4611616358,-0.006328632591602402
2025-08-02 19:17:26,112098,112847.58849999998,-0.00664248576299868
2025-08-02 19:18:00,112161,112785.57525971706,-0.005537722871730926
2025-08-02 20:23:45,112147,112722.28449999998,-0.0051035560763495694
2025-08-02 21:20:32,112590,112675.00250000002,-0.0007544042433015865
2025-08-02 21:21:06,112578,112672.48968092138,-0.0008386224640013625
2025-08-02 22:21:30,112555,112580.63550000002,-0.00022770789919744684
2025-08-02 22:22:05,112569,112702.36219273087,-0.0011833131989089055
2025-08-02 23:23:37,112447,112578.43850000005,-0.0011675281852487893
2025-08-02 23:24:11,112400,112686.89337509443,-0.002545933839345996
2025-08-03 02:05:27,113340,112804.2325,0.004749533666655653
2025-08-03 02:06:03,113348,112872.80194582096,0.004210031522094537
2025-08-03 04:10:05,113538,113112.8,0.003759079432212774
2025-08-03 04:10:40,113538,113239.45068396581,0.002636442637534446
2025-08-03 05:28:40,113599,113350.60600000003,0.0021913777858406074
2025-08-03 05:29:14,113599,113335.02203170153,0.002329182661866229
2025-08-03 06:32:06,113586,113490.71300000003,0.0008396017390424491
2025-08-03 06:32:40,113586,113424.89597602341,0.001420358578161196
2025-08-03 07:20:48,113629,113535.58150000006,0.0008228125382873167
2025-08-03 07:21:22,113636,113469.42994940605,0.0014679729215896855
2025-08-03 08:27:59,113688,113586.37700000007,0.0008946759522044976
2025-08-03 08:28:33,113688,113556.15162301993,0.001161085287724191
2025-08-03 09:22:37,113640,113604.38400000003,0.0003135090279611517
2025-08-03 09:23:12,113660,113589.9354668201,0.0006168199047913745
2025-08-03 10:23:08,113771,113649.11000000006,0.0010725116985072839
2025-08-03 10:23:43,113752,113630.87875188216,0.0010659184321042752
2025-08-03 11:19:41,114076,113742.29350000003,0.0029338822853960745
2025-08-03 11:20:16,114137,113766.84381822702,0.003253638488595194
2025-08-03 12:46:05,114039,113814.28550000009,0.001974396263287304
2025-08-03 12:46:39,114017,113819.41349179704,0.0017359649126746134
2025-08-03 13:33:46,113888,113851.0665000001,0.00032440187988838284
2025-08-03 13:34:20,113924,113850.81690645847,0.000642798141726668
2025-08-03 14:19:46,113875,113879.23750000009,-3.72104704344391e-05
2025-08-03 14:20:21,113794,113846.93525171801,-0.00046496861422723137
2025-08-03 15:22:28,113827,113885.98600000008,-0.0005179390552941004
2025-08-03 15:23:03,113833,113823.36774190502,8.46246099203404e-05
2025-08-03 16:27:28,113853,113866.21200000006,-0.00011603090827380588
2025-08-03 16:28:03,113853,113842.13986262554,9.539646204441959e-05
2025-08-03 17:20:01,114048,113907.23200000008,0.0012358126655199868
2025-08-03 17:20:35,114060,113909.63614189794,0.001320027551617801
2025-08-03 18:31:51,114319,113955.47800000003,0.0031900353223911536
2025-08-03 18:32:26,114305,114012.33910377046,0.0025669230061421016
2025-08-03 19:18:10,114424,114045.84000000001,0.0033158596578357342
2025-08-03 19:18:45,114424,114115.7560836688,0.0027011512424734026
2025-08-03 20:25:08,114208,114148.38700000003,0.0005222412823053595
2025-08-03 20:25:42,114208,114178.09238698448,0.0002619382789664179
2025-08-03 21:21:02,114496,114262.54550000004,0.0020431410746049182
2025-08-03 21:21:37,114496,114272.45226042849,0.001956269732113957
2025-08-03 22:22:05,114175,114315.60850000006,-0.0012300026378292885
2025-08-03 22:22:39,114155,114272.5720536777,-0.0010288737845374296
2025-08-03 23:22:29,114381,114359.72350000011,0.0001860488933404144
2025-08-03 23:23:04,114413,114298.06281340097,0.0010055917289400397
2025-08-04 02:05:40,114613,114445.91900000008,0.0014599122577705734
2025-08-04 02:06:14,114608,114496.74909004109,0.0009716512551061107
2025-08-04 04:16:10,114586,114591.10650000002,-4.456279510682197e-05
2025-08-04 04:16:45,114594,114581.94563076367,0.00010520304197986689
2025-08-04 05:37:31,114188,114590.53899999992,-0.003512846728122269
2025-08-04 05:38:06,114217,114473.36427682906,-0.0022395102865073284
2025-08-04 06:41:09,114310,114493.51949999994,-0.0016028811132837678
2025-08-04 06:41:43,114315,114418.21574368345,-0.000902091882945232
2025-08-04 07:31:05,114496,114473.59299999995,0.00019573946630687292
2025-08-04 07:31:40,114496,114446.28540304072,0.0004343924032501731
2025-08-04 08:34:08,114452,114449.46299999999,2.2166989110391686e-05
2025-08-04 08:34:43,114434,114486.58232798429,-0.00045928812717676117
2025-08-04 09:34:43,114622,114464.6195,0.0013749270358601883
2025-08-04 09:35:18,114605,114530.45561207963,0.0006508695658458941
2025-08-04 10:27:33,114373,114468.99350000003,-0.0008385982707188383
2025-08-04 10:28:09,114386,114486.26464378694,-0.0008757788028014065
2025-08-04 11:20:50,114238,114468.65100000003,-0.002014970893646917
2025-08-04 11:21:24,114238,114418.42723687834,-0.0015769071576626995
2025-08-04 12:51:14,114328,114443.45300000007,-0.0010088213608869941
2025-08-04 12:51:50,114347,114426.69496524568,-0.0006964717915682857
2025-08-04 13:43:15,114599,114428.20450000004,0.0014925996675929992
2025-08-04 13:43:50,114626,114430.30993237907,0.001710124421899876
2025-08-04 14:27:09,115324,114525.04250000007,0.006976268967548568
2025-08-04 14:27:43,115382,114635.88117332775,0.0065085976487948395
2025-08-04 15:27:02,114866,114623.76950000008,0.0021132658702165403
2025-08-04 15:27:40,114833,114721.99982907728,0.0009675578449477812
2025-08-04 16:31:45,114964,114757.93800000005,0.001795623061822068
2025-08-04 16:32:21,115020,114794.30541167855,0.0019660782606947098
2025-08-04 17:25:42,115485,114916.84400000007,0.004944061986247461
2025-08-04 17:26:17,115482,114979.48799066634,0.004370449182852957
2025-08-04 18:35:11,115217,115105.81450000001,0.0009659416466749585
2025-08-04 18:35:46,115205,115065.62732334182,0.001211245094649647
2025-08-04 19:21:15,115026,115068.97600000002,-0.0003734803375674796
2025-08-04 19:21:51,115030,115038.20080957437,-7.128770718468429e-05
2025-08-04 20:27:02,114750,115037.34300000004,-0.002497823684957997
2025-08-04 20:27:36,114718,114934.23288366156,-0.0018813618731021427
2025-08-04 21:23:07,114944,115054.52050000003,-0.0009605924175750035
2025-08-04 21:23:41,114939,114941.20585267233,-1.9191139121631573e-05
2025-08-04 22:23:29,115151,115016.5415,0.0011690361946763402
2025-08-04 22:24:05,115169,115025.5182087779,0.0012473909568629508
2025-08-04 23:22:54,115268,115028.228,0.0020844622591247534
2025-08-04 23:23:29,115268,115104.57823557964,0.0014197677184124824
2025-08-05 02:00:07,114695,115049.27299999993,-0.0030793154164470773
2025-08-05 02:00:41,114711,114959.08905590029,-0.0021580638637424395
2025-08-05 03:51:44,114270,114805.62999999996,-0.0046655377440981
2025-08-05 03:52:19,114270,114700.45746268898,-0.003752883573537661
2025-08-05 04:51:05,114366,114621.62649999997,-0.0022301768680622366
2025-08-05 04:51:39,114330,114570.19307641924,-0.0020964709054738686
2025-08-05 05:31:06,114394,114541.40149999995,-0.001286884026820198
2025-08-05 05:31:40,114394,114528.65386219915,-0.0011757220368726672
2025-08-05 06:37:00,114395,114435.83399999992,-0.0003568287884362802
2025-08-05 06:37:34,114362,114482.4325045166,-0.0010519736686399714
2025-08-05 07:28:06,114280,114369.85649999997,-0.0007856659328759876
2025-08-05 07:28:40,114252,114416.6222741454,-0.0014387968362757392
2025-08-05 08:32:39,114429,114286.68799999997,0.0012452193907310928
2025-08-05 08:33:15,114429,114330.30287083791,0.0008632630779749398
2025-08-05 09:29:38,114577,114301.50749999995,0.0024102263043210637
2025-08-05 09:30:13,114577,114369.72068608973,0.001812361809286842
2025-08-05 10:26:19,114800,114373.63299999996,0.00372784346196332
2025-08-05 10:26:53,114889,114483.0046782137,0.0035463370561198645
2025-08-05 11:20:59,114805,114472.24299999999,0.0029068793558977646
2025-08-05 11:21:33,114792,114601.51078204461,0.0016621876679939153
2025-08-05 12:51:22,114007,114581.37499999997,-0.005012812946257374
2025-08-05 12:51:56,114022,114542.1798646716,-0.00454138261805549
2025-08-05 13:42:50,114280,114569.79949999996,-0.002529458035753695
2025-08-05 13:43:24,114335,114438.73238489844,-0.0009064447214387933
2025-08-05 14:26:54,113340,114478.23350000002,-0.009942794059623714
2025-08-05 14:27:28,113307,114271.54221023334,-0.008440791045410097
2025-08-05 15:27:14,112888,114118.78900000002,-0.010785156509153095
2025-08-05 15:27:48,112906,113848.9544380406,-0.008282504153815304
2025-08-05 16:25:05,113109,113744.454,-0.005586681175681743
2025-08-05 16:25:39,113137,113576.98086011529,-0.0038738559238265372
2025-08-05 17:21:49,113253,113428.46150000002,-0.0015468912976486012
2025-08-05 17:22:25,113279,113455.45940980711,-0.0015553188072662903
2025-08-05 18:36:31,113466,113288.56800000001,0.0015661950992264825
2025-08-05 18:37:06,113497,113468.98144487894,0.00024692699946963603
2025-08-05 19:22:55,113686,113256.08200000001,0.0037959815703318303
2025-08-05 19:23:32,113646,113505.08587079933,0.0012414785480279519
2025-08-05 20:24:13,113895,113399.30750000002,0.00437121276071263
2025-08-05 20:24:49,113872,113581.04349321361,0.0025616643221258325
2025-08-05 21:22:07,113831,113544.9815,0.002518988476826742
2025-08-05 21:22:41,113831,113634.61101943873,0.0017282496837840696
2025-08-05 22:23:34,113797,113646.56499999997,0.001323709167980808
2025-08-05 22:24:08,113797,113664.58798004502,0.0011649364354202037
2025-08-05 23:22:55,114084,113758.03349999999,0.002865437191299633
2025-08-05 23:23:29,114103,113788.67243306088,0.00276238012288988
2025-08-06 01:58:14,113868,113886.59850000005,-0.00016330718666648895
2025-08-06 01:58:48,113880,113849.95228590917,0.0002639238180388085
2025-08-06 03:48:19,113589,113805.22649999999,-0.0018999698577111463
2025-08-06 03:48:55,113611,113704.56729100889,-0.0008228982637911096
2025-08-06 04:48:31,113404,113662.54749999999,-0.002274693869587835
2025-08-06 04:49:05,113426,113606.52802761813,-0.001589063857089641
2025-08-06 05:31:57,113928,113655.47199999998,0.002397843194034866
2025-08-06 05:32:33,113949,113691.34494799022,0.0022662679567002123
2025-08-06 06:37:09,114074,113724.56049999988,0.0030726827913318206
2025-08-06 06:37:43,114043,113824.86337555017,0.0019164233365264126
2025-08-06 07:27:21,114247,113797.34099999994,0.00395140164127436
2025-08-06 07:27:55,114240,113921.2446441085,0.0027980325960034157
2025-08-06 08:32:30,113955,113930.09349999993,0.00021861212639196243
2025-08-06 08:33:04,113967,113989.87633991984,-0.00020068747027690754
2025-08-06 09:30:23,114101,114009.23949999995,0.0008048514348703085
2025-08-06 09:30:58,114100,113991.3358957724,0.0009532663458471882
2025-08-06 10:26:02,113901,114071.81499999994,-0.001497433875317441
2025-08-06 10:26:37,113901,113995.78654362721,-0.0008314916410610992
2025-08-06 11:20:47,114243,114088.34749999999,0.0013555503553946302
2025-08-06 11:21:21,114243,114050.47968285624,0.0016880272461729923
2025-08-06 12:51:14,113929,114084.18100000001,-0.0013602324059284905
2025-08-06 12:51:49,113928,114071.76072560744,-0.0012602656844514588
2025-08-06 13:43:45,114110,114067.54449999999,0.00037219614208501653
2025-08-06 13:44:19,114051,114037.08508106397,0.00012202099804761608
2025-08-06 14:26:54,113938,114087.36000000003,-0.0013091721992693113
2025-08-06 14:27:29,113956,114073.5509094018,-0.0010304834772362369
2025-08-06 15:26:54,114950,114196.61850000003,0.006597231248138699
2025-08-06 15:27:30,114890,114266.21023163869,0.005459092124406462
2025-08-06 16:30:42,115129,114475.13650000005,0.005711838570290312
2025-08-06 16:31:17,115147,114639.58898609788,0.004426141251811833
2025-08-06 17:23:56,115195,114670.69500000004,0.004572266698130362
2025-08-06 17:24:31,115195,114802.91248989929,0.0034153097826260153
2025-08-06 18:33:14,115500,115060.76350000007,0.0038174307786505
2025-08-06 18:33:49,115514,115091.86500694802,0.0036678091281820402
2025-08-06 19:20:47,115451,115235.54950000005,0.0018696530795815573
2025-08-06 19:21:23,115451,115166.0989973097,0.0024738269783450184
2025-08-06 20:26:11,115219,115308.5125,-0.0007762870065642126
2025-08-06 20:26:47,115219,115187.69779417706,0.00027174955678749795
2025-08-06 21:20:00,115213,115285.53600000001,-0.0006291856074642991
2025-08-06 21:20:34,115200,115169.264318927,0.00026687398981628166
2025-08-06 22:23:52,115096,115262.74399999995,-0.0014466426376240698
2025-08-06 22:24:27,115096,115129.46046778584,-0.0002906334108567002
2025-08-06 23:23:02,115000,115170.29299999995,-0.0014786191435663622
2025-08-06 23:23:36,115006,115105.68469107122,-0.0008660275236515043
2025-08-07 01:58:31,114716,115015.41850000003,-0.0026032900971449213
2025-08-07 01:59:06,114715,115001.10836129019,-0.0024878748158786517
2025-08-07 03:48:25,114617,114825.90650000004,-0.0018193324691936213
2025-08-07 03:48:59,114624,114782.48581018437,-0.0013807490669478864
2025-08-07 04:48:07,114426,114719.87350000002,-0.002561661646183876
2025-08-07 04:48:42,114426,114681.0008416809,-0.002223566587397791
2025-08-07 05:30:11,114464,114640.20350000002,-0.0015370131473991825
2025-08-07 05:30:46,114494,114612.83619744281,-0.0010368489375665855
2025-08-07 06:36:44,114536,114560.7375,-0.00021593349117539427
2025-08-07 06:37:18,114536,114605.52909732294,-0.0006066818753910036
2025-08-07 07:27:07,114782,114556.06099999999,0.0019723007061146513
2025-08-07 07:27:41,114820,114646.3699900211,0.001514483275781048
2025-08-07 08:32:39,115065,114655.93499999998,0.003567761232770174
2025-08-07 08:33:14,115044,114767.19991409949,0.002411839672900356
2025-08-07 09:29:01,115009,114715.76849999998,0.0025561568721916687
2025-08-07 09:29:36,115016,114818.2428304409,0.0017223497301830622
2025-08-07 10:25:41,115616,114896.85049999994,0.006259088015646331
2025-08-07 10:26:17,115655,114989.53581320438,0.005787171694271744
2025-08-07 11:21:00,116612,115281.32650000001,0.011542836471438327
2025-08-07 11:21:34,116540,115487.93905988729,0.009109703997463834
2025-08-07 12:50:42,116042,115786.661,0.0022052540231729044
2025-08-07 12:51:17,116198,115895.52781145886,0.0026098693733308635
2025-08-07 13:42:05,116666,116008.25399999999,0.005669820700861628
2025-08-07 13:42:40,116726,116054.03991112097,0.005790062021051962
2025-08-07 14:26:12,116353,116225.80200000003,0.0010944041496050493
2025-08-07 14:26:47,116398,116142.30195000005,0.00220159275050384
2025-08-07 15:26:42,116540,116439.88999999998,0.0008597569097670493
2025-08-07 15:27:17,116540,116237.90672016314,0.0025989222308014687
2025-08-07 16:31:09,116679,116475.89150000003,0.0017437814588435491
2025-08-07 16:31:46,116656,116415.23926970789,0.0020681203921620716
2025-08-07 17:23:34,116493,116445.8975,0.0004045011547100111
2025-08-07 17:24:08,116461,116365.15874943801,0.000823624971529165
2025-08-07 18:35:37,116279,116432.80050000001,-0.0013209379087296977
2025-08-07 18:36:11,116251,116351.20595935493,-0.0008612369638002702
2025-08-07 19:21:35,116572,116454.66799999998,0.0010075336782551646
2025-08-07 19:22:11,116588,116407.60864032747,0.0015496526539764243
2025-08-07 20:26:22,117454,116641.302,0.00696749767076506
2025-08-07 20:26:57,117454,116724.99379116199,0.006245502228445654
2025-08-07 21:21:03,117337,116761.41549999997,0.004929577956341464
2025-08-07 21:21:37,117325,116912.47603886347,0.0035284853688274964
2025-08-07 22:23:17,117381,116955.11899999998,0.0036414053838893803
2025-08-07 22:23:54,117386,117038.43666325958,0.0029696512244129177
2025-08-07 23:22:51,117327,117172.27500000007,0.0013204915582626774
2025-08-07 23:23:26,117325,117165.89972495438,0.0013579059728053187
2025-08-08 01:57:57,116882,117274.51200000006,-0.0033469506144699237
2025-08-08 01:58:32,116856,117146.5601409023,-0.0024803130416532174
2025-08-08 03:47:52,116731,117051.062,-0.0027343792916633713
2025-08-08 03:48:28,116731,116949.34095491424,-0.001866970374791695
2025-08-08 04:48:31,116765,116928.4555,-0.0013979103657962573
2025-08-08 04:49:07,116761,116890.77684442984,-0.0011102402425005864
2025-08-08 05:30:11,116658,116822.03,-0.0014041016065206094
2025-08-08 05:30:47,116656,116829.08435464045,-0.0014815176853996753
2025-08-08 06:36:48,116631,116727.93149999999,-0.0008304053601771527
2025-08-08 06:37:24,116665,116750.75153361853,-0.0007344837826918764
2025-08-08 07:27:05,116851,116719.45,0.0011270615137408796
2025-08-08 07:27:39,116882,116762.92025221427,0.0010198421513311594
2025-08-08 08:32:08,116579,116720.07199999997,-0.0012086353065304059
2025-08-08 08:32:42,116599,116764.86954085797,-0.0014205431951424873
2025-08-08 09:29:14,116498,116684.92950000001,-0.001602002082025622
2025-08-08 09:29:48,116498,116709.13220805961,-0.001809046165155484
2025-08-08 10:25:31,116527,116665.69750000001,-0.0011888455901959468
2025-08-08 10:26:06,116500,116670.22759851364,-0.001459049168048467
2025-08-08 11:20:44,116824,116678.88750000003,0.0012436911519230398
2025-08-08 11:21:19,116824,116668.04099262087,0.0013367757446874204
2025-08-08 12:49:39,116556,116639.43399999996,-0.0007153155424259411
2025-08-08 12:50:14,116550,116659.6815036931,-0.0009401834659528089
2025-08-08 13:40:11,116751,116636.10799999996,0.0009850465860883856
2025-08-08 13:40:47,116830,116666.49199906651,0.0014014992491143106
2025-08-08 14:24:13,116694,116671.82099999997,0.0001900973157865843
2025-08-08 14:24:47,116759,116704.91833409715,0.000463405198982508
2025-08-08 15:25:03,116458,116645.16099999993,-0.0016045329132850584
2025-08-08 15:25:37,116484,116628.0882513569,-0.001235450683598234
2025-08-08 16:27:23,116168,116531.73999999992,-0.003121381350693967
2025-08-08 16:27:57,116166,116440.79512069044,-0.0023599557217521216
2025-08-08 17:17:57,116327,116436.62049999999,-0.0009414606807485451
2025-08-08 17:18:31,116345,116390.0827003967,-0.0003873414242066272
2025-08-08 18:31:27,116634,116441.02850000001,0.0016572466121766098
2025-08-08 18:32:02,116624,116489.99525792338,0.0011503540864596761
2025-08-08 19:17:29,116686,116398.18150000002,0.0024727061564959185
2025-08-08 19:18:03,116679,116503.99159699933,0.0015021665833222552
2025-08-08 20:24:53,116478,116397.60900000003,0.0006906585168770446
2025-08-08 20:25:28,116478,116479.23400282794,-1.0594187354573662e-05
2025-08-08 21:20:18,116756,116543.2385000001,0.0018256014054380835
2025-08-08 21:20:54,116764,116591.09312274927,0.001483019608270515
2025-08-08 22:21:09,116935,116679.10000000005,0.002193194839520963
2025-08-08 22:21:42,116935,116709.35866147434,0.0019333611384169495
2025-08-08 23:21:11,116858,116727.01150000002,0.0011221781344070273
2025-08-08 23:21:47,116858,116769.4129276876,0.000758649633421169
2025-08-09 01:47:36,116617,116769.43850000005,-0.0013054657276616727
2025-08-09 01:48:11,116605,116681.63442580299,-0.0006567822449531856
2025-08-09 03:21:26,116435,116626.74499999997,-0.001644091155934827
2025-08-09 03:22:01,116435,116568.86399176563,-0.0011483683308012819
2025-08-09 04:30:52,116458,116531.26350000003,-0.0006287025283994284
2025-08-09 04:31:26,116490,116530.23612876373,-0.00034528488142143726
2025-08-09 05:21:07,116796,116515.24949999996,0.0024095601322987204
2025-08-09 05:21:42,116859,116553.53800726547,0.002620786961572051
2025-08-09 06:32:03,116580,116540.53749999993,0.0003386160802636333
2025-08-09 06:32:38,116577,116602.68357734181,-0.00022026574821305556
2025-08-09 07:20:01,116830,116581.18849999997,0.0021342336889971347
2025-08-09 07:20:37,116842,116642.93317124416,0.0017066342841669225
2025-08-09 08:27:27,116828,116651.40649999997,0.0015138565860329497
2025-08-09 08:28:02,116842,116694.67913483144,0.00126244715063948
2025-08-09 09:22:04,117296,116777.05099999993,0.004443929655322999
2025-08-09 09:22:39,117256,116844.54917303995,0.0035213523426815027
2025-08-09 10:21:41,117851,117011.83549999988,0.007171620686183632
2025-08-09 10:22:15,117872,117127.07700874137,0.006359955445682606
2025-08-09 11:18:05,117266,117139.0274999999,0.0010839470218421052
2025-08-09 11:18:41,117272,117194.37813827807,0.0006623343453415581
2025-08-09 12:42:21,117010,117243.33799999992,-0.0019902026330904724
2025-08-09 12:42:56,117027,117173.38255140206,-0.0012492816048716665
2025-08-09 13:30:40,117003,117267.24849999991,-0.0022533870571706505
2025-08-09 13:31:15,116955,117114.1649497323,-0.0013590580592929208
2025-08-09 14:19:58,116898,117219.56749999992,-0.0027432919849317613
2025-08-09 14:20:33,116902,117075.14811271658,-0.0014789484831560773
2025-08-09 15:21:33,116955,117093.92799999993,-0.001186466304212864
2025-08-09 15:22:08,116912,117026.50893950567,-0.000978487186735307
2025-08-09 16:26:36,116730,116978.40749999997,-0.002123532926364826
2025-08-09 16:27:10,116730,116952.04572553221,-0.0018986048867697164
2025-08-09 17:18:36,116764,116886.57749999993,-0.0010486875620934896
2025-08-09 17:19:11,116741,116875.6987082148,-0.0011524954263681297
2025-08-09 18:30:29,116669,116800.34849999992,-0.0011245557199679084
2025-08-09 18:31:03,116658,116794.10810208751,-0.0011653678794185751
2025-08-09 19:16:54,116635,116750.06799999997,-0.0009855925737017148
2025-08-09 19:17:30,116622,116749.18192315224,-0.0010893602940700133
2025-08-09 20:23:22,116567,116676.818,-0.0009412152463739566
2025-08-09 20:23:56,116566,116683.14261906105,-0.0010039378133951187
2025-08-09 21:19:53,116631,116674.39849999997,-0.0003719624918397724
2025-08-09 21:20:27,116626,116712.09628176475,-0.0007376808789116415
2025-08-09 22:20:48,116630,116626.68400000001,2.843260123893789e-05
2025-08-09 22:21:22,116630,116645.17829941842,-0.0001301236762608079
2025-08-09 23:21:00,116514,116602.9915,-0.000763200830915249
2025-08-09 23:21:34,116514,116613.09169793027,-0.0008497476268526871
2025-08-10 02:01:48,116584,116559.50250000002,0.0002101716245741793
2025-08-10 02:02:22,116584,116599.61882064946,-0.00013395258755931073
2025-08-10 04:04:29,118661,117085.69150000003,0.013454321188340675
2025-08-10 04:05:04,118640,117369.84970448237,0.010821776620790188
2025-08-10 05:25:21,118052,117555.92400000004,0.004219914940228424
2025-08-10 05:25:55,118009,117750.29859308267,0.0021970339779038882
2025-08-10 06:31:45,117840,117889.77300000004,-0.00042219947272308924
2025-08-10 06:32:19,117815,117834.52573747252,-0.00016570472321517088
2025-08-10 07:20:04,118153,118115.87200000002,0.00031433540108803004
2025-08-10 07:20:38,118153,117926.458281682,0.001921042331118544
2025-08-10 08:27:52,118070,118157.04200000002,-0.0007366636683407817
2025-08-10 08:28:27,118076,117913.29778297567,0.0013798462097446313
2025-08-10 09:22:18,118311,118110.673,0.0016960956610585461
2025-08-10 09:22:52,118330,118036.67687604656,0.0024850167906833105
2025-08-10 10:22:40,118240,118094.25150000001,0.001234170996036898
2025-08-10 10:23:15,118230,118084.56284382503,0.0012316356403615843
2025-08-10 11:17:50,117976,118092.585,-0.000987233872473927
2025-08-10 11:18:24,117966,118069.09030030665,-0.0008731353823802687
2025-08-10 12:42:43,118678,118235.965,0.0037385832644069297
2025-08-10 12:43:18,118678,118263.00255302113,0.0035091062971516845
2025-08-10 13:31:01,118552,118342.37700000001,0.0017713265975719949
2025-08-10 13:31:36,118510,118354.28729636656,0.001315649033004845
2025-08-10 14:19:55,118579,118380.1875,0.0016794406580915408
2025-08-10 14:20:30,118580,118409.93370479043,0.0014362502358422765
2025-08-10 15:21:30,118681,118509.44799999997,0.0014475807869767919
2025-08-10 15:22:05,118646,118545.82864410104,0.0008450011024824224
2025-08-10 16:26:35,118713,118639.39099999999,0.0006204431713579118
2025-08-10 16:27:10,118713,118620.05828958342,0.0007835244035176677
2025-08-10 17:18:00,118505,118675.63500000001,-0.001437826728291863
2025-08-10 17:18:34,118518,118624.27667460543,-0.0008959099906417136
2025-08-10 18:29:44,118434,118656.43649999998,-0.0018746264978215627
2025-08-10 18:30:18,118434,118565.45121479532,-0.0011086805932799225
2025-08-10 19:17:09,118648,118658.37150000001,-8.740639087574518e-05
2025-08-10 19:17:45,118649,118586.14230957211,0.000530059323995862
2025-08-10 20:23:32,118254,118590.23350000002,-0.002835254557450691
2025-08-10 20:24:06,118215,118532.87057367113,-0.002681708222644981
2025-08-10 21:19:57,118320,118517.52850000001,-0.0016666606408352067
2025-08-10 21:20:32,118340,118491.6796544452,-0.0012800869638065204
2025-08-10 22:20:22,118889,118524.61849999994,0.003074310675803285
2025-08-10 22:20:56,118910,118557.26006109697,0.002975270672763966
2025-08-10 23:20:58,118895,118583.753,0.0026247018847514723
2025-08-10 23:21:32,118937,118648.93495683566,0.0024278771930750336
2025-08-11 01:58:20,119797,119027.03049999995,0.006468862549671442
2025-08-11 01:58:54,119786,119127.37572682867,0.005528739881600527
2025-08-11 03:47:22,121669,120246.91549999996,0.011826369883059839
2025-08-11 03:47:57,121714,120553.76396673884,0.0096242207218123
2025-08-11 04:46:33,121733,120766.14449999998,0.008006014467076241
2025-08-11 04:47:07,121732,120935.82632301617,0.006583439342922868
2025-08-11 05:29:17,121973,121064.23899999999,0.007506436314360455
2025-08-11 05:29:52,121952,121179.57444280159,0.0063742223947403425
2025-08-11 06:36:24,122180,121759.68149999999,0.003452033504210575
2025-08-11 06:36:58,122235,121534.95269875476,0.005760049152118646
2025-08-11 07:26:40,121994,121938.21699999999,0.00045746937565939943
2025-08-11 07:27:14,121971,121674.83102953984,0.002434102171781578
2025-08-11 08:33:26,121595,121903.8115,-0.002533239085801646
2025-08-11 08:34:01,121630,121670.28467933116,-0.0003310971075421942
2025-08-11 09:28:43,121282,121874.28099999993,-0.004859770208613007
2025-08-11 09:29:18,121331,121625.65576887295,-0.0024226448524387856
2025-08-11 10:26:07,121383,121750.52299999993,-0.0030186564373109797
2025-08-11 10:26:42,121404,121542.64130197592,-0.0011406803446986332
2025-08-11 11:20:21,120787,121541.465,-0.00620747001856524
2025-08-11 11:20:55,120787,121356.00510361297,-0.004688726389165172
2025-08-11 12:49:18,119628,120981.899,-0.011190922040329395
2025-08-11 12:49:53,119597,120762.9826954138,-0.009655133298211237
2025-08-11 13:39:16,119898,120678.36800000002,-0.006466511048608286
2025-08-11 13:39:50,119788,120476.32174320341,-0.005713336307449522
2025-08-11 14:24:10,119861,120464.71050000002,-0.005011513309534875
2025-08-11 14:24:46,119910,120372.96837495324,-0.0038461157949609406
2025-08-11 15:25:08,120124,120216.18449999997,-0.0007668227068042901
2025-08-11 15:25:42,120145,120288.57373838154,-0.0011935775271041536
2025-08-11 16:30:09,120559,120116.57249999994,0.0036833177203758763
2025-08-11 16:30:42,120555,120374.08884606232,0.001502907774189091
2025-08-11 17:21:59,119811,120023.20149999992,-0.0017680039971265302
2025-08-11 17:22:32,119732,120201.66076602838,-0.003907273518812425
2025-08-11 18:34:06,119714,120000.38649999988,-0.0023865464799971885
2025-08-11 18:34:41,119711,119968.96081769679,-0.0021502296588930396
2025-08-11 19:19:24,119555,119940.7324999999,-0.0032160258817820436
2025-08-11 19:20:01,119549,119871.79928620394,-0.0026928709515173692
2025-08-11 20:22:38,118710,119700.35299999992,-0.008273601331818262
2025-08-11 20:23:12,118750,119554.11633429861,-0.006725961087363412
2025-08-11 21:19:47,119026,119405.69849999998,-0.003179902674410335
2025-08-11 21:20:21,118999,119370.63467689576,-0.0031132839152750963
2025-08-11 22:20:53,118431,119148.02999999994,-0.006017976126000077
2025-08-11 22:21:27,118396,119111.72389703938,-0.006008845087810629
2025-08-11 23:20:28,118799,118997.1174999999,-0.0016648932693676874
2025-08-11 23:21:04,118799,119022.493862945,-0.0018777447496803308
2025-08-12 01:46:59,119042,118824.32899999994,0.0018318723264160862
2025-08-12 01:47:33,119042,118945.9636221404,0.0008073950131227223
2025-08-12 03:18:13,118929,118902.17449999996,0.00022560983525188094
2025-08-12 03:18:47,118932,118981.22381799524,-0.00041371080592125553
2025-08-12 04:29:51,119025,118930.97149999996,0.0007906140748210742
2025-08-12 04:30:26,119035,118972.76167804787,0.0005231308500726577
2025-08-12 05:21:17,118711,118962.80199999995,-0.00211664483154955
2025-08-12 05:21:52,118663,118941.18551757929,-0.00233884937642708
2025-08-12 06:33:50,118983,118925.628,0.00048241914686381163
2025-08-12 06:34:24,118940,118886.66361481295,0.00044863219780361547
2025-08-12 07:21:56,119135,118925.5935,0.0017608194656602435
2025-08-12 07:22:31,119100,118927.2001455877,0.0014529885022161397
2025-08-12 08:29:41,118826,118906.1000000001,-0.0006736407972349027
2025-08-12 08:30:15,118826,118918.57697292457,-0.0007784904199252548
2025-08-12 09:25:17,118658,118877.72850000006,-0.0018483571546377212
2025-08-12 09:25:52,118616,118867.34859098357,-0.0021145301376953416
2025-08-12 10:24:20,118500,118784.32300000009,-0.0023936071092486764
2025-08-12 10:24:55,118550,118732.81792079996,-0.0015397421201770128
2025-08-12 11:19:22,118436,118710.41250000006,-0.0023116127239475636
2025-08-12 11:19:56,118409,118614.53334606763,-0.0017327838357545397
2025-08-12 12:45:09,119136,118607.39100000003,0.004456796457144627
2025-08-12 12:45:44,119120,118662.23700158733,0.0038576973599995876
2025-08-12 13:35:26,119499,118660.90350000004,0.007062953974557894
2025-08-12 13:36:00,119554,118793.75237813752,0.006399727314299347
2025-08-12 14:22:26,119135,118681.63100000002,0.003820043558383326
2025-08-12 14:23:01,119126,118838.32143782664,0.0024207558529330494
2025-08-12 15:24:48,119738,118886.13350000003,0.0071653983094670535
2025-08-12 15:25:24,119700,119047.60773630359,0.0054800955357414164
2025-08-12 16:28:32,119759,119165.17150000003,0.0049832387477407696
2025-08-12 16:29:07,119624,119287.07362159241,0.0028245003266355643
2025-08-12 17:20:23,119783,119409.08849999995,0.0031313487498905563
2025-08-12 17:20:57,119780,119417.81954065054,0.003032884545561238
2025-08-12 18:33:24,119728,119521.25199999993,0.0017298011570366179
2025-08-12 18:33:58,119682,119470.42878717821,0.0017709086254195465
2025-08-12 19:17:57,119642,119579.77949999998,0.0005203262646928106
2025-08-12 19:18:31,119642,119476.48163057759,0.0013853636059872852
2025-08-12 20:25:09,119916,119653.053,0.0021975786944608937
2025-08-12 20:25:44,119907,119583.66933326295,0.0027038028565252634
2025-08-12 21:20:33,120080,119705.85,0.0031255782403282226
2025-08-12 21:21:07,120076,119741.67802426612,0.0027920268134719933
2025-08-12 22:20:33,119688,119758.843,-0.0005915471310957262
2025-08-12 22:21:07,119688,119771.8858487261,-0.0007003801278711725
2025-08-12 23:21:05,120169,119865.08250000005,0.002535496523768314
2025-08-12 23:21:39,120157,119879.2202993336,0.002317163057724261
2025-08-13 01:48:59,119400,119879.88499999998,-0.004003048551472837
2025-08-13 01:49:33,119400,119759.4470503749,-0.003001408734157797
2025-08-13 03:21:09,119307,119723.06949999998,-0.003475265892677295
2025-08-13 03:21:43,119319,119600.64699238609,-0.0023548952239699494
2025-08-13 04:32:13,119614,119592.227,0.00018206032738232267
2025-08-13 04:32:48,119632,119598.09413609511,0.00028349836299486705
2025-08-13 05:22:18,119500,119490.49149999996,7.957536939280172e-05
2025-08-13 05:22:53,119543,119537.07749203785,4.9545363550888606e-05
2025-08-13 06:33:49,119315,119394.2765,-0.000663989115089677
2025-08-13 06:34:23,119336,119411.02013837044,-0.0006282513815182993
2025-08-13 07:22:41,119420,119395.58549999997,0.00020448410967445745
2025-08-13 07:23:15,119417,119394.60178151455,0.00018759825110386036
2025-08-13 08:30:33,119820,119441.41249999993,0.0031696502249591793
2025-08-13 08:31:07,119833,119513.11316616772,0.002676583559391657
2025-08-13 09:25:35,119934,119484.66849999994,0.0037605787055437884
2025-08-13 09:26:11,119887,119601.75048836166,0.0023849944542918165
2025-08-13 10:24:56,120359,119645.24099999997,0.005965628001869583
2025-08-13 10:25:32,120344,119811.1056729668,0.004447787407018585
2025-08-13 11:19:37,120488,119895.69449999995,0.004940173226988114
2025-08-13 11:20:13,120547,120048.89432139434,0.004149190056445932
2025-08-13 12:46:48,120501,120306.20950000004,0.0016191225773758509
2025-08-13 12:47:22,120485,120288.61899005457,0.0016325817986293813
2025-08-13 13:36:30,120642,120409.50300000006,0.001930885803921512
2025-08-13 13:37:04,120730,120368.59167162071,0.003002513557400832
2025-08-13 14:22:43,121969,120672.52100000007,0.010743779853575225
2025-08-13 14:23:18,121960,120732.45987653591,0.010167440676015401
2025-08-13 15:20:35,120484,120754.37400000003,-0.0022390410470764827
2025-08-13 15:21:08,120486,120734.02074596673,-0.0020542738859710714
2025-08-13 16:24:04,121651,120983.3425,0.005518590296841907
2025-08-13 16:24:42,121653,120993.3773424133,0.005451725309889985
2025-08-13 17:17:47,121672,121163.50650000006,0.004196754573126673
2025-08-13 17:18:20,121694,121159.68415251083,0.004410013538963944
2025-08-13 18:31:16,121697,121490.35850000009,0.0017008880585360233
2025-08-13 18:31:50,121726,121398.1973314389,0.002700226821870645
2025-08-13 19:17:47,122000,121479.28050000004,0.004286488180179522
2025-08-13 19:18:24,122027,121507.50067823143,0.0042754506418848605
2025-08-13 20:24:36,122721,121826.80550000002,0.007339883011214499
2025-08-13 20:25:10,122721,121906.26594791452,0.00668328281364618
2025-08-13 21:20:24,122910,122121.9285,0.006453153087899406
2025-08-13 21:20:59,122804,122200.65830516964,0.004937303147120933
2025-08-13 22:21:15,123047,122349.91749999998,0.00569744969382606
2025-08-13 22:21:50,122895,122375.39749173401,0.004245971975707682
2025-08-13 23:20:45,123146,122635.10799999996,0.004165952216554792
2025-08-13 23:21:19,123200,122633.86903431272,0.00461643239461746
2025-08-14 01:49:28,123534,123292.15750000004,0.0019615400111718793
2025-08-14 01:50:04,123497,123287.82000278236,0.001696680152288498
2025-08-14 03:22:25,123611,123531.26249999998,0.0006454843768800426
2025-08-14 03:22:59,123596,123408.19393969768,0.0015218281242661117
2025-08-14 04:32:36,123254,123543.62200000005,-0.002344289371733383
2025-08-14 04:33:10,123210,123360.5323393379,-0.0012202633734086966
2025-08-14 05:23:39,122944,123412.41700000004,-0.0037955419024006697
2025-08-14 05:24:14,122883,123245.30501028849,-0.002939706386853787
2025-08-14 06:34:18,121799,122971.16799999999,-0.009532055514020902
2025-08-14 06:34:52,121701,122709.65986578217,-0.008219889671973908
2025-08-14 07:22:27,121689,122729.89050000002,-0.008481149097089946
2025-08-14 07:23:02,121640,122443.4995035371,-0.006562206297557549
2025-08-14 08:30:55,121943,122291.51650000006,-0.0028498828861939574
2025-08-14 08:31:29,121949,122226.9903115593,-0.00227437745829052
2025-08-14 09:25:57,121813,122057.77150000006,-0.0020053741518626747
2025-08-14 09:26:32,121850,122099.47032011714,-0.002043172828375761
2025-08-14 10:24:41,121628,121786.93200000003,-0.0013050004412626945
2025-08-14 10:25:16,121669,121929.6240978094,-0.00213749611497475
2025-08-14 11:19:38,120866,121566.67150000003,-0.005763680878603522
2025-08-14 11:20:12,120899,121593.68495099484,-0.005713166364477001
2025-08-14 12:47:47,119543,121303.24200000001,-0.014511087840504812
2025-08-14 12:48:22,119515,121199.07442895685,-0.01389510965237615
2025-08-14 13:36:57,118344,120792.58599999998,-0.02027099577121382
2025-08-14 13:37:33,118546,120506.97069478515,-0.01627267438123404
2025-08-14 14:21:34,118459,120262.13200000003,-0.01499334803078351
2025-08-14 14:22:09,118469,119907.91494668448,-0.01200016652215392
2025-08-14 15:24:08,118347,119692.49850000007,-0.011241293454995206
2025-08-14 15:24:46,118307,119521.57949797134,-0.010162010099539844
2025-08-14 16:29:16,117589,119044.75350000006,-0.012228623750311378
2025-08-14 16:29:51,117642,118973.54783546181,-0.011191965438429352
2025-08-14 17:19:34,117592,118405.72000000002,-0.006872303128598986
2025-08-14 17:20:05,117552,118553.97220489151,-0.008451612259434462
2025-08-14 18:32:32,117918,118100.93300000005,-0.0015489547402648218
2025-08-14 18:33:05,117948,118297.68258030694,-0.002955954611110435
2025-08-14 19:17:44,118017,118049.18550000005,-0.00027264482904924836
2025-08-14 19:18:20,118030,118252.31924139033,-0.0018800412779770258
2025-08-14 20:25:01,118014,117934.77950000002,0.000671731446277739
2025-08-14 20:25:34,118026,118184.12199366819,-0.001337929249723239
2025-08-14 21:20:20,118148,117963.747,0.0015619459765040947
2025-08-14 21:20:55,118170,118140.04677082015,0.0002535400145723616
2025-08-14 22:20:48,118139,117951.86800000002,0.0015865115421485586
2025-08-14 22:21:24,118132,118038.6099173211,0.0007911825015926334
2025-08-14 23:20:39,118456,118063.6255,0.00332341564421978
2025-08-14 23:21:14,118484,118146.3013440263,0.0028583091652642123
2025-08-15 01:49:58,118714,118237.74500000007,0.004027943868516197
2025-08-15 01:50:32,118631,118306.54567305525,0.0027424883813393385
2025-08-15 03:22:51,118872,118496.58700000009,0.003168133441682273
2025-08-15 03:23:25,118881,118531.32834544683,0.0029500357368314194
2025-08-15 04:32:52,119117,118680.40650000008,0.0036787327653778727
2025-08-15 04:33:26,119157,118757.0626948252,0.003367692801585469
2025-08-15 05:22:37,118652,118732.0385000001,-0.0006741103834420977
2025-08-15 05:23:12,118693,118734.910982255,-0.00035297943888851755
2025-08-15 06:33:27,119138,118891.30899999998,0.0020749287906319607
2025-08-15 06:34:02,119131,118836.93865170771,0.0024744944764534876
2025-08-15 07:21:20,118940,118930.79899999996,7.7364316706933e-05
2025-08-15 07:21:56,118936,118874.47581066187,0.0005175559254294821
2025-08-15 08:29:23,119080,118949.1139999999,0.0011003528786275834
2025-08-15 08:29:58,119072,118898.38692187252,0.0014601802650322279
2025-08-15 09:23:45,118800,118925.30099999993,-0.0010536109553335002
2025-08-15 09:24:19,118800,118906.25296697422,-0.0008935860337280413
2025-08-15 10:23:10,119000,118923.94299999994,0.0006395432078808466
2025-08-15 10:23:44,118960,118874.43818771624,0.0007197662810288151
2025-08-15 11:18:37,119025,118937.01449999996,0.0007397654999994885
2025-08-15 11:19:13,119040,118915.50056600674,0.0010469571536147536
2025-08-15 12:42:41,118711,118916.178,-0.0017254002226677677
2025-08-15 12:43:16,118616,118892.69282861632,-0.002327248395451594
2025-08-15 13:32:06,118301,118806.04950000004,-0.004251041947153013
2025-08-15 13:32:41,118392,118764.47224030948,-0.003136226122874638
2025-08-15 14:21:08,118110,118703.33750000007,-0.004998490459462158
2025-08-15 14:21:42,118010,118591.66436818766,-0.004904766041412364
2025-08-15 15:22:38,117261,118434.38950000005,-0.00990750663682906
2025-08-15 15:23:14,117225,118194.78828591612,-0.008205000406364588
2025-08-15 16:27:21,117111,118155.75300000007,-0.008842167846030055
2025-08-15 16:27:57,117148,117910.95664643377,-0.006470617049792592
2025-08-15 17:19:21,117170,117786.5805,-0.005234726208899463
2025-08-15 17:19:56,117150,117674.92258971013,-0.004460785511118141
2025-08-15 18:31:55,117355,117406.84349999993,-0.00044157136376747874
2025-08-15 18:32:31,117369,117564.28667109854,-0.0016611053971252337
2025-08-15 19:16:57,117392,117307.05799999996,0.0007240996530663922
2025-08-15 19:17:31,117364,117477.69009856161,-0.0009677590567726057
2025-08-15 20:23:59,117088,117222.33999999994,-0.0011460272845597382
2025-08-15 20:24:35,117084,117320.81188670102,-0.0020184985331478415
2025-08-15 21:18:33,117119,117251.25599999998,-0.001127970859433518
2025-08-15 21:19:07,117074,117274.36295296864,-0.0017084974748402346
2025-08-15 22:20:43,117330,117258.02949999998,0.0006137788627944232
2025-08-15 22:21:19,117330,117295.29122302569,0.0002959093806102841
2025-08-15 23:20:24,117176,117241.28050000002,-0.0005568047339778294
2025-08-15 23:20:58,117196,117334.26344131905,-0.0011783722611273008
2025-08-16 01:44:33,117758,117434.16449999996,0.0027575918931159495
2025-08-16 01:45:08,117797,117531.2774450154,0.002260866730636168
2025-08-16 03:15:59,117598,117559.20199999998,0.00033002946039072584
2025-08-16 03:16:35,117598,117557.3462477878,0.00034582060168748835
2025-08-16 04:27:53,117682,117583.45899999999,0.000838051549410636
2025-08-16 04:28:28,117700,117553.62207413014,0.0012452013241885163
2025-08-16 05:20:42,117639,117661.79500000001,-0.00019373323345961877
2025-08-16 05:21:17,117639,117616.19598166079,0.00019388501854600588
2025-08-16 06:30:23,117459,117598.96600000006,-0.0011901975396625382
2025-08-16 06:30:58,117477,117565.02026705068,-0.000748694355266089
2025-08-16 07:19:31,117440,117554.11100000003,-0.0009707104160741217
2025-08-16 07:20:05,117440,117523.22951808,-0.0007081963150714392
2025-08-16 08:26:59,117560,117559.34400000004,5.5801604333469365e-06
2025-08-16 08:27:35,117548,117545.3922055747,2.2185424510252043e-05
2025-08-16 09:21:17,117660,117575.4425,0.0007191765406283318
2025-08-16 09:21:51,117660,117577.75855793884,0.0006994642785321868
2025-08-16 10:20:42,117305,117510.85499999998,-0.0017517956107117203
2025-08-16 10:21:17,117275,117509.10216479763,-0.0019922045227553507
2025-08-16 11:16:40,117523,117499.95199999993,0.00019615327162063862
2025-08-16 11:17:16,117531,117492.89294011351,0.00032433502089282255
2025-08-16 12:40:48,117707,117499.55199999994,0.0017655216251383006
2025-08-16 12:41:23,117665,117491.39063003902,0.0014776348209856887
2025-08-16 13:28:24,117720,117523.36299999997,0.0016731736990885089
2025-08-16 13:28:58,117748,117552.99629105256,0.0016588578351896751
2025-08-16 14:18:24,117550,117520.616,0.0002500327261729591
2025-08-16 14:18:57,117604,117579.28142937494,0.00021022896487003683
2025-08-16 15:19:58,117750,117598.80449999994,0.0012856890904878197
2025-08-16 15:20:32,117750,117644.2692291667,0.0008987328624340884
2025-08-16 16:24:44,117745,117656.27049999996,0.000754141701270779
2025-08-16 16:25:18,117747,117669.43550274565,0.0006591728508168331
2025-08-16 17:17:20,117662,117714.66099999993,-0.00044736143784107407
2025-08-16 17:17:54,117662,117685.6119854822,-0.0002006361277631417
2025-08-16 18:28:13,117696,117714.31649999999,-0.0001556012942570691
2025-08-16 18:28:47,117696,117693.31284330142,2.2831855384654867e-05
2025-08-16 19:16:23,117672,117713.88999999998,-0.00035586284677181996
2025-08-16 19:16:57,117672,117686.61718634034,-0.0001242043206764882
2025-08-16 20:21:57,117692,117702.11099999999,-8.590330210806391e-05
2025-08-16 20:22:32,117692,117687.11182143693,4.153537704691299e-05
2025-08-16 21:19:05,117592,117681.37200000002,-0.0007594405000650193
2025-08-16 21:19:40,117592,117664.04488780543,-0.0006122931425154243
2025-08-16 22:20:14,117464,117626.32650000004,-0.0013800184434055176
2025-08-16 22:20:49,117454,117593.31688204032,-0.001184734691853904
2025-08-16 23:19:15,117402,117573.791,-0.0014611334595819696
2025-08-16 23:19:50,117368,117538.83576900572,-0.0014534410511046153
2025-08-17 01:55:03,117446,117402.1255,0.0003737112919646873
2025-08-17 01:55:38,117446,117410.69736859223,0.00030067644770855436
2025-08-17 03:27:26,117506,117414.40100000003,0.0007801342869344694
2025-08-17 03:28:01,117557,117471.66480128461,0.0007264321899220602
2025-08-17 04:34:05,117771,117496.70650000006,0.0023344782008842217
2025-08-17 04:34:39,117779,117576.2503336896,0.0017244100380389576
2025-08-17 05:21:06,118186,117614.79750000007,0.00485655302003922
2025-08-17 05:21:40,118152,117722.23027387925,0.0036507100241041706
2025-08-17 06:31:30,118031,117798.62750000003,0.0019726248508283215
2025-08-17 06:32:05,118031,117851.16461060802,0.0015259534344542018
2025-08-17 07:19:33,118030,117872.62650000001,0.0013351149004895292
2025-08-17 07:20:07,118000,117880.47083821743,0.0010139861245262308
2025-08-17 08:27:50,117992,117951.66199999998,0.0003419875507987156
2025-08-17 08:28:24,117992,117909.2192456244,0.0007020719406441001
2025-08-17 09:20:53,118374,118065.07299999995,0.0026165824671963264
2025-08-17 09:21:28,118385,118039.75698723145,0.0029248028086494332
2025-08-17 10:21:17,118190,118109.83099999993,0.0006787665287580271
2025-08-17 10:21:51,118215,118113.89752975569,0.000855974380312359
2025-08-17 11:17:14,118301,118164.53099999996,0.0011549066276075773
2025-08-17 11:17:49,118280,118178.82999728003,0.0008560755147288053
2025-08-17 12:41:29,118228,118245.04399999997,-0.0001441413476912006
2025-08-17 12:42:03,118228,118222.2982578612,4.822899083186934e-05
2025-08-17 13:29:25,118172,118269.98849999998,-0.0008285153422499712
2025-08-17 13:29:59,118176,118200.87978097638,-0.0002104872740581959
2025-08-17 14:19:01,118350,118287.56300000001,0.0005278407840728852
2025-08-17 14:19:37,118331,118253.30869203992,0.0006569905638953832
2025-08-17 15:20:26,118152,118268.45299999994,-0.0009846497273447545
2025-08-17 15:21:00,118179,118234.0501034382,-0.0004656027886217389
2025-08-17 16:25:28,118191,118240.98599999995,-0.0004227468130208779
2025-08-17 16:26:02,118195,118219.48681093653,-0.00020713007302844278
2025-08-17 17:18:33,117749,118141.48249999997,-0.003322139621872184
2025-08-17 17:19:07,117776,118083.9170542231,-0.0026076121279217696
2025-08-17 18:29:49,117792,118086.86099999999,-0.0024969839785985155
2025-08-17 18:30:23,117818,117995.73959174618,-0.0015063221126554681
2025-08-17 19:16:52,117688,117956.63349999997,-0.002277392055275698
2025-08-17 19:17:28,117710,117907.59485489856,-0.0016758450135610783
2025-08-17 20:23:15,117600,117834.47199999995,-0.0019898421575644753
2025-08-17 20:23:49,117581,117802.05357653741,-0.0018764832176188405
2025-08-17 21:19:31,117665,117737.21249999995,-0.0006133362466004583
2025-08-17 21:20:06,117659,117761.91266327808,-0.0008739044819384465
2025-08-17 22:20:29,117773,117719.93199999999,0.00045079876532730124
2025-08-17 22:21:05,117758,117757.47659903424,4.4447365965567354e-06
2025-08-17 23:20:24,117688,117709.5265,-0.00018287814623064698
2025-08-17 23:20:59,117657,117780.21266563133,-0.0010461236471114627
2025-08-18 01:55:39,116230,117423.33599999998,-0.010162681802874187
2025-08-18 01:56:13,116300,117282.83049488565,-0.008380003200285238
2025-08-18 03:40:42,115180,116664.58049999997,-0.012725203259098572
2025-08-18 03:41:18,115140,116399.79716078544,-0.01082301852335067
2025-08-18 04:40:19,115486,116197.973,-0.006127241135264882
2025-08-18 04:40:53,115434,116062.59828881932,-0.005416028058023234
2025-08-18 05:25:30,115599,115929.628,-0.002851971542598213
2025-08-18 05:26:04,115573,115935.30036539944,-0.0031250220101863456
2025-08-18 06:36:08,115300,115520.76600000002,-0.0019110503474329263
2025-08-18 06:36:43,115338,115705.20925638844,-0.0031736622642006196
2025-08-18 07:24:22,115350,115400.15750000002,-0.000434639788078415
2025-08-18 07:24:57,115428,115584.76513387391,-0.0013562785172625343
2025-08-18 08:32:15,115397,115349.41,0.00041257254805201435
2025-08-18 08:32:50,115361,115461.25105271697,-0.0008682657757726258
2025-08-18 09:28:07,114701,115277.04899999997,-0.0049970831574632875
2025-08-18 09:28:43,114668,115306.76073797596,-0.005539664230334964
2025-08-18 10:25:54,115229,115185.47799999997,0.00037784276938127845
2025-08-18 10:26:30,115189,115236.45452173904,-0.0004118012996493947
2025-08-18 11:19:44,115074,115127.11849999994,-0.0004613899895352517
2025-08-18 11:20:19,115050,115179.89327961253,-0.0011277426633587778
2025-08-18 12:48:24,115216,115085.85399999993,0.0011308600968461876
2025-08-18 12:48:57,115234,115162.81002360773,0.0006181681080695812
2025-08-18 13:37:12,115647,115150.72849999997,0.004309755626079533
2025-08-18 13:37:48,115514,115280.4497282019,0.002025931303605634
2025-08-18 14:23:25,115291,115166.70949999992,0.0010792224640235608
2025-08-18 14:23:59,115286,115272.69140152236,0.00011545317729490447
2025-08-18 15:25:04,115660,115265.76999999997,0.0034201827654474102
2025-08-18 15:25:38,115646,115325.90676260808,0.0027755536147729097
2025-08-18 16:28:58,115983,115446.40650000004,0.0046479878955778394
2025-08-18 16:29:31,116030,115554.08862448958,0.004118516109429626
2025-08-18 17:21:25,116433,115671.62900000004,0.0065821758246350556
2025-08-18 17:21:59,116386,115754.00657129542,0.005459797439627437
2025-08-18 18:32:50,116453,115912.53300000005,0.004662714082867517
2025-08-18 18:33:24,116441,116027.38927420978,0.003564768011910742
2025-08-18 19:18:39,116278,116095.97600000011,0.0015678751863017913
2025-08-18 19:19:12,116321,116112.87584169097,0.0017924296233329735
2025-08-18 20:22:33,116388,116274.59000000011,0.0009753635768561899
2025-08-18 20:23:07,116388,116198.53617622223,0.0016305181632446336
2025-08-18 21:19:18,116589,116361.90100000004,0.0019516611369210807
2025-08-18 21:19:53,116599,116286.15438835387,0.00269030834574974
2025-08-18 22:18:24,116938,116473.32900000011,0.0039895056146277506
2025-08-18 22:18:59,116938,116440.96851982798,0.004268527533652273
2025-08-18 23:19:52,116319,116482.03150000011,-0.0013996278902477209
2025-08-18 23:20:28,116328,116447.63781904575,-0.001027395843200004
2025-08-19 01:43:34,115961,116410.33600000001,-0.003859932162724882
2025-08-19 01:44:08,115940,116296.03502583868,-0.003061454552251685
2025-08-19 03:11:38,115565,116162.68499999994,-0.005145240917941418
2025-08-19 03:12:13,115534,116055.48214460841,-0.004493386567974688
2025-08-19 04:25:10,114911,115836.33799999995,-0.007988322282770589
2025-08-19 04:25:44,114860,115692.3798998452,-0.007194768579968596
2025-08-19 05:20:41,115320,115591.50550000001,-0.0023488360915933726
2025-08-19 05:21:15,115321,115506.04323706785,-0.0016020221269986577
2025-08-19 06:32:41,115013,115298.96,-0.0024801611393546513
2025-08-19 06:33:15,115032,115329.73263312665,-0.0025815774157195367
2025-08-19 07:20:11,114815,115158.0635,-0.002979066246628955
2025-08-19 07:20:46,114829,115218.05514421941,-0.0033766855700908013
2025-08-19 08:29:00,115057,115013.05649999999,0.00038207401261445916
2025-08-19 08:29:34,115025,115127.06569384204,-0.0008865482085113434
2025-08-19 09:22:57,115420,115086.87649999998,0.0028945394134492486
2025-08-19 09:23:43,115413,115165.57840018919,0.0021483988814005347
2025-08-19 10:23:11,115511,115113.99649999996,0.003448785656573355
2025-08-19 10:23:45,115536,115252.33699197747,0.0024612343265740014
2025-08-19 11:17:49,115562,115199.75999999994,0.003144450995384571
2025-08-19 11:18:32,115562,115336.70235347298,0.0019533907414532076
2025-08-19 12:42:48,115547,115361.11999999997,0.0016112881012253853
2025-08-19 12:43:23,115547,115406.12470624213,0.0012206916584059653
2025-08-19 13:31:18,115829,115493.83199999998,0.0029020424224907504
2025-08-19 13:31:53,115858,115496.08132558566,0.0031336013331403124
2025-08-19 14:20:51,114670,115404.77049999996,-0.006366898844965472
2025-08-19 14:21:26,114651,115311.78777121964,-0.00573044425025001
2025-08-19 15:23:18,113903,115125.47750000001,-0.010618653025782309
2025-08-19 15:23:54,114035,114875.36058970357,-0.007315411985561129
2025-08-19 16:27:16,113688,114801.09049999998,-0.009695818176918596
2025-08-19 16:27:51,113670,114518.35021663908,-0.007407984965153825
2025-08-19 17:18:52,113262,114369.59049999998,-0.009684309396910683
2025-08-19 17:19:26,113221,114135.17549259315,-0.008009585902397559
2025-08-19 18:28:24,113333,113954.8615,-0.0054570861814438616
2025-08-19 18:28:59,113321,113909.24299640358,-0.005164137526769062
2025-08-19 19:16:47,112804,113493.51449999998,-0.006075364773376331
2025-08-19 19:17:22,112810,113573.60072189217,-0.006723399778105154
2025-08-19 20:23:18,113185,113377.59649999996,-0.0016987174357674451
2025-08-19 20:23:54,113135,113478.52067844845,-0.0030271867873731253
2025-08-19 21:19:24,113535,113323.5415,0.00186597151131209
2025-08-19 21:20:00,113535,113487.40550987098,0.00041938125129559607
2025-08-19 22:19:46,113096,113295.2915,-0.0017590448584529801
2025-08-19 22:20:19,113077,113418.68695508016,-0.0030126160357991988
2025-08-19 23:19:26,112942,113239.5595,-0.002627699200825689
2025-08-19 23:20:00,112904,113310.6686732216,-0.0035889707296177208
2025-08-20 01:42:00,112650,113170.32649999994,-0.004597729069907187
2025-08-20 01:42:35,112654,113135.33775893762,-0.004254530622105226
2025-08-20 03:09:36,113453,113130.29149999996,0.002852538393751395
2025-08-20 03:10:13,113425,113220.05360288362,0.001810159866512895
2025-08-20 04:25:54,113649,113241.01649999995,0.003602789100714633
2025-08-20 04:26:29,113640,113358.42302684969,0.0024839528076675546
2025-08-20 05:20:40,113506,113357.70899999996,0.0013081686398588132
2025-08-20 05:21:14,113506,113419.94466022358,0.0007587319852272483
2025-08-20 06:32:34,113658,113504.79450000003,0.0013497711764058323
2025-08-20 06:33:09,113676,113511.81132286623,0.001446445750625594
2025-08-20 07:20:36,113764,113583.49700000006,0.0015891657218472387
2025-08-20 07:21:11,113791,113567.97539499658,0.0019637983703392156
2025-08-20 08:28:12,113842,113619.81100000006,0.001955548051386392
2025-08-20 08:28:47,113857,113591.43337863057,0.002337910645816313
2025-08-20 09:23:22,113822,113690.50800000003,0.0011565785245674972
2025-08-20 09:23:57,113803,113690.46656818887,0.0009898229394953914
2025-08-20 10:22:42,113751,113721.78500000003,0.0002568988870511257
2025-08-20 10:23:16,113713,113703.60884373618,8.259329989015943e-05
2025-08-20 11:18:01,113536,113725.40150000004,-0.0016654282816494278
2025-08-20 11:18:35,113507,113681.1071720938,-0.0015315400810641008
2025-08-20 12:43:03,113849,113712.41650000002,0.0012011309248711533
2025-08-20 12:43:40,113842,113674.54739846961,0.0014730879107299603
2025-08-20 13:31:45,113209,113653.9945000001,-0.003915344128094874
2025-08-20 13:32:21,113399,113589.68587480455,-0.0016787252586886944
2025-08-20 14:21:43,112580,113467.87450000008,-0.007824897610116751
2025-08-20 14:22:19,112727,113355.49691703032,-0.005544476749022117
2025-08-20 15:23:21,114220,113498.43850000008,0.006357457508104157
2025-08-20 15:23:54,114157,113520.73580668806,0.005604827953154083
2025-08-20 16:26:42,114100,113528.4685,0.005034257112347088
2025-08-20 16:27:18,114222,113621.66607763406,0.005283621892639325
2025-08-20 17:19:05,113911,113599.41999999997,0.0027427956938515263
2025-08-20 17:19:39,113909,113719.54404323659,0.0016659929333816307
2025-08-20 18:30:55,113368,113607.08999999994,-0.0021045341448314397
2025-08-20 18:31:31,113344,113671.46956524614,-0.002880842189325035
2025-08-20 19:17:08,113904,113757.72849999994,0.0012858159346954686
2025-08-20 19:17:45,113902,113725.67810258323,0.0015504141224616133
2025-08-20 20:23:37,114079,113884.48649999997,0.001707989437174396
2025-08-20 20:24:14,114057,113875.07464922729,0.0015975871044045559
2025-08-20 21:19:30,114177,113983.61149999997,0.0016966342569346479
2025-08-20 21:20:06,114068,114003.20373991752,0.0005683722733819545
2025-08-20 22:19:09,114207,114066.01649999995,0.0012359816212223543
2025-08-20 22:19:45,114280,114109.68153557551,0.001492585573217911
2025-08-20 23:19:22,114283,114187.17199999998,0.0008392186120523519
2025-08-20 23:19:57,114271,114214.13722467014,0.0004978610941831983
2025-08-21 01:41:10,114428,114307.14800000002,0.0010572567167889133
2025-08-21 01:41:44,114367,114231.55082877027,0.001185742207358855
2025-08-21 03:08:29,114228,114280.16850000006,-0.0004564965267797794
2025-08-21 03:09:04,114368,114227.38445171373,0.001231014340048274
2025-08-21 04:25:40,113891,114187.25950000004,-0.002594505738182145
2025-08-21 04:26:16,113888,114140.16388621417,-0.0022092476270276864
2025-08-21 05:21:11,113740,114101.01150000005,-0.0031639640635442684
2025-08-21 05:21:45,113741,114021.50493009882,-0.0024601054886162206
2025-08-21 06:40:54,113712,113975.08250000006,-0.002308245751873548
2025-08-21 06:41:29,113712,113915.73980589007,-0.001788513213689704
2025-08-21 07:22:49,113671,113884.98800000008,-0.0018789833827798682
2025-08-21 07:23:25,113671,113863.87765663792,-0.0016939319177198212
2025-08-21 08:28:01,113794,113832.27750000001,-0.00033626226972407764
2025-08-21 08:28:36,113794,113871.01106852276,-0.0006763009110054667
2025-08-21 09:23:12,113352,113740.52400000006,-0.003415880165982556
2025-08-21 09:23:46,113340,113756.45344338445,-0.003660921475472316
2025-08-21 10:22:37,113437,113683.19350000005,-0.0021656103459131984
2025-08-21 10:23:13,113472,113660.526540108,-0.001658680861745521
2025-08-21 11:18:49,113500,113613.6525,-0.001000341926336683
2025-08-21 11:19:24,113500,113589.23498031554,-0.0007855936377333779
2025-08-21 12:42:26,113191,113475.999,-0.0025115355010004907
2025-08-21 12:43:01,113169,113439.60452221605,-0.0023854501552237973
2025-08-21 13:31:17,113196,113343.237,-0.0012990364833147805
2025-08-21 13:31:51,113173,113366.69430840571,-0.00170856449142622
2025-08-21 14:21:20,113810,113397.74650000001,0.0036354646606667055
2025-08-21 14:21:54,113839,113476.75485002878,0.0031922410052169984
2025-08-21 15:23:02,113016,113309.51099999998,-0.0025903474245863095
2025-08-21 15:23:35,112985,113336.24230824425,-0.003099117291086549
2025-08-21 16:31:43,112800,113165.08349999998,-0.003226114351782181
2025-08-21 16:32:18,112776,113132.22943089667,-0.003148788216131269
2025-08-21 17:18:42,112326,113026.9804999999,-0.006201886460197031
2025-08-21 17:19:15,112352,112909.62450602847,-0.004938680014817499
2025-08-21 18:29:23,112512,112871.93899999994,-0.0031889148285114553
2025-08-21 18:30:01,112518,112746.03719320681,-0.002022573909325374
2025-08-21 19:17:07,112598,112644.78949999996,-0.00041537207542081045
2025-08-21 19:17:41,112594,112678.47562721247,-0.0007497050944489679
2025-08-21 20:22:43,112340,112468.83849999995,-0.001145548417839795
2025-08-21 20:23:19,112382,112519.02470391725,-0.001217791429296696
2025-08-21 21:19:20,112304,112388.8379999999,-0.0007548614391751393
2025-08-21 21:19:53,112393,112494.44938260422,-0.0009018167843924221
2025-08-21 22:20:34,112580,112439.63349999991,0.0012483720875885917
2025-08-21 22:21:07,112600,112537.54444159869,0.0005549753081179542
2025-08-21 23:19:27,112306,112434.69299999993,-0.0011446022270005809
2025-08-21 23:20:02,112319,112489.95936671623,-0.0015197744552373803
2025-08-22 01:41:43,112831,112553.91149999993,0.002461829147537631
2025-08-22 01:42:17,112844,112580.86785471291,0.0023372723119053068
2025-08-22 03:09:11,113317,112759.22650000002,0.00494658856142456
2025-08-22 03:09:47,113325,112881.73090173304,0.003926845333837398
2025-08-22 04:24:16,113195,112921.26049999995,0.002424162631447551
2025-08-22 04:24:52,113210,112972.62873684465,0.0021011395929210076
2025-08-22 05:20:48,112902,112999.59150000001,-0.0008636447150342976
2025-08-22 05:21:23,112890,112961.4686810686,-0.0006326819392759343
2025-08-22 06:32:00,113224,113137.312,0.0007662193706705233
2025-08-22 06:32:35,113154,113060.77734863867,0.0008245357368618004
2025-08-22 07:19:33,112987,113104.4825,-0.0010387077276092771
2025-08-22 07:20:07,113012,113043.49436459386,-0.0002786039547953523
2025-08-22 08:28:13,113118,113098.57000000007,0.00017179704394082787
2025-08-22 08:28:49,113172,113101.4811908258,0.0006235003152188793
2025-08-22 09:22:43,112909,113088.00850000004,-0.0015829131874759283
2025-08-22 09:23:18,112900,113058.6521099409,-0.0014032726109862257
2025-08-22 10:22:13,112733,113067.53550000004,-0.0029587228422436225
2025-08-22 10:22:48,112702,112991.32879178839,-0.002560628279020763
2025-08-22 11:17:38,112290,112906.84450000004,-0.005463304751201646
2025-08-22 11:18:13,112300,112803.47309259194,-0.004463276517901887
2025-08-22 12:41:52,112038,112670.12149999998,-0.005610373820356441
2025-08-22 12:42:27,112099,112546.94336558731,-0.003980058029050649
2025-08-22 13:29:57,112297,112544.40099999995,-0.002198252403510988
2025-08-22 13:30:32,112314,112462.08129423365,-0.0013167219789061604
2025-08-22 14:20:25,115730,112631.66599999997,0.02750855163591412
2025-08-22 14:21:01,115730,112796.78573713264,0.026004413545108213
2025-08-22 15:21:23,116839,113016.69950000002,0.03382067001523065
2025-08-22 15:21:56,116790,113511.48144366221,0.02888270432771135
2025-08-22 16:26:07,116276,114006.04799999998,0.019910803328609547
2025-08-22 16:26:44,116301,114710.87311721321,0.013862041492457088
2025-08-22 17:18:58,116914,114642.57799999998,0.019813075033954845
2025-08-22 17:19:33,116882,115181.72246085867,0.014761695717123201
2025-08-22 18:29:42,116882,116050.84800000003,0.0071619640383840414
2025-08-22 18:30:16,116882,116061.1503051779,0.00707256211629568
2025-08-22 19:17:03,116825,116654.3855,0.0014625639599292737
2025-08-22 19:17:39,116855,116267.80325279856,0.005050381367614794
2025-08-22 20:22:46,116922,116761.06399999997,0.0013783361891942904
2025-08-22 20:23:21,116908,116406.42125395207,0.0043088580564957825
2025-08-22 21:18:44,116856,116841.718,0.00012223373846665384
2025-08-22 21:19:17,116888,116616.715519779,0.002326291552731909
2025-08-22 22:19:20,116820,116915.1785,-0.0008140816378259606
2025-08-22 22:19:53,116802,116714.48776499298,0.0007497975331325077
2025-08-22 23:19:11,116729,116843.32549999999,-0.00097845126806145
2025-08-22 23:19:46,116706,116699.5571834033,5.520857792605902e-05
2025-08-23 01:38:23,116491,116814.32800000005,-0.002767879638874883
2025-08-23 01:38:58,116429,116729.31104650514,-0.002572713261243346
2025-08-23 03:03:36,115840,116526.81600000006,-0.005894059612853954
2025-08-23 03:04:08,115800,116389.39648547678,-0.005064004997657406
2025-08-23 04:24:47,115691,116276.049,-0.005031552112679707
2025-08-23 04:25:24,115732,116113.47540429258,-0.003285367206212098
2025-08-23 05:18:58,115923,116080.53300000002,-0.0013571009361235866
2025-08-23 05:19:33,115934,116043.4331045533,-0.0009430357377888507
2025-08-23 06:28:42,115827,115904.11000000002,-0.000665291334362648
2025-08-23 06:29:16,115752,115988.07211884046,-0.002035313757078221
2025-08-23 07:18:21,115860,115822.38350000004,0.00032477746410701394
2025-08-23 07:18:56,115835,115930.09939060456,-0.0008203166486051472
2025-08-23 08:24:38,115743,115802.29850000006,-0.0005120666927009449
2025-08-23 08:25:12,115720,115879.8122699763,-0.0013791208912556263
2025-08-23 09:19:47,115610,115814.03950000003,-0.001761785538963331
2025-08-23 09:20:22,115625,115816.83381797053,-0.0016563552261499134
2025-08-23 10:19:48,115605,115768.52649999999,-0.0014125298554265755
2025-08-23 10:20:22,115616,115772.59471275723,-0.0013526060562584375
2025-08-23 11:16:07,115596,115709.5215,-0.0009810903936717304
2025-08-23 11:16:41,115614,115712.11978115774,-0.0008479645982055682
2025-08-23 12:38:48,115444,115605.44149999999,-0.0013964870330086174
2025-08-23 12:39:23,115462,115583.84275984336,-0.0010541504498732055
2025-08-23 13:26:03,115069,115512.03300000001,-0.0038353839725079578
2025-08-23 13:26:37,115089,115467.93253801185,-0.0032817123307123343
2025-08-23 14:17:24,114931,115351.96250000005,-0.003649374409213473
2025-08-23 14:17:58,114950,115284.26405297786,-0.0028994768342733243
2025-08-23 15:18:37,114760,115162.72400000007,-0.003496999602059382
2025-08-23 15:19:11,114792,115103.92227358012,-0.002709918718831631
2025-08-23 16:22:35,114814,115016.94550000006,-0.0017644834777851036
2025-08-23 16:23:10,114828,115014.42635272723,-0.0016208953836407702
2025-08-23 17:15:55,115115,114945.7580000001,0.001472364034520494
2025-08-23 17:16:29,115109,115019.66311432779,0.0007767096794867905
2025-08-23 18:26:58,115130,114921.89150000006,0.0018108690805871725
2025-08-23 18:27:34,115112,115040.40124264525,0.0006223792387835033
2025-08-23 19:15:14,115085,114953.94550000006,0.001140060912480295
2025-08-23 19:15:48,115077,115061.08865757684,0.00013828604099613715
2025-08-23 20:20:52,115176,115030.58250000005,0.0012641638148702952
2025-08-23 20:21:28,115176,115086.61030573572,0.0007767167181899351
2025-08-23 21:17:58,115087,115101.66100000004,-0.0001273743564833216
2025-08-23 21:18:34,115100,115115.82573536484,-0.00013747662637818387
2025-08-23 22:18:27,115258,115134.48849999998,0.0010727584897380455
2025-08-23 22:19:01,115258,115128.36084964802,0.0011260400946842871
2025-08-23 23:18:52,115292,115170.74849999999,0.0010527977075707991
2025-08-23 23:19:27,115292,115178.97045431213,0.000981338392260607
2025-08-24 01:50:53,115508,115297.33249999997,0.0018271671636464362
2025-08-24 01:51:27,115501,115327.13766305769,0.0015075578954389288
2025-08-24 03:20:16,115055,115330.72650000002,-0.002390746233615539
2025-08-24 03:20:51,115046,115273.14258067566,-0.0019704727015374852
2025-08-24 04:27:17,115241,115294.97449999997,-0.00046814269428514885
2025-08-24 04:27:53,115241,115221.3663250005,0.000170399602310871
2025-08-24 05:20:10,115123,115246.32399999994,-0.001070090530609333
2025-08-24 05:20:45,115157,115192.4303069312,-0.0003075749581530362
2025-08-24 06:29:33,115017,115162.94299999994,-0.0012672739702383358
2025-08-24 06:30:08,115012,115110.56864170622,-0.000856295324307098
2025-08-24 07:19:08,114908,115043.45099999996,-0.0011773899237424417
2025-08-24 07:19:42,114886,115055.08188924738,-0.0014695734118909702
2025-08-24 08:24:47,114798,115016.63149999994,-0.0019008685713417458
2025-08-24 08:25:22,114798,115007.2353808539,-0.0018193236291700096
2025-08-24 09:19:42,114735,114945.59049999998,-0.0018320885480159123
2025-08-24 09:20:17,114746,114926.37965525177,-0.0015695235140345035
2025-08-24 10:20:15,114776,114896.82999999996,-0.0010516391096252015
2025-08-24 10:20:51,114756,114906.63577797254,-0.0013109406341301434
2025-08-24 11:16:11,114816,114862.09699999995,-0.00040132472942706817
2025-08-24 11:16:46,114816,114870.45750453878,-0.0004740775454526575
2025-08-24 12:39:08,114631,114784.80149999999,-0.0013399117129630342
2025-08-24 12:39:43,114620,114792.05987460162,-0.0014988830655149495
2025-08-24 13:26:43,114711,114757.98200000003,-0.0004094007160219382
2025-08-24 13:27:17,114711,114766.59201915735,-0.0004843920010108302
2025-08-24 14:17:35,114529,114704.03600000004,-0.001525979434586211
2025-08-24 14:18:10,114504,114682.48122546448,-0.0015563076727786033
2025-08-24 15:19:26,114639,114644.73150000004,-4.9993575152104275e-05
2025-08-24 15:20:00,114597,114641.98672103822,-0.0003924105148987802
2025-08-24 16:23:44,114479,114594.21750000006,-0.0010054390397146958
2025-08-24 16:24:18,114489,114599.24631857072,-0.0009620160874727429
2025-08-24 17:18:25,114407,114534.72350000001,-0.0011151509000675006
2025-08-24 17:19:00,114371,114527.04271399579,-0.0013624966671449807
2025-08-24 18:27:59,114685,114513.25199999998,0.0014998089478763686
2025-08-24 18:28:34,114717,114541.18464326502,0.001534953189829069
2025-08-24 19:16:11,114518,114524.57950000011,-5.7450549295480785e-05
2025-08-24 19:16:45,114536,114564.78414054739,-0.0002512477177286523
2025-08-24 20:21:37,112626,114354.29100000011,-0.015113477464523933
2025-08-24 20:22:11,112800,114241.4904794522,-0.012617924305806142
2025-08-24 21:18:18,112717,113811.1590000001,-0.009613811243237586
2025-08-24 21:18:53,112660,113548.56327929001,-0.00782540310179405
2025-08-24 22:19:21,112883,113539.87700000012,-0.005785429906711308
2025-08-24 22:19:56,112856,113358.30916751748,-0.004431163195766997
2025-08-24 23:19:06,113529,113401.19500000011,0.0011270163422871429
2025-08-24 23:19:42,113537,113428.89812866067,0.0009530364230172585
2025-08-25 01:46:02,112815,113042.67650000003,-0.0020140756309855283
2025-08-25 01:46:38,112874,113098.72065807774,-0.0019869425292362223
2025-08-25 03:16:35,113552,113225.40100000003,0.0028845029217425583
2025-08-25 03:17:09,113568,113252.2374111893,0.002788135546181291
2025-08-25 04:28:55,112677,113109.775,-0.0038261503039856122
2025-08-25 04:29:31,112685,113133.81313430685,-0.003967099860534568
2025-08-25 05:22:10,112563,112964.29300000002,-0.0035523880098999035
2025-08-25 05:22:45,112535,112974.54617683943,-0.003890665567723615
2025-08-25 06:34:15,112194,112867.12649999998,-0.005963884444245012
2025-08-25 06:34:49,112157,112700.3562091442,-0.004821246599574754
2025-08-25 07:21:31,111980,112667.37850000002,-0.006100954057433941
2025-08-25 07:22:06,111988,112512.79997207399,-0.00466435794153418
2025-08-25 08:30:24,111657,112233.97299999997,-0.0051408052711452105
2025-08-25 08:31:00,111625,112166.04201694402,-0.004823581248077628
2025-08-25 09:24:18,111654,112028.4915,-0.0033428237315862074
2025-08-25 09:24:53,111654,111986.56745131192,-0.002969708411292319
2025-08-25 10:23:59,111406,111811.79399999997,-0.0036292593605998795
2025-08-25 10:24:34,111394,111848.90919503973,-0.004067175963660638
2025-08-25 11:18:09,111000,111554.41049999995,-0.004969866251948458
2025-08-25 11:18:43,111005,111588.6139508896,-0.005230049287523645
2025-08-25 12:43:50,111561,111406.71999999997,0.0013848356723905701
2025-08-25 12:44:25,111557,111510.27846164805,0.000418988625950025
2025-08-25 13:31:56,111594,111410.07750000004,0.0016508605336887667
2025-08-25 13:32:32,111585,111537.1180456039,0.00042929165855372495
2025-08-25 14:22:09,111972,111425.16500000007,0.004907643618925163
2025-08-25 14:22:43,112006,111548.55871252583,0.004100826516755363
2025-08-25 15:22:58,112379,111534.61200000001,0.007570636458572982
2025-08-25 15:23:34,112305,111748.1900250206,0.004982720300478557
2025-08-25 16:27:00,112756,111817.74450000007,0.008390935662272512
2025-08-25 16:27:36,112710,111996.28033130059,0.006372708688075459
2025-08-25 17:17:16,112439,112057.47000000004,0.003404770784133847
2025-08-25 17:17:50,112398,112165.88483506773,0.002069391823312235
2025-08-25 18:31:17,112484,112332.67749999999,0.0013470924344343997
2025-08-25 18:31:51,112540,112315.68762654375,0.0019971597752408902
2025-08-25 19:16:50,112000,112389.22049999998,-0.0034631479626641
2025-08-25 19:17:24,111982,112258.6800485381,-0.0024646650790697455
2025-08-25 20:22:51,110395,112066.21949999993,-0.014912785560683027
2025-08-25 20:23:28,110288,111671.85133943464,-0.012392123196993676
2025-08-25 21:19:27,109680,111516.95899999996,-0.01647246317037716
2025-08-25 21:20:00,109740,111036.47236852755,-0.01167609471800032
2025-08-25 22:20:04,110099,111130.12899999996,-0.009278572870188583
2025-08-25 22:20:38,110133,110767.94824041976,-0.005732237984959504
2025-08-25 23:20:53,110071,110593.8722603028,-0.00472785923502276
2025-08-26 01:42:19,109625,109817.79549999996,-0.0017555943380776011
2025-08-26 01:42:54,109686,109981.41476733025,-0.0026860426187025445
2025-08-26 03:10:12,109633,109831.05900000001,-0.0018033059300649043
2025-08-26 03:10:47,109707,109890.2963651627,-0.001667994092523126
2025-08-26 04:25:24,110043,109755.60149999999,0.0026185315015563033
2025-08-26 04:26:00,110001,109905.1771043867,0.0008718688067103859
2025-08-26 05:21:20,110191,109808.98799999998,0.0034788773392576667
2025-08-26 05:21:54,110181,109995.6569042774,0.00168500376232024
2025-08-26 06:32:42,110080,109997.19649999996,0.0007527782764903305
2025-08-26 06:33:17,110091,110058.16986376271,0.00029829803891821
2025-08-26 07:20:30,109907,109992.82049999991,-0.0007802372883047797
2025-08-26 07:21:05,109928,110013.74666135268,-0.000779417699650075
2025-08-26 08:29:42,110048,110107.18449999993,-0.0005375171499361179
2025-08-26 08:30:17,110074,110086.84563937856,-0.00011668641520204541
2025-08-26 09:23:44,110359,110150.40099999988,0.0018937652346823377
2025-08-26 09:24:15,110336,110134.89228557258,0.0018260127217989883
2025-08-26 10:23:14,110414,110171.6089999999,0.002200122174852737
2025-08-26 10:23:49,110414,110178.62379842965,0.002136314590396154
2025-08-26 11:19:01,109907,110152.36299999987,-0.0022274873939823413
2025-08-26 11:19:36,109894,110146.592670362,-0.0022932408914177263
2025-08-26 12:45:40,110492,110116.13749999991,0.0034133280419510765
2025-08-26 12:46:17,110526,110096.1595600353,0.0039042273743463826
2025-08-26 13:33:51,109907,110093.66049999988,-0.0016954700130066248
2025-08-26 13:34:27,110139,110057.78932979531,0.0007378911633535958
2025-08-26 14:19:57,110022,110041.67399999996,-0.00017878681125802777
2025-08-26 14:20:33,109973,110031.69717750758,-0.0005334569856982871
2025-08-26 15:22:20,110425,110079.48199999999,0.0031388047411052586
2025-08-26 15:22:55,110373,110143.84579899693,0.002080499362817372
2025-08-26 16:25:41,109545,109955.8445,-0.0037364498619262255
2025-08-26 16:26:19,109520,109939.6115987172,-0.003816746235640607
2025-08-26 17:18:21,109812,110004.50099999993,-0.0017499374866482163
2025-08-26 17:18:56,109869,109945.54033622696,-0.0006961659017081312
2025-08-26 18:29:21,110466,109978.22199999992,0.00443522354816828
2025-08-26 18:29:57,110477,109993.07522951711,0.00439959306050046
2025-08-26 19:16:21,110696,110121.96749999998,0.0052126974574806416
2025-08-26 19:16:57,110742,110241.37131237057,0.004541205190661986
2025-08-26 20:22:35,111184,110310.26099999997,0.007920740936330762
2025-08-26 20:23:10,111191,110555.74654196567,0.005746001251895122
2025-08-26 21:18:33,111189,110633.83649999995,0.00501802628891075
2025-08-26 21:19:11,111218,110779.09070424696,0.003962022913916289
2025-08-26 22:19:20,111887,110985.40799999998,0.008123518363783633
2025-08-26 22:19:55,111897,111078.68231962716,0.007367009252217682
2025-08-26 23:18:17,112138,111359.97049999997,0.006986617332123247
2025-08-26 23:18:53,112224,111376.87154751041,0.007605963794091905
2025-08-27 01:39:24,111207,111580.39049999994,-0.0033463810112757766
2025-08-27 01:39:58,111182,111423.57099845533,-0.0021680421502437213
2025-08-27 03:03:12,111205,111526.92299999995,-0.002886504812832967
2025-08-27 03:03:47,111147,111336.04266878628,-0.0016979467228654917
2025-08-27 04:25:12,111460,111377.69099999996,0.000739007958066194
2025-08-27 04:25:47,111453,111328.96710560271,0.0011141116065473975
2025-08-27 05:19:51,111461,111337.16350000002,0.0011122656272806498
2025-08-27 05:20:26,111465,111402.63989892857,0.0005597722022387505
2025-08-27 06:30:19,111270,111327.28050000002,-0.0005145234819602242
2025-08-27 06:30:53,111246,111361.97079128106,-0.0010413859458217778
2025-08-27 07:19:36,110861,111279.03050000002,-0.00375659725036895
2025-08-27 07:20:10,110878,111250.04803433412,-0.0033442505500698464
2025-08-27 08:27:45,110603,111190.56300000001,-0.005284288379761232
2025-08-27 08:28:19,110612,111058.21030670192,-0.004017805666682824
2025-08-27 09:22:02,110974,111063.98449999999,-0.0008102041395785814
2025-08-27 09:22:37,110953,110970.76131001503,-0.00016005396201090015
2025-08-27 10:20:59,111208,110961.67949999997,0.0022198699687132153
2025-08-27 10:21:33,111198,110983.02716148105,0.0019369884208165
2025-08-27 11:17:19,111192,110910.32449999994,0.0025396688835768026
2025-08-27 11:17:53,111185,111022.8961545414,0.0014600938281500889
2025-08-27 12:41:59,111054,110975.1679999999,0.0007103571134048367
2025-08-27 12:42:36,111106,111102.36429520672,3.272391921042333e-05
2025-08-27 13:29:32,111312,111065.5009999999,0.00221940204456556
2025-08-27 13:30:06,111325,111156.56444432406,0.0015153001221111496
2025-08-27 14:20:00,111799,111238.12949999988,0.005042070578866769
2025-08-27 14:20:36,111848,111304.80557594825,0.004880242333122822
2025-08-27 15:21:52,111866,111444.05549999993,0.003786155287574498
2025-08-27 15:22:27,111852,111527.14242824705,0.0029128117575678808
2025-08-27 16:26:21,111994,111597.50149999993,0.0035529334857024066
2025-08-27 16:26:56,111924,111644.91033792443,0.002499797449170087
2025-08-27 17:17:58,111944,111735.47949999993,0.001866197746080032
2025-08-27 17:18:33,111904,111746.90590585337,0.0014058026293719194
2025-08-27 18:29:03,112481,111988.91099999992,0.004394086839545036
2025-08-27 18:29:37,112471,111989.02554488515,0.004303765058850983
2025-08-27 19:17:13,111777,112043.19299999988,-0.0023758069800802906
2025-08-27 19:17:50,111856,111989.04771322123,-0.001188042187499716
2025-08-27 20:22:38,111775,112056.82499999991,-0.0025150186077457577
2025-08-27 20:23:12,111656,111959.95075910992,-0.0027148168344937646
2025-08-27 21:18:51,111942,112134.49649999989,-0.0017166572821762495
2025-08-27 21:19:25,111908,112052.8564591271,-0.001292751150703037
2025-08-27 22:19:04,111280,111998.04,-0.006411183624284797
2025-08-27 22:19:37,111269,111829.76589478254,-0.005014460061645385
2025-08-27 23:18:27,111356,111807.77099999992,-0.004040604655287519
2025-08-27 23:19:01,111412,111699.86624928059,-0.0025771405011189336
2025-08-28 01:38:53,111596,111494.64649999989,0.0009090436463253323
2025-08-28 01:39:27,111603,111512.1179255515,0.0008149972948157404
2025-08-28 03:03:11,111426,111421.8599999999,3.7156084094281724e-05
2025-08-28 03:03:46,111408,111517.9272438042,-0.0009857360741997
2025-08-28 04:24:46,112180,111604.04449999992,0.005160704547764702
2025-08-28 04:25:22,112191,111758.13541621664,0.0038732266082577315
2025-08-28 05:20:06,112955,111941.43849999993,0.009054390524024484
2025-08-28 05:20:41,112983,112148.27472443809,0.007443050529425737
2025-08-28 06:31:23,113066,112301.52499999995,0.006807342999127125
2025-08-28 06:31:59,112989,112436.25744016885,0.004916052636537515
2025-08-28 07:20:32,113244,112548.40699999993,0.006180389563399743
2025-08-28 07:21:06,113240,112653.18855993377,0.005209008706877703
2025-08-28 08:27:42,113050,112831.34349999992,0.0019379056671436762
2025-08-28 08:28:17,113050,112804.25795969336,0.0021784819540627853
2025-08-28 09:22:03,112945,113023.88600000001,-0.0006979586598182719
2025-08-28 09:22:38,112916,112885.22520539258,0.00027262021714027744
2025-08-28 10:22:05,112888,113033.67750000002,-0.001288797314411183
2025-08-28 10:22:35,112922,112904.83994451929,0.000151986889925539
2025-08-28 11:17:20,113011,113072.26649999995,-0.0005418348981264498
2025-08-28 11:17:56,113011,112948.32161223817,0.0005549297844106941
2025-08-28 12:41:45,113197,113007.02699999997,0.00168107245224695
2025-08-28 12:42:21,113160,112942.54751673673,0.0019253371563187943
2025-08-28 13:30:18,113054,113000.54999999996,0.00047300654731362605
2025-08-28 13:30:53,113108,112997.31278056085,0.000979556209925984
2025-08-28 14:20:17,112881,112971.46099999986,-0.0008007420564372876
2025-08-28 14:20:52,112879,112961.05488175814,-0.0007263997476301434
2025-08-28 15:21:45,112777,112971.92449999992,-0.0017254242668046352
2025-08-28 15:22:20,112715,112942.53932435995,-0.0020146467904930223
2025-08-28 16:26:31,112876,112911.86999999995,-0.0003176813916902776
2025-08-28 16:27:06,112944,112888.1516852859,0.0004947225539646562
2025-08-28 17:17:57,112269,112829.7355,-0.004969749308682863
2025-08-28 17:18:32,112306,112739.29526311453,-0.003843338403910479
2025-08-28 18:29:27,112638,112711.88700000003,-0.000655538665589296
2025-08-28 18:30:01,112646,112667.24838299825,-0.00018859414162686238
2025-08-28 19:16:43,112313,112625.3780000001,-0.0027736022337709583
2025-08-28 19:17:19,112292,112575.79302821725,-0.0025209063208296704
2025-08-28 20:22:22,112111,112442.50200000001,-0.002948191245335395
2025-08-28 20:22:58,112101,112395.02503223822,-0.002615996857101858
2025-08-28 21:18:34,112055,112283.71300000002,-0.002036920528269473
2025-08-28 21:19:10,112081,112269.29498507324,-0.0016771725973542008
2025-08-28 22:19:12,112288,112203.23549999998,0.0007554550421143546
2025-08-28 22:19:48,112253,112219.97853167292,0.00029425659102006656
2025-08-28 23:19:03,112468,112191.24099999997,0.0024668503310346186
2025-08-28 23:19:38,112431,112283.73363514977,0.00131155564641942
2025-08-29 01:38:58,111538,112182.54699999995,-0.005745519398841497
2025-08-29 01:39:31,111532,112159.65572086259,-0.005596091721471289
2025-08-29 03:03:05,111477,112025.85900000001,-0.004899395594012015
2025-08-29 03:03:40,111431,111856.21730416987,-0.0038014632929484747
2025-08-29 04:25:11,111663,111852.5675,-0.0016947979312142713
2025-08-29 04:25:45,111650,111791.60220266126,-0.0012666622525416475
2025-08-29 05:19:46,111332,111642.81100000002,-0.0027839768384192334
2025-08-29 05:20:20,111351,111682.78528788427,-0.002970782713101452
2025-08-29 06:30:25,111000,111444.49500000002,-0.003988487722072089
2025-08-29 06:30:59,111000,111456.60015570698,-0.004096663230971553
2025-08-29 07:19:50,110377,111344.70650000004,-0.008691086719960446
2025-08-29 07:20:25,110477,111302.90745928246,-0.007420358354830942
2025-08-29 08:27:23,110136,111035.43850000002,-0.008100463348915565
2025-08-29 08:27:58,110114,110857.64041593975,-0.006708066427804149
2025-08-29 09:22:01,109792,110637.28250000006,-0.0076401234818837755
2025-08-29 09:22:37,109740,110475.30938692242,-0.006655870809531922
2025-08-29 10:21:04,109935,110310.94850000003,-0.0034080796612860928
2025-08-29 10:21:40,109900,110264.97500018623,-0.0033099812536629175
2025-08-29 11:17:07,110093,110089.9335,2.7854499521528143e-05
2025-08-29 11:18:22,110120,110202.82020284627,-0.0007515252576460852
2025-08-29 12:41:54,110530,109980.67699999995,0.004994722845723598
2025-08-29 12:42:29,110534,110221.00968013394,0.002839661156927999
2025-08-29 13:28:25,110539,110075.5495,0.004210294675839945
2025-08-29 13:29:00,110500,110327.27390458097,0.001565579292464109
2025-08-29 14:19:19,108840,109949.37349999999,-0.010089857401506586
2025-08-29 14:19:53,108747,109899.61138119664,-0.010487856751364657
2025-08-29 15:18:56,108650,109658.09749999999,-0.009193096752385195
2025-08-29 15:19:31,108690,109406.9349411701,-0.006552920448375641
2025-08-29 16:25:23,108641,109338.57350000001,-0.006379939646825675
2025-08-29 16:25:57,108620,109104.35791527013,-0.004439400263427402
2025-08-29 17:17:26,108186,108995.2935,-0.007425031613865049
2025-08-29 17:18:01,108220,108876.40866049456,-0.006028933802743422
2025-08-29 18:27:03,108146,108552.70950000003,-0.003746654522704716
2025-08-29 18:27:37,108162,108709.42180031059,-0.0050356426448128575
2025-08-29 19:15:40,108412,108397.74300000005,0.0001315248787048465
2025-08-29 19:16:15,108499,108579.04572777798,-0.0007372115608628941
2025-08-29 20:21:25,107927,108364.14150000003,-0.004034005104908499
2025-08-29 20:22:02,107843,108425.09863370293,-0.005368670548038513
2025-08-29 21:17:54,107950,108231.64400000001,-0.0026022334096672756
2025-08-29 21:18:30,107909,108230.55173020432,-0.0029709885523440303
2025-08-29 22:19:02,108326,108199.4425,0.0011696686884499921
2025-08-29 22:19:36,108326,108277.19589776683,0.0004507329713197814
2025-08-29 23:18:33,108454,108206.9235,0.002283370527579925
2025-08-29 23:19:08,108480,108314.88945801056,0.001524356834186233
2025-08-30 01:26:20,108097,108226.36650000003,-0.0011953325625140782
2025-08-30 01:26:54,108085,108283.4654770698,-0.0018328327062253416
2025-08-30 02:57:00,107916,108165.17099999994,-0.0023036158284254365
2025-08-30 02:57:35,107922,108079.97456413125,-0.0014616450898358635
2025-08-30 03:31:47,108279,108143.35149999996,0.0012543397085306664
2025-08-30 03:32:22,108300,108101.34473908965,0.001837676130577483
2025-08-30 04:23:16,108504,108154.31949999994,0.003233162592272245
2025-08-30 04:23:50,108504,108199.80783929396,0.0028113927998637813
2025-08-30 05:17:59,108270,108161.20549999995,0.0010058550983887409
2025-08-30 05:18:34,108296,108263.74317794718,0.00029794667268986274
2025-08-30 06:27:10,108275,108183.92149999997,0.0008418857325303409
2025-08-30 06:27:44,108260,108276.91071187473,-0.00015618022128220603
2025-08-30 07:17:29,108214,108283.80649999995,-0.0006446624131185107
2025-08-30 07:18:03,108217,108273.13614403438,-0.0005184678862511022
2025-09-01 01:52:57,108156,108536.25099999993,-0.0035034469727531986
2025-09-01 01:53:32,108056,108422.49866753012,-0.0033802824324678307
2025-09-01 03:22:33,107480,108110.38499999992,-0.005830938443146997
2025-09-01 03:23:09,107541,108071.64877613392,-0.0049101571239385895
2025-09-01 04:30:02,107525,107850.61999999991,-0.0030191759676477365
2025-09-01 04:30:37,107435,107866.85079915132,-0.004003554344563434
2025-09-01 05:21:25,107427,107752.03149999992,-0.0030164767705555956
2025-09-01 05:21:59,107508,107753.6041224539,-0.002279312366895704
2025-09-01 06:33:58,107988,107694.66899999992,0.0027237281355131752
2025-09-01 06:34:32,107959,107833.60646196536,0.0011628428478729009
2025-09-01 07:21:31,108327,107731.32700000002,0.005529245917484898
2025-09-01 07:22:05,108353,107926.06123084018,0.003955844995090259
2025-09-01 08:30:12,109439,108180.64500000002,0.011631979084613345
2025-09-01 08:30:48,109513,108497.69491738474,0.00935784933853537
2025-09-01 09:25:15,109706,108498.55100000002,0.011128710834119605
2025-09-01 09:25:50,109732,108819.26022359602,0.008387667537240455
2025-09-01 10:23:33,109009,108886.86350000002,0.001121682598562302
2025-09-01 10:24:09,109009,108996.44754742942,0.0001151638686675727
2025-09-01 11:17:22,108701,109006.39600000002,-0.0028016337683526606
2025-09-01 11:17:57,108719,108842.90264044389,-0.0011383621479959694
2025-09-01 12:43:22,108988,109139.96100000001,-0.001392349773700306
2025-09-01 12:43:57,109000,108847.89129635287,0.0013974428152493355
2025-09-01 13:29:47,109500,109108.972,0.003583829934718895
2025-09-01 13:30:22,109451,108997.726911977,0.004158555420050569
2025-09-01 14:19:50,109122,108997.84999999993,0.0011390132924646405
2025-09-01 14:20:25,109060,109000.42481812749,0.0005465591714152973
2025-09-01 15:20:24,108985,108939.87499999997,0.0004142193113405823
2025-09-01 15:21:00,108903,109020.88995657241,-0.001081351992442675
2025-09-01 16:24:54,108967,108991.65899999991,-0.00022624667085682546
2025-09-01 16:25:30,108965,108960.761597076,3.889843336153205e-05
2025-09-01 17:16:50,108604,108976.00099999989,-0.0034136047990959754
2025-09-01 17:17:25,108649,108876.17453230539,-0.002086540359093757
2025-09-01 18:28:07,109126,108939.22199999995,0.0017145156406574067
2025-09-01 18:28:41,109129,108921.35469806842,0.001906378253439623
2025-09-01 19:15:55,109235,108958.61049999998,0.0025366467021899052
2025-09-01 19:16:30,109215,109012.58700905941,0.00185678550059332
2025-09-01 20:20:59,109061,108986.04499999993,0.000687748601209215
2025-09-01 20:21:34,109088,109060.99011496537,0.0002476585349734457
2025-09-01 21:17:29,108557,108930.60899999994,-0.003429788958583154
2025-09-01 21:18:03,108474,108893.30099934855,-0.0038505674407928463
2025-09-01 22:18:46,107986,108731.99799999998,-0.006860887445478358
2025-09-01 22:19:21,107996,108524.78446323884,-0.004872476511740616
2025-09-01 23:18:19,108634,108628.59699999995,4.973828392581893e-05
2025-09-01 23:18:53,108644,108524.323190883,0.0011027648512167655
2025-09-02 01:40:19,109112,108639.61550000004,0.004348179048921213
2025-09-02 01:40:53,109129,108875.97525632857,0.0023239722360762017
2025-09-02 03:07:13,110325,109062.46750000003,0.01157623267601177
2025-09-02 03:07:43,110403,109284.86191583128,0.010231408674239668
2025-09-02 04:25:32,110311,109609.64900000005,0.0063986246320335465
2025-09-02 04:26:05,110286,109699.44806853388,0.005346899567805279
2025-09-02 05:20:52,110191,109832.16150000009,0.00326715321904969
2025-09-02 05:21:27,110164,109870.91359924927,0.002667552231519226
2025-09-02 06:31:58,110431,110119.2700000001,0.002830839688638453
2025-09-02 06:32:33,110467,110055.44440784726,0.0037395296013487916
2025-09-02 07:20:34,110230,110245.02750000011,-0.0001363100027356146
2025-09-02 07:21:09,110197,110100.73641559797,0.0008743228023349385
2025-09-02 08:28:21,110336,110269.88650000007,0.0005995607876129804
2025-09-02 08:28:55,110306,110141.38013487423,0.0014946232281108755
2025-09-02 09:22:34,110578,110307.89600000007,0.0024486370404520606
2025-09-02 09:23:09,110585,110265.83460120007,0.0028945085298112557
2025-09-02 10:22:08,110323,110331.42950000006,-7.640162044720514e-05
2025-09-02 10:22:45,110323,110292.06016682813,0.00028052638716757764
2025-09-02 11:17:44,110185,110306.64150000011,-0.0011027577156368612
2025-09-02 11:18:20,110132,110245.25600977188,-0.0010273095992615116
2025-09-02 12:42:48,109150,110099.9790000001,-0.008628330437738713
2025-09-02 12:43:24,109076,109914.42614105894,-0.0076279899781575775
2025-09-02 13:31:07,109252,109860.23400000008,-0.005536434593795637
2025-09-02 13:31:43,109190,109643.24748738285,-0.004133838588053534
2025-09-02 14:20:36,111290,110029.60400000008,0.011455062584792359
2025-09-02 14:21:12,111208,110121.21480851671,0.009868990215673093
2025-09-02 15:22:15,111196,110230.39250000007,0.00875990258312765
2025-09-02 15:22:52,111135,110537.53309396729,0.0054051043958508755
2025-09-02 16:25:56,110772,110388.92100000005,0.003470266730842981
2025-09-02 16:26:31,110714,110658.50501054629,0.0005014977334857734
2025-09-02 17:17:20,110744,110590.36550000003,0.001389221378420808
2025-09-02 17:17:56,110667,110649.19308153435,0.00016093129981099228
2025-09-02 18:27:20,110529,110935.92700000005,-0.0036681263771298728
2025-09-02 18:27:54,110556,110680.20713308302,-0.0011222163049774045
2025-09-02 19:15:32,110524,110836.44649999996,-0.002818986983672035
2025-09-02 19:16:07,110486,110635.52125957236,-0.0013514760708864119
2025-09-02 20:20:35,111288,110755.42999999998,0.004808522706290984
2025-09-02 20:21:11,111345,110763.55278611455,0.005249445320774669
2025-09-02 21:16:50,111530,110878.75250000003,0.005873510346357553
2025-09-02 21:17:24,111519,110984.11246110809,0.004819496475942453
2025-09-02 22:16:55,111145,110960.20050000004,0.001665457516904582
2025-09-02 22:17:29,111140,111033.71605512337,0.0009572222623249537
2025-09-02 23:17:16,111152,111060.54300000006,0.0008234877799934457
2025-09-02 23:17:50,111200,111089.99524700157,0.0009902309632279745
2025-09-03 01:26:17,110989,111273.60400000014,-0.0025576955339753106
2025-09-03 01:26:51,110987,111197.01544193274,-0.001888678766224755
2025-09-03 02:55:41,111408,111237.73200000016,0.0015306676694903853
2025-09-03 02:56:17,111421,111217.8452129902,0.0018266384016049234
2025-09-03 03:28:26,111007,111232.12350000018,-0.0020239072393522703
2025-09-03 03:29:00,111040,111188.82843965867,-0.0013385197213354562
2025-09-03 04:24:30,111033,111194.56400000016,-0.00145298469806634
2025-09-03 04:25:05,111082,111128.50419565526,-0.00041847225418766763
2025-09-03 05:18:34,110805,111103.45050000011,-0.0026862397041404924
2025-09-03 05:19:08,110791,111059.67717115756,-0.0024192144079753604
2025-09-03 06:29:19,110829,111004.43750000009,-0.0015804548354212162
2025-09-03 06:29:55,110807,110953.13826646574,-0.0013171170166884013
2025-09-03 07:19:27,110573,110915.46950000005,-0.00308766217682602
2025-09-03 07:20:01,110570,110868.18210719214,-0.002689519224765936
2025-09-03 08:26:56,111129,110902.17300000007,0.00204528904947545
2025-09-03 08:27:30,111113,110957.63641678773,0.0014002063150361137
2025-09-03 09:21:06,111263,110918.55300000012,0.003105404737833925
2025-09-03 09:22:10,111242,110992.33193328863,0.002249417255792323
2025-09-03 10:20:29,111400,110988.62450000012,0.003706465431508053
2025-09-03 10:21:03,111400,111097.93818112733,0.0027188787102439514
2025-09-03 11:16:42,111611,111151.87900000012,0.004130573447164868
2025-09-03 11:17:17,111585,111251.96400819586,0.0029935291010197472
2025-09-03 12:40:54,111626,111327.3320000001,0.0026827913202833514
2025-09-03 12:41:28,111603,111351.69526328026,0.0022568559564859576
2025-09-03 13:28:30,111360,111329.36250000009,0.0002751969409679298
2025-09-03 13:29:05,111344,111306.8211866847,0.0003340209783993889
2025-09-03 14:20:08,111464,111388.56950000007,0.0006771834878436913
2025-09-03 14:20:44,111461,111323.65956977227,0.001233703875335285
2025-09-03 15:21:27,112110,111593.51250000007,0.004628293244196699
2025-09-03 15:22:01,112106,111639.76951092042,0.004176204332220272
2025-09-03 16:25:17,112122,111725.45750000006,0.0035492582341847875
2025-09-03 16:25:51,112031,111802.600773616,0.002042879367774993
2025-09-03 17:17:23,112403,111835.16800000015,0.005077401055094303
2025-09-03 17:17:59,112360,111904.98717438836,0.004066063873476611
2025-09-03 18:28:19,112166,112044.48850000017,0.0010844933260580059
2025-09-03 18:28:54,112137,112032.87773949833,0.000929390216537811
2025-09-03 19:16:12,111815,112128.54950000012,-0.0027963395709504324
2025-09-03 19:16:47,111815,111977.22138849957,-0.0014486998917105948
2025-09-03 20:21:52,112066,112104.49300000018,-0.00034336714765015504
2025-09-03 20:22:28,112061,112015.66859364245,0.00040468808450361244
2025-09-03 21:17:40,112180,112104.0225000002,0.0006777410685669579
2025-09-03 21:18:14,112140,112064.45779343696,0.0006740960341081941
2025-09-03 22:18:06,112091,112083.12450000018,7.026481493045824e-05
2025-09-03 22:18:41,112114,112049.55133124485,0.0005751800697945584
2025-09-03 23:17:40,111869,112000.27150000012,-0.0011720641230777626
2025-09-03 23:18:15,111893,111991.14933094024,-0.0008764025686548337
2025-09-04 01:26:25,111735,111934.34600000014,-0.001780918968340028
2025-09-04 01:27:01,111747,111905.95661117535,-0.0014204481690608952
2025-09-04 02:56:23,111523,111827.21900000011,-0.00272043785690596
2025-09-04 02:56:57,111535,111805.47873660497,-0.00241919036223774
2025-09-04 03:29:45,111358,111762.92650000006,-0.0036230842613096696
2025-09-04 03:30:19,111379,111696.97950032061,-0.002846804826263868
2025-09-04 04:23:35,111167,111627.00350000006,-0.0041208980405898306
2025-09-04 04:24:09,111156,111555.16904852753,-0.003578220999816601
2025-09-04 05:18:49,110740,111451.51050000009,-0.006384036401194317
2025-09-04 05:19:24,110711,111331.15340160686,-0.00557034920288458
2025-09-04 06:29:46,110518,111193.93550000007,-0.006078888178214222
2025-09-04 06:30:20,110501,111040.3981251335,-0.004857674632304978
2025-09-04 07:19:19,110529,110933.53300000002,-0.003646625047090358
2025-09-04 07:19:53,110476,110889.16523828087,-0.003725929737076207
2025-09-04 08:26:53,110617,110740.45900000008,-0.0011148499935337566
2025-09-04 08:27:28,110631,110775.24031898286,-0.0013020989037578678
2025-09-04 09:20:52,110813,110660.43050000005,0.0013787177522317164
2025-09-04 09:21:28,110823,110779.88354227123,0.0003892083684337743
2025-09-04 10:20:40,110914,110654.95650000009,0.0023410022306584364
2025-09-04 10:21:14,110940,110819.90021806493,0.0010837384052751248
2025-09-04 11:16:26,111031,110706.62000000011,0.0029300867463922927
2025-09-04 11:17:01,110994,110832.9114863583,0.0014534357302481659
2025-09-04 12:39:25,110900,110823.24750000013,0.0006925667829745855
2025-09-04 12:40:00,110900,110864.91996034386,0.0003164214583719271
2025-09-04 13:28:09,110900,110844.83000000015,0.0004977228076388647
2025-09-04 13:28:43,110900,110852.50690199397,0.00042843503799169823
2025-09-04 14:19:28,110900,110844.83000000015,0.0004977228076388647
2025-09-04 14:20:01,110900,110852.50690199397,0.00042843503799169823
2025-09-04 15:20:42,110900,110844.83000000015,0.0004977228076388647
2025-09-04 15:21:18,110900,110852.50690199397,0.00042843503799169823
2025-09-04 16:25:34,110900,110497.19800000006,0.0036453594054026385
2025-09-04 16:26:11,110900,110369.45799701825,0.004806963924712578
2025-09-04 17:17:16,110900,110076.66900000008,0.007479614049730353
2025-09-04 17:17:50,110900,110029.69649774898,0.007909714649343058
2025-09-04 18:28:36,110900,110076.66900000008,0.007479614049730353
2025-09-04 18:29:14,110900,110029.69649774898,0.007909714649343058
2025-09-04 19:15:45,110900,110076.66900000008,0.007479614049730353
2025-09-04 19:16:20,110900,110029.69649774898,0.007909714649343058
2025-09-04 20:21:43,110900,109782.55850000009,0.010178679703478697
2025-09-04 20:22:15,110900,110028.22743928155,0.007923171907859168
2025-09-04 21:18:27,110375,109979.01650000006,0.0036005368351329425
2025-09-04 21:19:03,110400,110110.36843891289,0.0026303750063990726
2025-09-04 22:18:31,110570,110166.51700000007,0.0036624830391972403
2025-09-04 22:19:07,110537,110245.91238331741,0.002640348384713798
2025-09-04 23:18:05,111308,110456.01350000004,0.0077133555068955575
2025-09-04 23:18:40,111244,110591.33603723615,0.005901583127127593
2025-09-05 01:36:32,110890,110733.86250000005,0.0014100248693118002
2025-09-05 01:37:07,110926,110658.97717281888,0.002413024537214951
2025-09-05 02:59:17,111360,110954.08850000003,0.0036583735262713892
2025-09-05 02:59:51,111360,110915.68379155024,0.0040058916220071005
2025-09-05 03:34:39,111137,111018.36550000003,0.0010686024737048662
2025-09-05 03:35:14,111143,110975.33685116336,0.0015108145070242475
2025-09-05 04:24:22,111236,111006.06600000004,0.002071364280218386
2025-09-05 04:24:57,111244,111047.58569271408,0.0017687400051129795
2025-09-05 05:19:19,111532,111158.27599999998,0.0033620888470779864
2025-09-05 05:19:54,111532,111193.7257242571,0.003042206505264155
2025-09-05 06:30:03,111544,111373.29849999999,0.0015326968160147482
2025-09-05 06:30:37,111569,111346.64382198767,0.001996972431138679
2025-09-05 07:19:39,112493,111529.30750000002,0.008640710873238188
2025-09-05 07:20:13,112471,111596.26675621416,0.007838373712775954
2025-09-05 08:27:05,112731,111854.349,0.00783743330355441
2025-09-05 08:27:39,112731,112006.61850620939,0.0064673097309018
2025-09-05 09:21:07,112335,112117.27149999999,0.0019419710905113493
2025-09-05 09:21:42,112361,112181.8801418677,0.001596691532587776
2025-09-05 10:21:26,112210,112268.298,-0.0005192739271775121
2025-09-05 10:22:00,112223,112198.01234662294,0.0002227103034576223
2025-09-05 11:16:13,112160,112401.72899999998,-0.0021505807975603078
2025-09-05 11:16:49,112159,112216.0165975203,-0.0005080967873311412
2025-09-05 12:40:20,112564,112458.62399999995,0.000937020179084243
2025-09-05 12:40:56,112674,112337.31577789011,0.00299708266819882
2025-09-05 13:27:50,112935,112493.49949999995,0.003924675665370807
2025-09-05 13:28:25,112938,112521.09251480356,0.003705149637980899
2025-09-05 14:18:51,111688,112487.48049999995,-0.007107284263513639
2025-09-05 14:19:26,111484,112476.49528757391,-0.008824023944170306
2025-09-05 15:20:33,110770,112144.20149999997,-0.012253879216394143
2025-09-05 15:21:05,110798,111863.28133189408,-0.009523065291938169
2025-09-05 16:23:37,110579,111848.09349999999,-0.011346581423848662
2025-09-05 16:24:10,110668,111513.58552874908,-0.0075828028014675065
2025-09-05 17:17:49,110780,111526.89250000003,-0.006696972212330139
2025-09-05 17:18:25,110794,111276.96939792493,-0.004340245789745008
2025-09-05 18:26:43,110821,111055.78400000006,-0.00211410870774689
2025-09-05 18:27:18,110825,111068.77522572197,-0.0021948133057787976
2025-09-05 19:16:09,111177,110841.96699999999,0.003022618680161192
2025-09-05 19:16:45,111184,111124.75831227914,0.0005331097103885772
2025-09-05 20:22:04,111382,110991.57400000002,0.0035176183734449747
2025-09-05 20:22:37,111354,111238.6426883481,0.0010370255233614044
2025-09-05 21:17:59,111002,111081.04599999997,-0.0007116065507699037
2025-09-05 21:18:34,110924,111271.23238435888,-0.003120594397296273
2025-09-05 22:18:29,110626,111083.98449999995,-0.004122867054700833
2025-09-05 22:19:05,110626,111071.8055650785,-0.004013669921097049
2025-09-05 23:18:06,110820,111111.70699999994,-0.0026253489202531723
2025-09-05 23:18:42,110789,110988.9054359181,-0.0018011298979204958
2025-09-06 01:26:25,110763,110867.36250000002,-0.0009413275254926124
2025-09-06 01:27:00,110803,110860.20548695422,-0.0005160146213237062
2025-09-06 02:54:37,111107,110787.25350000004,0.002886130758715529
2025-09-06 02:55:13,111093,110873.32324508693,0.0019813310224992193
2025-09-06 03:27:46,111274,110850.18250000004,0.00382333605991096
2025-09-06 03:28:21,111279,110943.89998715083,0.0030204455845520353
2025-09-06 04:23:18,110816,110880.5615000001,-0.0005822616617981139
2025-09-06 04:23:48,110813,110943.96729054325,-0.0011804814064407098
2025-09-06 05:17:44,110820,110912.1240000001,-0.0008306035145454247
2025-09-06 05:18:20,110820,110912.45466142702,-0.000833582321383568
2025-09-06 06:27:03,110770,110895.50250000006,-0.0011317185744305588
2025-09-06 06:27:37,110771,110851.9967508855,-0.0007306747127661215
2025-09-06 07:16:50,110797,110887.78949999996,-0.0008187511033390681
2025-09-06 07:17:24,110797,110828.39715078427,-0.0002832951805803777
2025-09-06 08:22:43,110792,110826.28350000009,-0.00030934448866628547
2025-09-06 08:23:19,110792,110822.8608278087,-0.00027846987145238036
2025-09-06 09:18:06,110721,110797.92049999993,-0.0006942413689066912
2025-09-06 09:18:40,110729,110820.19020560413,-0.0008228663516543716
2025-09-06 10:18:26,110755,110782.0615,-0.0002442769130090268
2025-09-06 10:19:01,110756,110793.14877171631,-0.00033529845597992747
2025-09-06 11:14:47,110751,110785.63950000002,-0.0003126713909524286
2025-09-06 11:15:22,110740,110780.46497012577,-0.00036527171227061843
2025-09-06 12:36:05,110773,110778.31499999999,-4.797870413526128e-05
2025-09-06 12:36:40,110776,110780.48904749668,-4.052200468944301e-05
2025-09-06 13:20:46,110903,110792.28049999996,0.000999343090514647
2025-09-06 13:21:22,110903,110809.66852099884,0.0008422683710445167
2025-09-06 14:16:14,110929,110811.2275,0.001062821003404248
2025-09-06 14:16:49,110929,110844.04106097452,0.0007664727685158
2025-09-06 15:17:22,110713,110813.93899999997,-0.0009108872124829839
2025-09-06 15:17:56,110713,110815.11321596903,-0.0009214737322879565
2025-09-06 16:21:38,110116,110738.49599999997,-0.00562131528316919
2025-09-06 16:22:13,110000,110666.60830757723,-0.0060235722208502075
2025-09-06 17:15:07,110218,110633.89399999994,-0.003759191554804554
2025-09-06 17:15:41,110218,110525.50193799015,-0.002782180877700716
2025-09-06 18:24:52,110208,110486.86849999995,-0.002523996777046435
2025-09-06 18:25:28,110208,110398.00943309606,-0.0017211309703116242
2025-09-06 19:13:54,110168,110374.55499999996,-0.0018714005234264726
2025-09-06 19:14:30,110168,110337.93448169086,-0.0015401274501749393
2025-09-06 20:19:28,110064,110191.71149999995,-0.0011589937052565585
2025-09-06 20:20:03,110064,110233.76011843003,-0.001540001159786683
2025-09-06 21:16:06,110189,110150.22049999998,0.00035206012138685414
2025-09-06 21:16:41,110189,110214.54399969844,-0.0002317661423931942
2025-09-06 22:17:16,110205,110145.50249999999,0.0005401718513201411
2025-09-06 22:17:50,110205,110207.21362144536,-2.008599412528127e-05
2025-09-06 23:17:16,110174,110146.54749999999,0.0002492361369748241
2025-09-06 23:17:50,110174,110190.3827778422,-0.00014867702089054382
2025-09-07 01:41:19,110475,110248.09550000008,0.0020581262557947473
2025-09-07 01:41:53,110499,110291.83092683827,0.0018783718741522408
2025-09-07 03:03:31,110651,110363.44050000003,0.0026055684626828377
2025-09-07 03:04:06,110642,110419.68291851315,0.0020133827195547567
2025-09-07 04:22:51,110564,110468.4280000001,0.0008651521681823712
2025-09-07 04:23:28,110568,110489.31413903186,0.0007121581085128651
2025-09-07 05:17:58,110646,110538.72150000006,0.000970506068318712
2025-09-07 05:18:33,110623,110519.84971702416,0.0009333190665744295
2025-09-07 06:27:18,110572,110588.01200000006,-0.00014478965405455199
2025-09-07 06:27:52,110572,110555.82646658304,0.00014629290860444167
2025-09-07 07:17:45,110523,110586.88,-0.0005776453771008337
2025-09-07 07:18:20,110523,110543.26370872387,-0.00018331020854660984
2025-09-07 08:22:34,111029,110646.20299999998,0.0034596487689687876
2025-09-07 08:23:08,111120,110661.36182632518,0.004144519515263277
2025-09-07 09:17:43,111248,110770.61099999995,0.004309708104797346
2025-09-07 09:18:18,111243,110844.0067872315,0.003599592114478343
2025-09-07 10:18:30,111172,110870.903,0.002715744093831312
2025-09-07 10:19:04,111172,110931.65000147028,0.0021666494505989805
2025-09-07 11:15:05,111254,110985.74799999999,0.0024169950181351907
2025-09-07 11:15:39,111254,111021.62330206178,0.002093076024532461
2025-09-07 12:36:53,111158,111136.2605,0.00019561122447516615
2025-09-07 12:37:28,111158,111090.70113960042,0.0006058010230307781
2025-09-07 13:21:30,111070,111158.32250000005,-0.0007945648873934107
2025-09-07 13:22:06,111050,111086.78720187013,-0.0003311573121948354
2025-09-07 14:16:20,111206,111166.68750000009,0.00035363561588459363
2025-09-07 14:16:55,111206,111124.59483228091,0.0007325576110486722
2025-09-07 15:17:21,111211,111185.92950000011,0.00022548266774965613
2025-09-07 15:17:55,111230,111144.93561034146,0.0007653465197619319
2025-09-07 16:21:36,111222,111200.60900000008,0.00019236405440833452
2025-09-07 16:22:12,111216,111193.50354039762,0.00020231811109544846
2025-09-07 17:15:14,111080,111188.10050000006,-0.0009722308368786156
2025-09-07 17:15:50,111080,111179.06381917372,-0.0008910294417917117
2025-09-07 18:25:07,110963,111161.30850000012,-0.0017839705440325525
2025-09-07 18:25:41,110963,111112.44630812733,-0.001345000610578733
2025-09-07 19:14:06,111054,111134.57700000008,-0.0007250398766540271
2025-09-07 19:14:41,111054,111087.48283902464,-0.0003014096473241706
2025-09-07 20:19:48,111280,111137.73300000005,0.0012800962927680811
2025-09-07 20:20:24,111274,111136.47811089052,0.0012374144965460133
2025-09-07 21:16:17,111242,111127.98050000002,0.0010260197250680741
2025-09-07 21:16:53,111230,111169.20540355804,0.0005468654401303965
2025-09-07 22:17:39,111136,111125.67500000002,9.291282145177103e-05
2025-09-07 22:18:13,111158,111155.60631957898,2.15345001505579e-05
2025-09-07 23:17:29,111262,111186.65650000001,0.0006776307730774161
2025-09-07 23:18:03,111326,111206.31407547733,0.001076251159996486
2025-09-08 01:41:22,110941,111160.6825,-0.001976260806063289
2025-09-08 01:41:58,110969,111102.20988274888,-0.001198984996693253
2025-09-08 03:07:18,111186,111111.46800000002,0.0006707858454356611
2025-09-08 03:07:54,111216,111084.42403041474,0.0011844682162571766
2025-09-08 04:25:29,111136,111066.76400000001,0.000623372803046552
2025-09-08 04:26:05,111136,111095.65362454792,0.0003631679020353956
2025-09-08 05:20:27,111017,111019.14549999991,-1.932549552825922e-05
2025-09-08 05:21:01,110963,111054.6367801969,-0.0008251504201330495
2025-09-08 06:32:35,111152,111048.09099999994,0.0009357117179083962
2025-09-08 06:33:09,111165,111053.3399639758,0.0010054631050306273
2025-09-08 07:20:30,111375,111102.59549999998,0.0024518284093553765
2025-09-08 07:21:06,111363,111108.03205604204,0.002294775087271452
2025-09-08 08:29:42,111591,111148.57049999999,0.003980523528190702
2025-09-08 08:30:17,111600,111245.44725313262,0.0031871214114553227
2025-09-08 09:24:31,111958,111297.27600000003,0.005936569373000402
2025-09-08 09:25:07,111958,111427.6001664634,0.00476003999677129
2025-09-08 10:23:07,112058,111495.88150000009,0.005041607747636034
2025-09-08 10:23:41,112080,111607.58709834737,0.0042328027505544276
2025-09-08 11:17:22,111909,111695.70200000009,0.0019096348040312933
2025-09-08 11:17:58,111874,111732.84013292477,0.001263369542090715
2025-09-08 12:43:33,112052,111868.12400000011,0.0016436853808318734
2025-09-08 12:44:09,112066,111835.97337345745,0.0020568214287759626
2025-09-08 13:31:17,112267,112011.73700000005,0.0022788951125715332
2025-09-08 13:31:52,112222,111956.15756247198,0.002374522699920944
2025-09-08 14:21:01,112040,112038.27950000003,1.535635862711284e-05
2025-09-08 14:21:35,112031,111973.48257331517,0.0005136700704756028
2025-09-08 15:20:53,112826,112186.42700000005,0.005700983774088335
2025-09-08 15:21:29,112809,112228.87556941346,0.00516911915621692
2025-09-08 16:24:49,112431,112297.14049999998,0.0011920116523360673
2025-09-08 16:25:25,112416,112327.11543651645,0.0007913010419445855
2025-09-08 17:17:56,112386,112392.7415,-5.9981631465086425e-05
2025-09-08 17:18:33,112396,112365.07817251504,0.000275190726405947
2025-09-08 18:30:01,112404,112424.24150000008,-0.00018004568881237656
2025-09-08 18:30:35,112384,112349.67205884815,0.0003055455394107814
2025-09-08 19:16:40,112213,112460.88000000008,-0.0022041442321994744
2025-09-08 19:17:16,112210,112331.19189290695,-0.00107888014775532
2025-09-08 20:22:41,112026,112373.92800000003,-0.0030961630174574737
2025-09-08 20:23:15,112033,112261.53341798128,-0.0020357232884961923
2025-09-08 21:18:24,112067,112224.33150000004,-0.0014019375112075748
2025-09-08 21:18:58,112067,112173.56336129212,-0.000949986414792764
2025-09-08 22:18:51,112386,112210.07300000002,0.0015678360711874901
2025-09-08 22:19:26,112393,112238.2031002088,0.0013791819141383578
2025-09-08 23:19:06,112252,112204.62999999996,0.00042217509206205677
2025-09-08 23:19:40,112280,112245.46665645846,0.0003076591382281073
2025-09-09 01:38:09,111338,111992.01599999999,-0.005839844868941272
2025-09-09 01:38:45,111330,111879.1419767873,-0.004908349912991264
2025-09-09 03:02:02,111244,111729.91499999996,-0.00434901431724856
2025-09-09 03:02:37,111305,111635.08729489811,-0.0029568418218381934
2025-09-09 04:24:50,111931,111604.46849999996,0.002925792348538814
2025-09-09 04:25:25,111931,111681.13902231805,0.002237271036714792
2025-09-09 05:19:32,111901,111602.11699999993,0.0026781122798958607
2025-09-09 05:20:07,111920,111766.10417680605,0.001376945401536897
2025-09-09 06:31:24,112686,111832.62899999991,0.007630787254407541
2025-09-09 06:31:58,112744,112052.06765975543,0.006175096584077471
2025-09-09 07:20:07,113200,112104.68149999998,0.009770497407818097
2025-09-09 07:20:41,113178,112321.94871295145,0.00762140700778143
2025-09-09 08:28:17,113062,112419.04949999996,0.005719230885331722
2025-09-09 08:28:52,113080,112551.91150681424,0.004691954904326845
2025-09-09 09:22:50,112960,112665.02349999992,0.0026181727996539873
2025-09-09 09:23:25,112957,112691.84043746967,0.0023529615054735235
2025-09-09 10:21:58,112949,112869.17500000002,0.0007072347255128119
2025-09-09 10:22:33,112966,112783.6618482112,0.0016167071435772562
2025-09-09 11:17:51,112660,112930.71500000005,-0.0023971777740011174
2025-09-09 11:18:26,112651,112750.98746876128,-0.0008867990516622127
2025-09-09 12:43:55,112670,112841.45800000001,-0.0015194592753313525
2025-09-09 12:44:30,112615,112708.78209838427,-0.0008320744545212584
2025-09-09 13:32:21,112772,112787.37800000007,-0.00013634504385827396
2025-09-09 13:32:57,112845,112728.81609308739,0.0010306495795775411
2025-09-09 14:18:28,112269,112714.73200000003,-0.003954514126867041
2025-09-09 14:19:04,112218,112664.41042575991,-0.003962302062141192
2025-09-09 15:23:00,111541,112451.44250000008,-0.008096316772460048
2025-09-09 15:23:36,111502,112300.3612187267,-0.007109159846527439
2025-09-09 16:26:29,110922,112078.47900000002,-0.010318475146330466
2025-09-09 16:27:06,110981,111840.35206852909,-0.007683738942475131
2025-09-09 17:18:08,111040,111754.16800000006,-0.006390526749750066
2025-09-09 17:18:45,111040,111567.23222074535,-0.0047256906015395285
2025-09-09 18:26:45,111287,111431.17700000007,-0.0012938658989491668
2025-09-09 18:27:16,111297,111420.14016211519,-0.0011051876432395552
2025-09-09 19:15:55,111246,111142.42450000005,0.0009319168667221942
2025-09-09 19:16:30,111246,111335.8968757842,-0.0008074383761823968
2025-09-09 20:22:06,111172,111089.75550000004,0.0007403427942548402
2025-09-09 20:22:40,111172,111304.16645379008,-0.001187434918215312
2025-09-09 21:17:24,111579,111197.59950000005,0.0034299346542993043
2025-09-09 21:17:58,111540,111366.75946926678,0.0015555856303875934
2025-09-09 22:17:24,111503,111280.54850000003,0.001999015128865638
2025-09-09 22:18:00,111503,111381.68757143387,0.0010891595486765234
2025-09-09 23:17:29,111440,111354.3655,0.0007690268775318029
2025-09-09 23:18:04,111446,111411.45053311206,0.0003101069658694713
2025-09-10 01:27:05,111067,111379.83799999999,-0.002808748922762743
2025-09-10 01:27:40,111066,111316.02107450241,-0.0022460475328620736
2025-09-10 02:56:04,111377,111327.21699999998,0.00044717726124443515
2025-09-10 02:56:38,111384,111295.71522382523,0.0007932450588706013
2025-09-10 03:28:33,111522,111331.42950000001,0.001711740349116662
2025-09-10 03:29:09,111489,111330.24990517428,0.0014259385473484314
2025-09-10 04:23:09,111518,111331.602,0.0016742595691742678
2025-09-10 04:23:46,111510,111389.04505967327,0.0010858782410957221
2025-09-10 05:18:58,111476,111352.91600000001,0.0011053504876332829
2025-09-10 05:19:33,111494,111433.80612683557,0.0005401760494110705
2025-09-10 06:30:18,111756,111505.63750000004,0.0022452900643696976
2025-09-10 06:30:52,111816,111537.92232860596,0.002493122209814778
2025-09-10 07:19:35,111840,111605.67000000009,0.0020996245083239433
2025-09-10 07:20:10,111893,111628.85487667212,0.0023662799696342563
2025-09-10 08:27:28,112756,111850.02650000008,0.008099895264664236
2025-09-10 08:28:02,112706,111971.63674602528,0.006558475657906177
2025-09-10 09:20:55,112222,112006.79250000003,0.0019213790092237034
2025-09-10 09:21:30,112228,112088.1846210088,0.0012473694659606192
2025-09-10 10:20:26,112240,112155.61150000004,0.000752423341742087
2025-09-10 10:21:02,112236,112150.12008323116,0.0007657585805980969
2025-09-10 11:16:19,112352,112305.5895,0.0004132519156581974
2025-09-10 11:16:53,112356,112223.14067973885,0.0011838852437778794
2025-09-10 12:40:58,113164,112432.40399999995,0.006506985299363065
2025-09-10 12:41:29,113120,112363.10823902873,0.006736123384564435
2025-09-10 13:38:06,113472,112630.5,0.007471333253426026
2025-09-10 13:38:41,113553,112780.89612039166,0.006846052001432382
2025-09-10 14:18:59,114026,112905.26899999997,0.009926294936687403
2025-09-10 14:19:35,114009,113123.11180128183,0.007831186612638147
2025-09-10 15:20:39,113810,113240.97299999997,0.005024921500807231
2025-09-10 15:21:14,113809,113405.49048196209,0.003558112718555676
2025-09-10 16:25:40,113720,113536.56450000002,0.0016156513173337893
2025-09-10 16:26:15,113656,113528.01653643127,0.001127329336610574
2025-09-10 17:16:54,113995,113830.84200000006,0.0014421223379858467
2025-09-10 17:17:27,113999,113645.53284674633,0.0031102599847046587
2025-09-10 18:29:01,113409,113829.14400000001,-0.0036910055301831554
2025-09-10 18:29:37,113390,113604.79647093873,-0.0018907341733029536
2025-09-10 19:15:54,113305,113713.35850000002,-0.003591121618310276
2025-09-10 19:16:29,113325,113546.70976274909,-0.001952586413224482
2025-09-10 20:21:27,113699,113635.02450000001,0.0005629910345114231
2025-09-10 20:22:04,113661,113559.256133121,0.0008959539745463632
2025-09-10 21:17:55,113764,113618.92000000001,0.0012769000092589084
2025-09-10 21:18:29,113764,113608.75799965615,0.0013664615569894305
2025-09-10 22:18:17,113974,113647.35300000003,0.0028742156449518717
2025-09-10 22:18:51,113988,113701.81933823308,0.002516940040472074
2025-09-10 23:17:55,113907,113691.47400000007,0.0018957094355195458
2025-09-10 23:18:32,113913,113755.72099863233,0.0013826030021783454
2025-09-11 01:37:36,113960,113847.69350000008,0.0009864626726049453
2025-09-11 01:38:11,113892,113837.90015455561,0.00047523579906990824
2025-09-11 03:00:49,113819,113873.71900000007,-0.0004805235174594592
2025-09-11 03:01:25,113826,113843.66791381923,-0.00015519452370949127
2025-09-11 03:37:17,114063,113904.25250000009,0.0013936924786887147
2025-09-11 03:37:54,114088,113900.8367038833,0.0016432126535056795
2025-09-11 04:24:14,114192,113971.88100000002,0.0019313448024954234
2025-09-11 04:24:50,114243,114011.64212550658,0.002029247804699947
2025-09-11 05:19:31,114075,114025.61800000005,0.00043307811758541936
2025-09-11 05:20:06,114075,114045.18619417619,0.00026142099301805906
2025-09-11 06:30:48,114268,114111.73950000005,0.00136936392946622
2025-09-11 06:31:22,114267,114129.84705706069,0.001201727212257989
2025-09-11 07:19:45,114008,114160.55150000002,-0.0013362890945741088
2025-09-11 07:20:20,114013,114142.92393350489,-0.0011382565736670629
2025-09-11 08:26:51,114133,114204.102,-0.0006225870941133003
2025-09-11 08:27:28,114133,114143.20132928253,-8.937307841138616e-05
2025-09-11 09:20:47,113941,114153.70500000003,-0.0018633210371930616
2025-09-11 09:21:22,113941,114096.06102491148,-0.0013590392474427991
2025-09-11 10:20:31,113982,114111.37749999999,-0.0011337826502005707
2025-09-11 10:21:07,113979,114042.77096330802,-0.0005591846179232232
2025-09-11 11:16:04,114032,114070.92999999998,-0.0003412788867415955
2025-09-11 11:16:39,114019,114042.48802395798,-0.0002059585367257631
2025-09-11 12:40:11,113929,114019.4335,-0.0007931411095811065
2025-09-11 12:40:46,113893,114013.18299917669,-0.0010541149366696844
2025-09-11 13:25:23,113770,114011.8035,-0.002120863740217867
2025-09-11 13:25:59,113771,114020.56238567799,-0.002188748945421208
2025-09-11 14:19:43,114032,113999.45999999999,0.00028543994857526653
2025-09-11 14:20:18,113995,114024.238624702,-0.00025642464316942006
2025-09-11 15:18:26,114603,114135.291,0.00409784735205172
2025-09-11 15:19:00,114644,114208.96855880048,0.003809083005381881
2025-09-11 16:25:01,114363,114175.7545,0.0016399760248574013
2025-09-11 16:25:35,114381,114220.98314339932,0.0014009409847206618
2025-09-11 17:16:50,114470,114276.80249999995,0.001690609955594908
2025-09-11 17:17:26,114478,114309.06944756502,0.001477840325806056
2025-09-11 18:25:15,114172,114336.64699999995,-0.0014400194891140512
2025-09-11 18:25:49,114170,114345.43327130715,-0.0015342394207462475
2025-09-11 19:15:02,114251,114392.42299999998,-0.0012362969180221028
2025-09-11 19:15:36,114235,114315.90746085129,-0.0007077533009043107
2025-09-11 20:18:34,114385,114376.2845,7.620023712175845e-05
2025-09-11 20:19:08,114391,114343.96983572091,0.00041130428081739704
2025-09-11 21:17:16,114429,114391.19350000001,0.0003305018405983455
2025-09-11 21:17:51,114429,114353.96306531169,0.0006561813222463717
2025-09-11 22:18:08,114576,114399.35550000003,0.0015441039788022732
2025-09-11 22:18:43,114576,114422.15884196889,0.0013445049419455652
2025-09-11 23:18:05,115337,114582.04200000004,0.006588798618198432
2025-09-11 23:18:41,115337,114717.54119376301,0.005399861257405214
2025-09-12 01:26:23,115832,115134.24050000007,0.006060399555942065
2025-09-12 01:26:59,115794,115273.4878908802,0.0045154538015933
2025-09-12 02:55:44,115257,115440.36950000007,-0.0015884347979332597
2025-09-12 02:56:17,115275,115351.35132333486,-0.0006619022877404176
2025-09-12 03:28:11,115178,115486.96650000007,-0.0026753365281273326
2025-09-12 03:28:47,115194,115337.89692281626,-0.0012476118141165331
2025-09-12 04:23:03,115346,115495.2800000001,-0.0012925203523477373
2025-09-12 04:23:37,115295,115310.06578915287,-0.00013065458812950672
2025-09-12 05:18:33,115542,115497.37250000006,0.00038639407143174705
2025-09-12 05:19:07,115555,115356.5397977375,0.001720407032063183
2025-09-12 06:30:18,115344,115384.70000000004,-0.00035273307466276494
2025-09-12 06:30:52,115344,115382.37957518587,-0.0003326294303096913
2025-09-12 07:18:47,115298,115358.4230000001,-0.0005237848995222225
2025-09-12 07:19:21,115298,115357.99377301741,-0.0005200660227800014
2025-09-12 08:26:00,115228,115315.21050000007,-0.0007562792421046116
2025-09-12 08:26:34,115230,115284.99784923572,-0.0004770598973132844
2025-09-12 09:20:29,115001,115269.61500000003,-0.002330319225929871
2025-09-12 09:21:04,114973,115196.28501653498,-0.0019383004973027665
2025-09-12 10:21:35,115000,115181.15199999997,-0.001572757320572491
2025-09-12 10:22:09,114997,115126.43576994225,-0.0011242923406480382
2025-09-12 11:16:16,114916,115076.8705,-0.00139793947559605
2025-09-12 11:16:52,114916,115068.09363765187,-0.001321770725869561
2025-09-12 12:39:41,114939,115013.84999999998,-0.0006507911873220202
2025-09-12 12:40:15,114940,115042.02491086963,-0.0008868490531931701
2025-09-12 13:26:54,114920,115001.60499999995,-0.0007095987921207908
2025-09-12 13:27:28,114941,115035.95256933452,-0.0008254164651463248
2025-09-12 14:18:56,115264,115019.56650000003,0.0021251471157298267
2025-09-12 14:19:31,115283,115070.27346571328,0.0018486662791333537
2025-09-12 15:19:39,115160,115034.33000000003,0.0010924564866850541
2025-09-12 15:20:14,115149,115070.13303420009,0.0006853817208716745
2025-09-12 16:21:27,115200,115060.27999999996,0.0012143200068698327
2025-09-12 16:22:03,115194,115099.28349482786,0.0008229113361630507
2025-09-12 17:16:40,115633,115179.98099999999,0.003933140082737249
2025-09-12 17:17:16,115637,115252.80477804494,0.0033334999759437153
2025-09-12 18:25:04,116125,115380.874,0.006449301120738641
2025-09-12 18:25:38,116131,115506.0106818052,0.0054108813429329964
2025-09-12 19:15:37,116307,115641.02999999996,0.005758942133255343
2025-09-12 19:16:12,116278,115794.46188228799,0.004175831122247969
2025-09-12 20:21:31,116059,115850.67049999993,0.0017982589060636074
2025-09-12 20:22:06,116042,115962.30755190933,0.0006872271669395773
2025-09-12 21:16:49,116085,116053.85699999999,0.0002683495474003156
2025-09-12 21:17:25,116100,116018.97566803075,0.0006983713784983802
2025-09-12 22:17:40,116099,116168.75900000005,-0.0006004970751219706
2025-09-12 22:18:16,116101,116006.89138841462,0.0008112329402077369
2025-09-12 23:17:17,115967,116169.94700000001,-0.0017469836669548851
2025-09-12 23:17:52,116008,116004.6403173186,2.8961623192078453e-05
2025-09-13 01:22:34,116134,116064.56000000003,0.0005982877115975213
2025-09-13 01:23:08,116134,116074.68219746926,0.0005110313584992591
2025-09-13 02:48:39,115945,116020.25100000005,-0.0006486022858203217
2025-09-13 02:49:14,115906,115990.35194533395,-0.000727232428553273
2025-09-13 03:22:20,115905,116002.095,-0.0008370107453662899
2025-09-13 03:22:56,115905,115974.07406733363,-0.0005955992137822287
2025-09-13 04:22:40,115781,115973.41599999997,-0.0016591388495443506
2025-09-13 04:23:15,115772,115936.82339852238,-0.0014216656424664341
2025-09-13 05:18:00,115694,115905.62349999994,-0.0018258259919540782
2025-09-13 05:18:35,115694,115866.20266592223,-0.0014862199844310512
2025-09-13 06:26:45,115666,115823.62249999997,-0.001360883873235519
2025-09-13 06:27:20,115672,115819.0152746611,-0.001269353519475678
2025-09-13 07:16:37,115834,115804.20849999998,0.00025725748991256385
2025-09-13 07:17:13,115852,115812.45099231171,0.00034149184607888737
2025-09-13 08:23:14,115809,115782.75950000001,0.00022663564172509924
2025-09-13 08:23:50,115809,115805.88982918156,2.6856758520926037e-05
2025-09-13 09:18:01,115888,115799.56949999998,0.0007636513709147838
2025-09-13 09:18:39,115892,115851.87531290343,0.0003463447353631284
2025-09-13 10:18:07,116104,115857.02450000001,0.002131726592028832
2025-09-13 10:18:42,116104,115916.29625686308,0.0016193041806734836
2025-09-13 11:14:26,115888,115889.13650000002,-9.806786333439904e-06
2025-09-13 11:15:00,115888,115921.1632609988,-0.000286084611867923
2025-09-13 12:36:28,115924,115935.65849999998,-0.00010056008781781236
2025-09-13 12:37:02,115924,115927.00149773988,-2.5891273828391412e-05
2025-09-13 13:21:09,115927,115961.84550000001,-0.00030049107833498873
2025-09-13 13:21:40,115918,115935.4706125172,-0.0001506925570310144
2025-09-13 14:15:10,115679,115926.23649999993,-0.0021327053086893444
2025-09-13 14:15:46,115688,115874.96209211057,-0.001613481365904986
2025-09-13 15:16:33,115863,115900.74049999996,-0.0003256277728437485
2025-09-13 15:17:05,115870,115878.33747173371,-7.195021878655724e-05
2025-09-13 16:20:58,115626,115846.82049999999,-0.0019061420852718794
2025-09-13 16:21:32,115569,115805.41738113976,-0.002041505367246027
2025-09-13 17:14:28,115316,115754.35850000005,-0.0037869718745842783
2025-09-13 17:15:03,115256,115681.44872271322,-0.0036777610188217296
2025-09-13 18:24:26,115563,115642.55099999998,-0.0006879042299921044
2025-09-13 18:25:02,115563,115621.996814765,-0.0005102559754224299
2025-09-13 19:14:03,115609,115623.2365,-0.0001231283644269815
2025-09-13 19:14:39,115609,115624.37455269118,-0.0001329698236263703
2025-09-13 20:18:55,115913,115611.954,0.0026039348837578
2025-09-13 20:19:29,115914,115700.0430478861,0.001849238310355276
2025-09-13 21:15:42,115857,115651.02449999994,0.0017810088660309168
2025-09-13 21:16:18,115857,115757.17633762109,0.0008623539856204135
2025-09-13 22:16:49,115902,115764.36799999993,0.0011888977789786806
2025-09-13 22:17:23,115902,115807.13693064338,0.0008191470048468268
2025-09-13 23:16:47,115899,115824.07899999994,0.0006468516792614456
2025-09-13 23:17:22,115914,115830.9775144067,0.0007167554601961178
2025-09-14 01:40:54,115844,115890.03449999992,-0.0003972256993324268
2025-09-14 01:41:31,115844,115861.24934325735,-0.0001488793134471547
2025-09-14 03:02:51,115766,115902.66100000004,-0.0011791014875839338
2025-09-14 03:03:25,115802,115888.3226566238,-0.0007448779535758251
2025-09-14 04:22:52,115590,115850.54699999999,-0.0022489924022541853
2025-09-14 04:23:29,115590,115796.67688370815,-0.0017848256899091145
2025-09-14 05:18:10,115776,115822.2815,-0.00039959064353258596
2025-09-14 05:18:45,115776,115796.65916777677,-0.00017840901391497874
2025-09-14 06:27:37,115767,115817.32950000002,-0.0004345593204169126
2025-09-14 06:28:12,115767,115807.42545825402,-0.0003490748377666732
2025-09-14 07:17:16,115747,115762.72949999999,-0.00013587706568362083
2025-09-14 07:17:51,115747,115783.56218360602,-0.00031578043477395473
2025-09-14 08:23:17,115845,115770.77799999996,0.0006411116974616684
2025-09-14 08:23:52,115863,115797.31343372854,0.0005672546652738034
2025-09-14 09:18:05,115961,115824.35149999996,0.001179790762739901
2025-09-14 09:18:39,115961,115850.76285029083,0.0009515444438775184
2025-09-14 10:17:52,116049,115885.63699999996,0.0014096915219963045
2025-09-14 10:18:24,116049,115926.89748779664,0.0010532716293577523
2025-09-14 11:14:06,116076,115907.9375,0.001449965408969511
2025-09-14 11:14:42,116060,115944.01642291402,0.0010003412048701222
2025-09-14 12:36:00,115806,115920.45850000002,-0.0009873882615813018
2025-09-14 12:36:37,115806,115879.60088074657,-0.0006351495879098977
2025-09-14 13:20:30,115657,115900.29299999995,-0.002099157764855237
2025-09-14 13:21:03,115646,115830.84274526489,-0.0015957990193630578
2025-09-14 14:15:59,115552,115787.42249999999,-0.002033230336395009
2025-09-14 14:16:29,115494,115692.16680685393,-0.001712880070651329
2025-09-14 15:17:40,115384,115648.37000000002,-0.0022859812031939958
2025-09-14 15:18:02,115384,115582.34933116399,-0.0017160866889431735
2025-09-14 16:20:53,115292,115502.26499999998,-0.00182044049092877
2025-09-14 16:21:28,115292,115475.69800566121,-0.0015907936373954846
2025-09-14 17:15:08,115490,115452.56599999996,0.00032423705506933034
2025-09-14 17:15:43,115501,115494.80139277446,5.367001069128966e-05
2025-09-14 18:24:56,115473,115431.80199999998,0.0003569033774593462
2025-09-14 18:25:31,115473,115518.68585964521,-0.00039548458593716764
2025-09-14 19:14:05,115456,115436.06449999998,0.00017269732891856708
2025-09-14 19:14:39,115447,115496.83954986572,-0.00043152306210249985
2025-09-14 20:19:15,115759,115507.54549999998,0.0021769530199221634
2025-09-14 20:19:51,115759,115562.27395023126,0.0017023379952999338
2025-09-14 21:16:26,115812,115599.68049999999,0.0018366789517209122
2025-09-14 21:17:00,115815,115637.92627322629,0.0015312772589446816
2025-09-14 22:17:23,115897,115696.26399999997,0.0017350257740391133
2025-09-14 22:17:59,115867,115752.61502047958,0.0009881848414411843
2025-09-14 23:17:04,115604,115748.59049999998,-0.001249177198403782
2025-09-14 23:17:38,115575,115764.47369200767,-0.001636717085690423
2025-09-15 01:42:16,115206,115529.1525,-0.0027971511346454006
2025-09-15 01:42:51,115194,115369.58237159788,-0.0015219121712024357
2025-09-15 03:08:31,115454,115364.973,0.0007716987026903033
2025-09-15 03:09:03,115491,115378.6916178774,0.0009733892848651537
2025-09-15 04:25:02,115949,115307.33799999999,0.00556479761938491
2025-09-15 04:25:38,116007,115459.05909591464,0.00474575930529779
2025-09-15 05:20:38,116191,115493.1195,0.006042615378485809
2025-09-15 05:21:10,116278,115690.30060335739,0.005079936637536523
2025-09-15 06:32:30,116365,115846.80899999998,0.0044730709846312715
2025-09-15 06:33:05,116353,115989.27857724545,0.0031358193379254487
2025-09-15 07:20:38,116267,115975.7335,0.002511443482269486
2025-09-15 07:21:13,116266,116043.09178401936,0.0019209089705703574
2025-09-15 08:27:48,115745,116021.09950000001,-0.002379735248070211
2025-09-15 08:28:22,115727,115914.56260761154,-0.001618110817071985
2025-09-15 09:23:52,115122,115897.93349999997,-0.006694972693365325
2025-09-15 09:24:27,115129,115604.80108005587,-0.004115755363191007
2025-09-15 10:22:08,114910,115645.26349999996,-0.006357921437914814
2025-09-15 10:22:42,114924,115367.98015106215,-0.0038483828050105617
2025-09-15 11:16:42,115037,115324.39999999994,-0.002492100544203448
2025-09-15 11:17:16,115026,115211.84196432898,-0.0016130456831557358
2025-09-15 12:41:48,114839,115025.84099999994,-0.0016243393517109102
2025-09-15 12:42:22,114868,115092.78010292983,-0.001953033915149174
2025-09-15 13:28:17,114972,114904.51149999995,0.0005873442140698752
2025-09-15 13:28:51,115042,115034.3634687497,6.638478294686704e-05
2025-09-15 14:21:06,114811,114870.55549999994,-0.0005184574910490795
2025-09-15 14:21:41,114786,114949.10496416228,-0.0014189320065878942
2025-09-15 15:22:31,114561,114811.88549999997,-0.0021851875257285526
2025-09-15 15:23:07,114572,114840.91676780512,-0.0023416459514062787
2025-09-15 16:26:13,114682,114795.33799999996,-0.0009873049025733063
2025-09-15 16:26:47,114709,114823.1330167544,-0.0009939897454090474
2025-09-15 17:17:20,114853,114765.89299999995,0.0007589972745652517
2025-09-15 17:17:56,114869,114820.6858930975,0.00042077876931934376
2025-09-15 18:29:14,114986,114786.95249999994,0.0017340603236248378
2025-09-15 18:29:46,114962,114865.57740377664,0.0008394385716132836
2025-09-15 19:15:42,115153,114875.18599999991,0.0024183986957817503
2025-09-15 19:16:16,115193,114963.79528381136,0.0019937121562732495
2025-09-15 20:21:43,115354,115012.8359999999,0.002966312386211453
2025-09-15 20:22:18,115352,115092.32308836469,0.0022562487633161865
2025-09-15 21:17:43,115401,115123.69849999994,0.002408726470858298
2025-09-15 21:18:18,115431,115178.42040661446,0.0021929419807448195
2025-09-15 22:17:50,115454,115262.98149999997,0.0016572406640377835
2025-09-15 22:18:25,115454,115276.02756024362,0.0015438807488692753
2025-09-15 23:17:13,115347,115328.38500000004,0.0001614086592815947
2025-09-15 23:17:48,115364,115289.86967739744,0.0006429907745580199
2025-09-16 01:26:54,115410,115322.7155000001,0.0007568717023482413
2025-09-16 01:27:29,115491,115268.25006415967,0.0019324483170026787
2025-09-16 02:57:08,115028,115233.8605000001,-0.00178645841688257
2025-09-16 02:57:45,115028,115188.53787956288,-0.0013936966517513341
2025-09-16 03:31:43,115231,115205.73350000006,0.00021931634157721573
2025-09-16 03:32:18,115247,115191.86424583563,0.00047864278024617316
2025-09-16 04:24:23,115246,115193.79750000006,0.00045317110063969535
2025-09-16 04:24:58,115270,115211.39116831936,0.0005087069176607417
2025-09-16 05:19:08,115635,115269.25900000003,0.0031729274845079497
2025-09-16 05:19:42,115649,115341.51999773206,0.002665822353251344
2025-09-16 06:30:45,115725,115428.43900000001,0.0025692195317653646
2025-09-16 06:31:20,115706,115539.62751556096,0.0014399603669886414
2025-09-16 07:20:08,115855,115538.42300000004,0.0027400148953042316
2025-09-16 07:20:43,115855,115619.00076970957,0.0020411803312544853
2025-09-16 08:27:58,115763,115683.36799999999,0.0006883617012258179
2025-09-16 08:28:33,115763,115689.72349427588,0.0006333882000136777
2025-09-16 09:22:40,115706,115755.24149999993,-0.0004253932639407175
2025-09-16 09:23:13,115707,115677.89716233953,0.000251585120186133
2025-09-16 10:21:08,115590,115728.58649999998,-0.0011975131140133282
2025-09-16 10:21:43,115540,115610.40867496627,-0.0006090167466168069
2025-09-16 11:16:38,115281,115616.59899999996,-0.0029026887393561753
2025-09-16 11:17:12,115258,115512.66156108183,-0.002204620321618717
2025-09-16 12:41:39,115438,115507.4945,-0.0006016449434802752
2025-09-16 12:42:14,115430,115452.54561337801,-0.00019528034880676907
2025-09-16 13:30:03,115460,115435.88649999998,0.00020889084608902196
2025-09-16 13:30:37,115482,115453.24736364791,0.00024904138262586
2025-09-16 14:20:52,114970,115333.97499999998,-0.0031558350434030976
2025-09-16 14:21:28,115012,115320.16252761184,-0.0026722345933050313
2025-09-16 15:21:47,115188,115264.35599999996,-0.0006624424292966695
2025-09-16 15:22:23,115206,115262.63311249622,-0.0004913397426982458
2025-09-16 16:25:57,115751,115329.692,0.003653074873381302
2025-09-16 16:26:31,115748,115408.9333109994,0.0029379587807721306
2025-09-16 17:17:24,116629,115521.04749999999,0.009590914590694081
2025-09-16 17:17:59,116598,115703.62362222624,0.007729890817368972
2025-09-16 18:29:36,116460,115742.2935,0.006200900969704736
2025-09-16 18:30:11,116478,116023.90491477754,0.003913806258770617
2025-09-16 19:15:56,116572,116019.03650000002,0.004766144562836318
2025-09-16 19:16:31,116549,116139.37354363478,0.003527024848393221
2025-09-16 20:21:56,116815,116344.44450000003,0.0040445033883845915
2025-09-16 20:22:30,116815,116344.46669191596,0.0040443118737225675
2025-09-16 21:17:56,116750,116550.81650000004,0.0017089841665755764
2025-09-16 21:18:31,116722,116477.25470645334,0.002101228211151316
2025-09-16 22:17:42,116935,116649.55900000001,0.00244699596335372
2025-09-16 22:18:18,116928,116587.58076966606,0.0029198584282015367
2025-09-16 23:15:33,116900,116718.15050000003,0.0015580224602682294
2025-09-16 23:16:08,116900,116673.79472727455,0.0019387838824836742
2025-09-17 01:26:59,116578,116735.65800000002,-0.00135055562885528
2025-09-17 01:27:33,116623,116659.63940497916,-0.00031407096032556647
2025-09-17 02:56:08,116711,116737.98050000002,-0.0002311201537362527
2025-09-17 02:56:42,116731,116694.59531596024,0.00031196546799100184
2025-09-17 03:29:33,116495,116709.62650000004,-0.001838978552467924
2025-09-17 03:30:08,116517,116662.98294802885,-0.0012513219218291283
2025-09-17 04:23:41,116317,116626.35250000001,-0.0026525094317770776
2025-09-17 04:24:17,116317,116583.39555098506,-0.002285021376552392
2025-09-17 05:19:10,116540,116571.44149999999,-0.00026971872008622514
2025-09-17 05:19:44,116606,116536.45936939816,0.000596728534384341
2025-09-17 06:30:56,117057,116655.981,0.003437620570864688
2025-09-17 06:31:30,117052,116716.3395878696,0.00287586479592856
2025-09-17 07:19:15,117241,116739.77999999996,0.004293480765511508
2025-09-17 07:19:49,117250,116856.83568367679,0.003364495658495114
2025-09-17 08:26:55,116951,116814.20300000001,0.0011710647890992448
2025-09-17 08:27:29,116937,116920.94267456199,0.00013733489544904054
2025-09-17 09:21:19,116704,116882.875,-0.0015303781670325956
2025-09-17 09:21:55,116644,116862.86972586707,-0.0018728765293928673
2025-09-17 10:21:08,116459,116911.88900000001,-0.0038737634287990172
2025-09-17 10:21:42,116442,116757.15074693774,-0.0026991986779533925
2025-09-17 11:16:35,116300,116783.2600000001,-0.0041380930794370375
2025-09-17 11:17:11,116300,116619.78660525911,-0.0027421299126669076
2025-09-17 12:41:46,116134,116553.15300000008,-0.0035962390481197723
2025-09-17 12:42:22,116117,116481.95026603295,-0.003133105731827429
2025-09-17 13:28:50,116258,116433.66650000002,-0.0015087260006539532
2025-09-17 13:29:25,116244,116413.69492016763,-0.0014576886360664289
2025-09-17 14:19:22,115978,116291.73250000004,-0.00269780571030741
2025-09-17 14:19:57,115959,116290.85303967126,-0.0028536469636012704
2025-09-17 15:21:08,115685,116101.01850000005,-0.003583245912696701
2025-09-17 15:21:44,115659,116065.85073181662,-0.00350534398577492
2025-09-17 16:26:02,115609,115972.4645,-0.0031340586023331585
2025-09-17 16:26:38,115627,115948.4375073296,-0.0027722452690168986
2025-09-17 17:16:59,115726,115838.7935,-0.0009737109356201968
2025-09-17 17:17:35,115715,115847.90852216112,-0.0011472673426442738
2025-09-17 18:28:48,115979,115815.57550000004,0.0014110753177577963
2025-09-17 18:29:24,115965,115871.79434904477,0.0008043860154134505
2025-09-17 19:15:33,115551,115660.02900000002,-0.0009426679289525691
2025-09-17 19:16:07,115583,115693.23827521481,-0.0009528497676983773
2025-09-17 20:21:53,115915,115655.64749999996,0.002242454264933646
2025-09-17 20:22:27,115872,115724.63741737421,0.0012733898840772517
2025-09-17 21:17:23,115813,115645.64450000001,0.0014471405362783945
2025-09-17 21:17:57,115742,115713.12945180884,0.00024950105772728184
2025-09-17 22:17:19,116264,115748.676,0.004452094121577626
2025-09-17 22:17:53,116168,115851.79895194875,0.0027293581188359757
2025-09-17 23:18:13,116725,115923.08450000004,0.0069176515053820786
2025-09-17 23:18:47,116736,116113.64492486726,0.005359878897397842
2025-09-18 01:26:58,116632,116245.6565,0.0033235091239731842
2025-09-18 01:27:33,116629,116277.34918913602,0.0030242417230546747
2025-09-18 02:58:00,116943,116505.74949999999,0.0037530379562942446
2025-09-18 02:58:36,116960,116466.27307854756,0.004239226588108141
2025-09-18 03:33:39,117709,116710.69150000003,0.008553702211591898
2025-09-18 03:34:10,117705,116771.67404045079,0.007992742822423697
2025-09-18 04:25:01,117416,116847.95349999999,0.004861415908324071
2025-09-18 04:25:36,117449,116969.53483863457,0.004099060170042348
2025-09-18 05:18:50,117401,117074.16400000006,0.0027917004814139636
2025-09-18 05:19:25,117415,117132.38841641275,0.002412753529643283
2025-09-18 06:30:27,116953,117200.83200000005,-0.0021145924970912577
2025-09-18 06:31:02,116900,117098.50424198074,-0.0016951902440234406
2025-09-18 07:19:11,117193,117292.50700000006,-0.0008483662131977105
2025-09-18 07:19:45,117196,117123.02104169909,0.000623096617999026
2025-09-18 08:26:27,117311,117289.03900000003,0.00018723829768923746
2025-09-18 08:27:03,117308,117143.16595377555,0.0014071161973673778
2025-09-18 09:21:17,117281,117223.03000000006,0.0004945273979007617
2025-09-18 09:21:52,117308,117179.80444080634,0.0010940072805669765
2025-09-18 10:20:57,117291,117184.74100000001,0.0009067648150537868
2025-09-18 10:21:32,117275,117201.17290610015,0.0006299177053372652
2025-09-18 11:16:23,117213,117184.41050000003,0.00024397016529748
2025-09-18 11:16:57,117224,117182.92459370452,0.0003505238193866252
2025-09-18 12:41:03,117213,117201.17150000003,0.00010092475910084357
2025-09-18 12:41:38,117208,117187.03351013472,0.00017891475905882777
2025-09-18 13:28:43,117435,117216.45300000005,0.0018644737526731646
2025-09-18 13:29:18,117433,117222.06655553132,0.0017994346172762437
2025-09-18 14:20:02,117720,117268.39800000012,0.003851011932472055
2025-09-18 14:20:38,117759,117321.78911899969,0.003726595752446702
2025-09-18 15:21:09,117534,117338.82600000007,0.0016633369077676487
2025-09-18 15:21:44,117555,117401.42225109838,0.0013081421498723057
2025-09-18 16:25:18,117693,117415.88450000007,0.0023601193414331174
2025-09-18 16:25:52,117742,117461.04142488963,0.00239192988332248
2025-09-18 17:17:05,117686,117513.23550000011,0.001470170566445583
2025-09-18 17:17:40,117686,117529.7108652881,0.0013297840483164126
2025-09-18 18:29:47,117847,117584.09100000006,0.00223592322536168
2025-09-18 18:30:24,117781,117594.12525970282,0.0015891503073344156
2025-09-18 19:17:18,117646,117639.72300000004,5.335782710027467e-05
2025-09-18 19:17:53,117642,117626.69928426086,0.00013007859467487084
2025-09-18 20:22:32,117485,117607.2315,-0.0010393195932003078
2025-09-18 20:23:08,117479,117546.75593379482,-0.0005764168756216503
2025-09-18 21:18:11,117381,117580.72449999998,-0.0016986160006182145
2025-09-18 21:18:47,117351,117517.38310076307,-0.001415816931699399
2025-09-18 22:15:53,117216,117512.07999999996,-0.0025195707539170287
2025-09-18 22:16:28,117206,117439.92021910957,-0.001991828831909452
2025-09-18 23:18:13,116705,117370.79899999996,-0.005672611975658065
2025-09-18 23:18:49,116654,117276.80413861608,-0.005310548349185482
2025-09-19 01:37:22,117272,117223.23800000001,0.0004159755423236806
2025-09-19 01:37:58,117272,117270.3814807456,1.380160304733799e-05
2025-09-19 03:01:24,117136,117144.644,-7.378911834842601e-05
2025-09-19 03:01:58,117137,117194.61577593285,-0.0004916247692044648
2025-09-19 04:24:29,116858,117118.62000000007,-0.002225265290865517
2025-09-19 04:25:05,116858,117089.62340656915,-0.0019781719321522594
2025-09-19 05:18:59,116858,117118.62000000007,-0.002225265290865517
2025-09-19 05:19:34,116858,117089.62340656915,-0.0019781719321522594
2025-09-19 06:30:27,116858,117025.84050000005,-0.0014342174282443996
2025-09-19 06:31:02,116858,117005.93486711339,-0.0012643364396977424
2025-09-19 07:19:35,116858,117025.84050000005,-0.0014342174282443996
2025-09-19 07:20:11,116858,117005.93486711339,-0.0012643364396977424
2025-09-19 08:26:56,116858,116888.27300000009,-0.00025899090835304183
2025-09-19 08:27:31,116858,116911.26655450523,-0.00045561523773584445
2025-09-19 09:21:55,116858,116888.27300000009,-0.00025899090835304183
2025-09-19 09:22:29,116858,116911.26655450523,-0.00045561523773584445
2025-09-19 10:21:51,116858,116884.96050000002,-0.0002306584173420292
2025-09-19 10:22:25,116858,116922.32297116864,-0.0005501342218842563
2025-09-19 11:17:10,116858,116884.96050000002,-0.0002306584173420292
2025-09-19 11:17:45,116858,116922.32297116864,-0.0005501342218842563
2025-09-19 12:41:20,116240,116619.93900000004,-0.0032579248733790025
2025-09-19 12:41:54,116227,116547.3112865713,-0.002748336988947863
2025-09-19 13:29:19,116283,116499.33050000007,-0.0018569248344312934
2025-09-19 13:29:54,116236,116451.97294268562,-0.0018546095633082738
2025-09-19 14:19:37,116227,116368.5725000001,-0.0012165870643476057
2025-09-19 14:20:11,116217,116392.95888936108,-0.0015117657549056568
2025-09-19 15:20:19,115557,116214.4215000001,-0.005656970034481461
2025-09-19 15:20:54,115582,116186.93079632185,-0.0052065304778753626
2025-09-19 16:24:33,115987,116120.66850000006,-0.0011511172104564477
2025-09-19 16:25:08,115987,116118.51177965394,-0.001132565149504309
2025-09-19 17:16:57,115800,116030.36350000005,-0.001985372561554117
2025-09-19 17:17:34,115765,116043.08935515108,-0.002396431848690156
2025-09-19 18:28:17,115439,115898.52800000002,-0.003964916620856653
2025-09-19 18:28:52,115429,115871.17997711262,-0.0038161342380388773
2025-09-19 19:15:34,115326,115722.99250000001,-0.0034305412556628065
2025-09-19 19:16:09,115326,115713.09079991002,-0.003345263679624375
2025-09-19 20:21:35,115332,115606.97750000001,-0.0023785545297212544
2025-09-19 20:22:10,115340,115563.50089650982,-0.0019340093954922242
2025-09-19 21:17:17,115401,115500.36750000005,-0.000860321937937134
2025-09-19 21:17:52,115428,115510.45393983035,-0.0007138223166649173
2025-09-19 22:18:47,115576,115421.9185,0.001334941421892933
2025-09-19 22:19:22,115580,115518.03204353308,0.0005364353544697486
2025-09-19 23:17:37,115530,115429.88749999995,0.0008673013737455701
2025-09-19 23:18:11,115535,115531.69592141107,2.8598892819673874e-05
2025-09-20 01:25:39,115700,115546.48249999993,0.0013286211460402926
2025-09-20 01:26:14,115712,115592.61300289365,0.0010328254894918368
2025-09-20 02:55:07,115582,115596.41599999988,-0.00012470974878564606
2025-09-20 02:55:42,115590,115584.87529640974,4.4337146855256084e-05
2025-09-20 03:28:36,115543,115589.58199999991,-0.0004029947958450754
2025-09-20 03:29:10,115543,115571.39554066323,-0.00024569696100311877
2025-09-20 04:23:36,115460,115573.94199999992,-0.0009858796717336403
2025-09-20 04:24:11,115460,115538.13201449481,-0.0006762443976938217
2025-09-20 05:18:44,115589,115571.17249999996,0.0001542555951835055
2025-09-20 05:19:20,115589,115549.4974407833,0.0003418669928611094
2025-09-20 06:27:57,115672,115567.66199999998,0.0009028304128884942
2025-09-20 06:28:31,115678,115588.88176008053,0.0007709931834485788
2025-09-20 07:17:37,115712,115590.26300000004,0.0010531769444971726
2025-09-20 07:18:12,115712,115624.01707323703,0.0007609398893937359
2025-09-20 08:24:04,115832,115662.03850000005,0.0014694665786989965
2025-09-20 08:24:39,115827,115713.15075964281,0.000983891974332915
2025-09-20 09:18:49,115793,115724.81250000007,0.0005892210886055849
2025-09-20 09:19:24,115793,115737.47698956412,0.0004797323380471166
2025-09-20 10:18:59,115769,115750.82549999999,0.00015701399900606554
2025-09-20 10:19:34,115758,115728.69606912186,0.0002532123135703694
2025-09-20 11:15:16,115847,115776.644,0.0006076873328613651
2025-09-20 11:15:51,115830,115752.04493708763,0.0006734659673160759
2025-09-20 12:38:00,115817,115800.74200000004,0.00014039633701101817
2025-09-20 12:38:35,115804,115787.53258782858,0.00014222094385618457
2025-09-20 13:22:53,115906,115804.22550000002,0.0008788496236692587
2025-09-20 13:23:28,115906,115817.3191468485,0.0007656959581239893
2025-09-20 14:16:38,115883,115828.8425,0.00046756488997980937
2025-09-20 14:17:13,115883,115845.52654982463,0.00032347774913218534
2025-09-20 15:18:00,116035,115888.68499999997,0.0012625477629678123
2025-09-20 15:18:36,116055,115902.58345013348,0.00131504014258751
2025-09-20 16:21:36,115887,115926.36999999995,-0.0003396121175876697
2025-09-20 16:22:11,115887,115923.15443938375,-0.0003118828120111163
2025-09-20 17:14:40,115925,115947.24999999993,-0.00019189760861018486
2025-09-20 17:15:15,115904,115940.46880892843,-0.0003145477097262126
2025-09-20 18:25:13,115746,115931.77399999989,-0.0016024424848349915
2025-09-20 18:25:47,115746,115887.20488692998,-0.0012184683120776646
2025-09-20 19:13:46,115736,115906.8449999999,-0.001473985423379434
2025-09-20 19:14:21,115736,115849.68839068344,-0.0009813439488938988
2025-09-20 20:19:10,115723,115837.05149999991,-0.000984585661694904
2025-09-20 20:19:44,115690,115796.4384210486,-0.0009191856200410974
2025-09-20 21:16:10,115822,115801.49049999999,0.00017710911933395773
2025-09-20 21:16:46,115822,115797.68974815718,0.00020993727850436076
2025-09-20 22:17:07,115767,115774.31800000001,-6.32091825409315e-05
2025-09-20 22:17:42,115767,115802.93608061645,-0.0003103209800434658
2025-09-20 23:17:26,115734,115762.3565,-0.0002449544122747226
2025-09-20 23:18:00,115734,115784.07669544955,-0.00043250071062246934
2025-09-21 01:43:40,115555,115712.81649999993,-0.0013638636131541068
2025-09-21 01:44:15,115555,115683.75216837897,-0.0011129667387652427
2025-09-21 03:08:23,115685,115648.5314999999,0.00031533906680090073
2025-09-21 03:08:58,115700,115652.16528785307,0.00041360844414688164
2025-09-21 04:23:40,115575,115617.93749999996,-0.00037137403527853416
2025-09-21 04:24:16,115575,115638.86576973146,-0.0005522863728068477
2025-09-21 05:19:03,115550,115590.68749999996,-0.0003519963491864893
2025-09-21 05:19:38,115550,115601.80052715653,-0.00044809446669790993
2025-09-21 06:29:01,115773,115606.36299999998,0.0014414171995015277
2025-09-21 06:29:37,115786,115633.44943961257,0.0013192597914075046
2025-09-21 07:16:45,115638,115634.1825,3.301359440150542e-05
2025-09-21 07:17:20,115638,115646.51943593331,-7.366789744182959e-05
2025-09-21 08:22:39,115663,115640.04500000004,0.0001985039006164178
2025-09-21 08:23:13,115663,115663.13305189942,-1.150339748812975e-06
2025-09-21 09:18:00,115508,115629.84549999998,-0.0010537547591895839
2025-09-21 09:18:35,115508,115629.57997647175,-0.0010514608502123002
2025-09-21 10:18:45,115620,115647.42799999993,-0.0002371691309894686
2025-09-21 10:19:19,115620,115625.00536708307,-4.3289659249542426e-05
2025-09-21 11:14:35,115691,115637.77649999995,0.00046026049281612584
2025-09-21 11:15:09,115681,115621.4663790627,0.00051490110618495
2025-09-21 12:37:29,115745,115634.13700000002,0.0009587393729585494
2025-09-21 12:38:04,115747,115649.13399728299,0.000846232041126317
2025-09-21 13:22:53,115700,115634.94900000002,0.0005625548379839527
2025-09-21 13:23:28,115721,115662.71207775897,0.0005039473931913347
2025-09-21 14:16:26,115674,115653.74200000004,0.00017516078295121628
2025-09-21 14:16:58,115654,115661.17901881914,-6.206938992009613e-05
2025-09-21 15:18:11,115546,115638.24450000003,-0.0007976988962335015
2025-09-21 15:18:46,115546,115623.11357261296,-0.0006669390767143576
2025-09-21 16:22:09,115389,115613.83200000001,-0.0019446808060129812
2025-09-21 16:22:44,115396,115574.91546195513,-0.0015480475260569984
2025-09-21 17:15:58,115338,115545.74250000002,-0.0017979243155585942
2025-09-21 17:16:33,115314,115495.2133750969,-0.0015690119945348884
2025-09-21 18:26:27,115536,115518.19249999998,0.00015415320837905641
2025-09-21 18:27:02,115536,115520.35191160944,0.00013545741621817206
2025-09-21 19:14:50,115329,115488.948,-0.0013849636936687998
2025-09-21 19:15:25,115352,115490.51394072037,-0.0011993534013664971
2025-09-21 20:20:39,115443,115463.75249999999,-0.00017973173009415037
2025-09-21 20:21:15,115443,115484.2092575235,-0.00035683889415223625
2025-09-21 21:17:02,115314,115434.33799999999,-0.0010424800980795579
2025-09-21 21:17:36,115314,115437.18041087233,-0.0010670774392955316
2025-09-21 22:18:00,115282,115426.80699999996,-0.0012545352657979797
2025-09-21 22:18:35,115279,115393.85674977944,-0.0009953454457155271
2025-09-21 23:17:32,115256,115398.67249999996,-0.001236344378224602
2025-09-21 23:18:07,115256,115392.61449949165,-0.0011839102535652819
2025-09-22 01:43:35,114614,115147.27549999995,-0.0046312472239080065
2025-09-22 01:44:09,114606,115060.73608321902,-0.003952139528206423
2025-09-22 03:08:17,114359,114851.95349999997,-0.004292077626698568
2025-09-22 03:08:52,114359,114730.37496218209,-0.0032369367075153724
2025-09-22 04:24:29,114454,114626.80599999998,-0.0015075531285411751
2025-09-22 04:25:03,114474,114639.30716708692,-0.0014419763270724368
2025-09-22 05:20:13,114383,114463.74949999996,-0.0007054591549961565
2025-09-22 05:20:49,114381,114564.41346922141,-0.001600963716980834
2025-09-22 06:32:40,112752,114187.94299999997,-0.012575259368670566
2025-09-22 06:33:15,112720,114108.74436166255,-0.012170358804939526
2025-09-22 07:21:24,112694,113905.57550000004,-0.010636665454537253
2025-09-22 07:21:59,112708,113722.31360418577,-0.008919213582974726
2025-09-22 08:28:47,112589,113584.58600000004,-0.00876515058125967
2025-09-22 08:29:22,112604,113383.79449953682,-0.0068774775352927675
2025-09-22 09:25:16,112339,113186.39000000001,-0.007486677506014759
2025-09-22 09:25:52,112362,113100.40956640319,-0.006528796573187112
2025-09-22 10:22:56,112640,112790.50100000005,-0.0013343410895927082
2025-09-22 10:23:31,112640,112893.01000744298,-0.002241148565586996
2025-09-22 11:17:45,112900,112647.73349999997,0.002239428101764933
2025-09-22 11:18:20,112834,112846.19858708182,-0.0001080992291681285
2025-09-22 12:42:33,112540,112602.55699999994,-0.0005555557677073223
2025-09-22 12:43:08,112546,112772.63608437983,-0.0020096726674922825
2025-09-22 13:29:52,112935,112646.30399999986,0.002562853726653492
2025-09-22 13:30:28,112924,112813.46872431943,0.0009797702076750142
2025-09-22 14:21:05,113166,112741.66599999994,0.0037637726588150735
2025-09-22 14:21:41,113208,112882.63064804401,0.0028823686167489854
2025-09-22 15:22:15,112723,112839.11749999996,-0.0010290535992535032
2025-09-22 15:22:50,112690,112884.34721972315,-0.0017216489664847838
2025-09-22 16:26:56,112831,112845.37549999994,-0.00012739113088366166
2025-09-22 16:27:29,112825,112851.4455900215,-0.00023433984281929777
2025-09-22 17:16:28,112316,112800.7834999999,-0.004297696212366323
2025-09-22 17:17:04,112298,112725.56934953883,-0.0037930112219085026
2025-09-22 18:27:54,112733,112754.31099999994,-0.00018900385990512874
2025-09-22 18:28:29,112696,112675.25309209204,0.00018413012031136245
2025-09-22 19:16:47,112468,112647.38099999996,-0.0015924116336088177
2025-09-22 19:17:24,112424,112630.83133152807,-0.0018363651327340542
2025-09-22 20:22:05,112097,112493.41599999997,-0.003523904012302093
2025-09-22 20:22:40,112122,112452.63702575362,-0.0029402336352316624
2025-09-22 21:17:26,112752,112493.96250000002,0.002293789766717273
2025-09-22 21:18:01,112750,112553.29226693414,0.001747685288488479
2025-09-22 22:18:51,112767,112553.39800000004,0.001897783663536797
2025-09-22 22:19:26,112767,112643.29848793686,0.001098170186097558
2025-09-22 23:18:05,112600,112569.18250000007,0.00027376498003733727
2025-09-22 23:18:40,112624,112639.30023106064,-0.00013583386108803098
2025-09-23 01:27:45,112485,112655.99500000008,-0.001517850869810191
2025-09-23 01:28:21,112479,112578.47128234312,-0.0008835728644213644
2025-09-23 02:58:32,111869,112459.89000000009,-0.0052542288632870466
2025-09-23 02:59:07,111886,112363.20320534587,-0.0042469704648217445
2025-09-23 03:34:07,112330,112375.19600000004,-0.0004021883975182558
2025-09-23 03:34:44,112381,112314.76527935796,0.0005897240712500626
2025-09-23 04:24:34,112151,112303.62600000002,-0.0013590478369773953
2025-09-23 04:25:10,112156,112273.79475698624,-0.0010491740948206855
2025-09-23 05:19:34,112598,112264.31499999997,0.002972315824489971
2025-09-23 05:20:10,112610,112343.97616780514,0.0023679403317317504
2025-09-23 06:31:03,112889,112370.41699999994,0.004614942382923232
2025-09-23 06:31:36,112908,112538.81111683958,0.0032805472129709794
2025-09-23 07:20:16,113006,112490.2654999999,0.004584703375956506
2025-09-23 07:20:52,113006,112654.24902431839,0.003122394217067505
2025-09-23 08:27:24,113159,112702.56349999996,0.0040499211892375455
2025-09-23 08:27:56,113159,112789.09468167958,0.0032796195355977733
2025-09-23 09:22:17,113144,112894.63700000002,0.0022088117436436148
2025-09-23 09:22:52,113144,112907.09777601347,0.002098204883952464
2025-09-23 10:21:18,112829,112971.36899999998,-0.0012602219594238695
2025-09-23 10:21:54,112880,112911.80986847411,-0.0002817231298583069
2025-09-23 11:16:40,112733,112980.48149999997,-0.002190480131738201
2025-09-23 11:17:17,112761,112880.74213077925,-0.0010607844041326836
2025-09-23 12:41:21,112934,112988.09000000001,-0.00047872302293109877
2025-09-23 12:41:56,112934,112915.8178079942,0.00016102431314553956
2025-09-23 13:29:55,112915,112966.69500000002,-0.0004576127503776359
2025-09-23 13:30:28,112897,112918.44586437698,-0.00018992348161374627
2025-09-23 14:20:25,112938,112929.7715,7.286386832012176e-05
2025-09-23 14:20:57,112934,112928.9377958721,4.482645659032736e-05
2025-09-23 15:21:05,112876,112894.03900000003,-0.00015978700168600934
2025-09-23 15:21:42,112859,112881.51638051849,-0.0001994691535023677
2025-09-23 16:26:14,112829,112889.17450000008,-0.0005330404821064661
2025-09-23 16:26:49,112811,112857.95580949307,-0.00041606113770420835
2025-09-23 18:30:29,111977,112585.99550000003,-0.005409158548498454
2025-09-23 18:31:03,111903,112458.52676788779,-0.004939836790094029
2025-09-23 19:16:56,111830,112409.59200000002,-0.005156072446202088
2025-09-23 19:17:28,111828,112292.22166124088,-0.00413405002032401
2025-09-23 20:22:18,111775,112180.13449999997,-0.0036114638461230506
2025-09-23 20:22:54,111743,112091.25049813557,-0.003106848184741829
2025-09-23 21:17:40,111991,112012.15949999998,-0.00018890359845244968
2025-09-23 21:18:16,111991,112046.04925191076,-0.0004913091740253925
2025-09-23 22:18:33,112114,111928.91200000004,0.0016536210054463824
2025-09-23 22:19:09,112114,112087.4640717219,0.0002367430514898571
2025-09-23 23:17:33,112158,111948.38150000006,0.0018724567268526213
2025-09-23 23:18:10,112140,112101.35586030521,0.0003447249981788658
2025-09-24 01:28:25,112375,112119.23000000007,0.0022812322203776387
2025-09-24 01:29:01,112406,112158.92877640523,0.002202867184005669
2025-09-24 03:00:15,112108,112182.10750000001,-0.0006605999980880445
2025-09-24 03:00:50,112122,112190.46240166105,-0.0006102337061054244
2025-09-24 03:36:11,111856,112178.451,-0.0028744468935482173
2025-09-24 03:36:45,111833,112162.8849847228,-0.002941124283382419
2025-09-24 04:24:22,111495,112080.88999999997,-0.005227385328578052
2025-09-24 04:24:56,111548,111979.55606479743,-0.0038538826189640604
2025-09-24 05:19:11,112276,112132.901,0.001276155336425319
2025-09-24 05:19:47,112276,112094.51441309847,0.0016190407519203552
2025-09-24 06:30:40,112624,112216.01549999995,0.0036357065271137683
2025-09-24 06:31:18,112593,112305.53051548306,0.0025597090650607917
2025-09-24 07:20:04,112725,112268.1605,0.004069181306306358
2025-09-24 07:20:39,112725,112397.81929535358,0.002910916837155657
2025-09-24 08:27:52,112411,112347.99499999997,0.0005608021754196305
2025-09-24 08:28:30,112432,112424.64094447842,6.54576742229681e-05
2025-09-24 09:21:47,112559,112511.17899999996,0.0004250333204671151
2025-09-24 09:22:24,112554,112471.34865722294,0.0007348657570467144
2025-09-24 10:21:20,112849,112621.46399999992,0.0020203608789891086
2025-09-24 10:21:56,112849,112580.86584889475,0.002381702690625358
2025-09-24 11:16:56,113126,112685.65099999993,0.003907764618585511
2025-09-24 11:17:32,113093,112704.75194105877,0.003444824217742585
2025-09-24 12:41:52,113082,112795.68499999994,0.0025383506470133205
2025-09-24 12:42:28,113082,112835.44213834431,0.0021851100769684677
2025-09-24 13:29:46,113067,112878.12349999994,0.0016732781706816449
2025-09-24 13:30:19,113056,112909.81411074175,0.0012947137537120935
2025-09-24 14:18:43,113082,112967.22499999995,0.0010160026503266983
2025-09-24 14:19:19,113091,112940.12377978895,0.0013358956512676662
2025-09-24 15:21:26,113544,113128.06899999997,0.0036766383769887036
2025-09-24 15:22:00,113528,113139.63908179631,0.0034325804939409122
2025-09-24 16:26:59,113518,113231.70949999997,0.0025283597789365884
2025-09-24 16:27:34,113540,113256.0104394466,0.0025075010098932833
2025-09-24 17:18:20,113814,113382.74799999995,0.003803506332374759
2025-09-24 17:18:53,113796,113426.88986128931,0.0032541678535140824
2025-09-24 18:27:20,113625,113514.66899999995,0.00097195367763482
2025-09-24 18:27:54,113663,113521.16090411936,0.0012494507169499385
2025-09-24 19:17:05,113620,113631.02999999998,-9.706855600960657e-05
2025-09-24 19:17:40,113607,113556.95415512017,0.0004407114055865536
2025-09-24 20:22:27,113575,113606.11999999997,-0.0002739289045340713
2025-09-24 20:23:01,113575,113522.50514046487,0.00046241808591324844
2025-09-24 21:17:54,113530,113616.88099999996,-0.0007646839029137305
2025-09-24 21:18:30,113520,113525.70344618827,-5.023924992436335e-05
2025-09-24 22:18:49,113556,113561.33549999997,-4.6983420690503816e-05
2025-09-24 22:19:24,113576,113514.77616769141,0.0005393468090722164
2025-09-24 23:18:39,113298,113480.02900000001,-0.0016040619799278474
2025-09-24 23:19:14,113296,113451.73007812096,-0.0013726549433290278
2025-09-25 01:37:19,112929,113326.50099999996,-0.0035075732197887262
2025-09-25 01:37:53,112911,113277.53757528344,-0.003235748085006163
2025-09-25 03:02:32,112833,113102.90000000005,-0.002386322543454255
2025-09-25 03:03:07,112832,113049.81652214198,-0.0019267304348018568
2025-09-25 04:24:34,111902,112829.10250000001,-0.008216873833592783
2025-09-25 04:25:09,111960,112746.864654838,-0.006979038018014109
2025-09-25 05:19:52,111946,112546.79699999999,-0.005338197230081914
2025-09-25 05:20:28,111957,112456.38646187431,-0.004440712329340364
2025-09-25 06:31:17,111746,112212.17650000002,-0.004154419908253147
2025-09-25 06:31:52,111755,112165.34457812722,-0.003658390028315714
2025-09-25 07:20:14,111800,112048.14849999994,-0.002214659530942072
2025-09-25 07:20:49,111781,112022.4086886064,-0.0021550035518112954
2025-09-25 08:27:41,111981,111884.39949999994,0.0008633956157583768
2025-09-25 08:28:15,111988,111987.1830535399,7.294999640303595e-06
2025-09-25 09:21:58,111929,111792.01299999992,0.0012253737661927701
2025-09-25 09:22:33,111912,111940.82213070328,-0.0002574764965512488
2025-09-25 10:21:54,111763,111768.18249999995,-4.636829448266003e-05
2025-09-25 10:22:29,111748,111873.5458220262,-0.001122211878632307
2025-09-25 11:17:50,111549,111744.47399999997,-0.0017492945557198015
2025-09-25 11:18:25,111526,111777.31899786458,-0.002248389924877189
2025-09-25 12:42:52,111355,111698.79349999999,-0.003077862251036626
2025-09-25 12:43:27,111323,111658.07311222095,-0.0030008856760781843
2025-09-25 13:30:30,111615,111564.27799999998,0.0004546437346192785
2025-09-25 13:31:06,111495,111546.07532344926,-0.00045788543703716936
2025-09-25 14:21:48,111688,111438.0385,0.0022430536589174164
2025-09-25 14:22:25,111688,111435.524000053,0.0022656688898136015
2025-09-25 15:21:52,111175,111359.81150000004,-0.001659588836499061
2025-09-25 15:22:27,111135,111395.44478843689,-0.0023380200952698234
2025-09-25 16:26:15,111261,111315.60400000002,-0.0004905332050304572
2025-09-25 16:26:50,111184,111382.99227276494,-0.00178655886957704
2025-09-25 17:17:52,110276,111161.78950000004,-0.007968471036534027
2025-09-25 17:18:27,110271,111121.18938945414,-0.00765101052396429
2025-09-25 18:30:31,109442,110871.70450000002,-0.012895125103808802
2025-09-25 18:31:06,109490,110658.49792178969,-0.010559495598933145
2025-09-25 19:16:57,109720,110662.77050000003,-0.008519310475784877
2025-09-25 19:17:31,109706,110415.41697809384,-0.006424981198364589
2025-09-25 20:22:51,109413,110255.98699999996,-0.007645725397206456
2025-09-25 20:23:27,109358,110078.06888838578,-0.006541438232495682
2025-09-25 21:17:18,109550,109631.31899999997,-0.0007417497184356056
2025-09-25 21:17:53,109496,109741.8719041634,-0.002240456626966604
2025-09-25 22:16:59,109547,109397.08049999997,0.0013704159134304572
2025-09-25 22:17:33,109547,109628.09390867948,-0.0007397183129630427
2025-09-25 23:18:28,109468,109440.08649999998,0.0002550573641955612
2025-09-25 23:19:04,109477,109565.85324569438,-0.0008109574567464167
2025-09-26 01:36:43,109680,109358.84849999993,0.002936675947169155
2025-09-26 01:37:18,109668,109448.6580207329,0.002004062756306749
2025-09-26 03:00:55,109605,109441.8255,0.0014909701958507051
2025-09-26 03:01:30,109616,109522.16900829607,0.0008567305829819908
2025-09-26 04:24:39,109552,109443.59950000001,0.0009904690680425658
2025-09-26 04:25:14,109552,109506.11577246762,0.00041901063889182767
2025-09-26 05:19:48,109546,109478.97799999996,0.000612190588772585
2025-09-26 05:20:22,109551,109459.33396798432,0.0008374437217249286
2025-09-26 06:30:18,109483,109464.5175,0.00016884466694879694
2025-09-26 06:30:53,109461,109427.26266955731,0.00030830827363895224
2025-09-26 07:19:50,109534,109447.232,0.0007927838686682948
2025-09-26 07:20:21,109538,109451.21235113131,0.0007929345596489575
2025-09-26 08:28:25,109404,109387.8395,0.00014773580019375132
2025-09-26 08:28:57,109458,109388.68921642918,0.0006336192897758178
2025-09-26 09:22:26,109691,109421.55749999997,0.002462426108310822
2025-09-26 09:22:58,109691,109474.35705997361,0.0019789377699446433
2025-09-26 10:21:23,109118,109406.90899999996,-0.002640683322841669
2025-09-26 10:22:00,109088,109413.06445102344,-0.0029709838825412852
2025-09-26 11:16:40,108699,109296.79449999993,-0.005469460497306088
2025-09-26 11:17:16,108729,109210.18817620777,-0.004406074050814598
2025-09-26 12:41:50,109321,109239.75049999997,0.0007437722955988854
2025-09-26 12:42:26,109318,109174.31306231626,0.0013161240373614827
2025-09-26 13:28:32,109176,109220.50949999996,-0.0004075196151685822
2025-09-26 13:29:06,109215,109202.49391407373,0.00011452198093675774
2025-09-26 14:18:26,109355,109192.05699999991,0.0014922605588434583
2025-09-26 14:19:01,109304,109287.13852997175,0.00015428595034194724
2025-09-26 15:21:05,109148,109106.13699999992,0.00038369060761527006
2025-09-26 15:21:41,109137,109163.4818149241,-0.00024258858808663664
2025-09-26 16:25:45,109568,109207.54049999989,0.003300683252729366
2025-09-26 16:26:20,109536,109214.20899196104,0.0029464207176800755
2025-09-26 17:18:04,109600,109296.79549999989,0.0027741389728128786
2025-09-26 17:18:39,109573,109307.52485519541,0.002428699626638451
2025-09-26 18:27:05,110280,109456.30149999994,0.007525363900588741
2025-09-26 18:27:39,110212,109567.18090186614,0.005885148206116465
2025-09-26 19:15:56,109499,109502.08899999999,-2.8209507491612018e-05
2025-09-26 19:16:32,109587,109598.92364930102,-0.00010879348905997122
2025-09-26 20:21:30,109109,109524.06899999997,-0.003789751456366857
2025-09-26 20:22:05,109088,109433.39061078352,-0.0031561720682854026
2025-09-26 21:17:02,109365,109534.59099999993,-0.001548287152502607
2025-09-26 21:17:36,109330,109400.45672137056,-0.0006440258430547881
2025-09-26 22:18:14,109564,109520.8904999999,0.0003936189689773686
2025-09-26 22:18:49,109564,109436.74206639362,0.0011628446827224956
2025-09-26 23:18:03,109448,109417.87699999998,0.00027530236215441675
2025-09-26 23:18:38,109448,109454.4018209844,-5.8488474450551966e-05
2025-09-27 01:25:12,109453,109498.8535,-0.00041875780918562255
2025-09-27 01:25:46,109463,109519.60805140462,-0.0005168759495381784
2025-09-27 02:55:02,109422,109508.92549999997,-0.0007937754808850578
2025-09-27 02:55:37,109412,109466.93320559172,-0.0005018246513634162
2025-09-27 03:28:32,109572,109508.38399999996,0.0005809235574149118
2025-09-27 03:29:07,109567,109473.16350627264,0.0008571643562851958
2025-09-27 04:23:32,109580,109516.3805,0.0005809130991139787
2025-09-27 04:24:07,109580,109507.06995009676,0.0006659848531832192
2025-09-27 05:18:38,109638,109522.90250000001,0.0010508989204334584
2025-09-27 05:19:12,109638,109554.6668447714,0.0007606536319139329
2025-09-27 06:26:56,109523,109535.13200000001,-0.000110758984615204
2025-09-27 06:27:31,109548,109567.90982106133,-0.00018171215544629337
2025-09-27 07:16:33,109560,109566.11649999997,-5.5824740306229824e-05
2025-09-27 07:17:08,109560,109558.54740254988,1.3258641014821541e-05
2025-09-27 08:22:59,109329,109541.73899999997,-0.0019420816388534086
2025-09-27 08:23:34,109302,109484.29664420195,-0.001665048320074378
2025-09-27 09:18:12,109158,109466.33299999994,-0.002816692507640141
2025-09-27 09:18:47,109155,109398.58511430789,-0.002226583772115285
2025-09-27 10:18:46,109275,109394.91899999992,-0.001096202649045535
2025-09-27 10:19:21,109275,109358.6732850182,-0.0007651271042775585
2025-09-27 11:14:32,109337,109360.41599999992,-0.000214117693187311
2025-09-27 11:15:08,109335,109361.42719967847,-0.00024165009871546483
2025-09-27 12:37:08,109234,109294.47349999993,-0.0005533079401305192
2025-09-27 12:37:43,109234,109325.24165650246,-0.0008345891133645121
2025-09-27 13:21:55,109337,109301.76399999997,0.00032237357120817867
2025-09-27 13:22:30,109336,109341.65987063498,-5.176316732041843e-05
2025-09-27 14:16:07,109313,109327.93999999999,-0.00013665308245987054
2025-09-27 14:16:41,109313,109339.24034153453,-0.00023999015771984116
2025-09-27 15:18:09,109272,109323.77999999998,-0.0004736389466224484
2025-09-27 15:18:44,109259,109315.33876033712,-0.0005153783629636826
2025-09-27 16:22:11,109376,109322.05650000004,0.000493436564651204
2025-09-27 16:22:45,109392,109332.97039117393,0.0005399067510456198
2025-09-27 17:16:08,109319,109335.88000000005,-0.00015438664782364494
2025-09-27 17:16:44,109319,109337.34430809911,-0.00016777715075483112
2025-09-27 18:25:58,109416,109339.33000000003,0.0007012115402570065
2025-09-27 18:26:34,109416,109353.4737086452,0.0005717814828763285
2025-09-27 19:14:19,109427,109351.10250000004,0.0006940716487057158
2025-09-27 19:14:53,109427,109369.80014201668,0.0005229949941303922
2025-09-27 20:20:10,109363,109382.00950000007,-0.00017379000520257275
2025-09-27 20:20:44,109366,109380.7222791472,-0.00013459665323501023
2025-09-27 21:16:45,109411,109388.11000000007,0.0002092549181069738
2025-09-27 21:17:21,109411,109386.10973757887,0.00022754500073954404
2025-09-27 22:17:18,109608,109426.28050000011,0.0016606568291416058
2025-09-27 22:17:53,109636,109441.2116236673,0.001779844844942973
2025-09-27 23:17:27,109559,109469.97400000005,0.0008132458312263263
2025-09-27 23:18:02,109529,109489.82767713309,0.00035777134458944313
2025-09-28 01:44:33,109406,109550.7615,-0.001321410257837352
2025-09-28 01:45:07,109410,109525.85032008008,-0.0010577440827121097
2025-09-28 03:09:14,109496,109545.6345,-0.0004530942764314366
2025-09-28 03:09:49,109496,109492.69342504295,3.0199046654341313e-05
2025-09-28 04:23:28,109410,109502.25999999998,-0.0008425396882217794
2025-09-28 04:24:03,109410,109469.73755146092,-0.0005456992297330897
2025-09-28 05:18:52,109356,109442.97000000002,-0.0007946604519231861
2025-09-28 05:19:28,109356,109431.4807199486,-0.0006897532542921656
2025-09-28 06:28:23,109312,109402.331,-0.0008256771055454529
2025-09-28 06:28:57,109305,109406.68210333501,-0.0009293957314140489
2025-09-28 07:17:04,109386,109399.11750000001,-0.00011990498917879814
2025-09-28 07:17:39,109388,109402.90327526745,-0.00013622376391562383
2025-09-28 08:23:16,109441,109406.39750000005,0.00031627492350207333
2025-09-28 08:23:52,109432,109432.9984221053,-9.123592697796264e-06
2025-09-28 09:18:18,109380,109418.11050000007,-0.00034830157298382485
2025-09-28 09:18:53,109413,109442.52081005608,-0.0002697380308638905
2025-09-28 10:18:40,109433,109443.73250000007,-9.80640896916688e-05
2025-09-28 10:19:12,109433,109459.38650711962,-0.00024106207755790194
2025-09-28 11:14:30,109333,109443.9220000001,-0.0010135053456882983
2025-09-28 11:15:05,109323,109423.21423086771,-0.0009158406794400673
2025-09-28 12:37:26,109362,109432.0420000001,-0.0006400501966334785
2025-09-28 12:38:01,109372,109403.24920431183,-0.0002856332379440322
2025-09-28 13:22:46,109490,109407.78450000007,0.0007514593260037442
2025-09-28 13:23:21,109474,109395.41425948997,0.0007183641201231413
2025-09-28 14:15:43,109536,109430.16500000008,0.0009671464901832051
2025-09-28 14:16:19,109536,109454.11209846448,0.0007481482419029959
2025-09-28 15:16:59,109800,109496.02500000011,0.0027761281745149113
2025-09-28 15:17:34,109808,109576.25101843067,0.002114956292220164
2025-09-28 16:21:24,110120,109647.36750000014,0.004310477403845203
2025-09-28 16:22:00,110118,109746.22662928043,0.0033875731506962208
2025-09-28 17:15:52,110332,109823.85400000017,0.004626918301372237
2025-09-28 17:16:24,110329,109918.77168385986,0.003732104260771862
2025-09-28 18:25:23,110123,109984.99300000013,0.0012547802771589634
2025-09-28 18:25:57,110141,110000.33637273865,0.0012787563374780256
2025-09-28 19:14:28,110132,110077.30400000016,0.0004968871694008433
2025-09-28 19:15:03,110132,110058.28822643345,0.0006697521354765953
2025-09-28 20:20:08,110489,110226.95000000019,0.002377367785281306
2025-09-28 20:20:43,110489,110186.26487484446,0.00274748513800155
2025-09-28 21:16:45,110738,110386.70800000019,0.003182375907068553
2025-09-28 21:17:20,110728,110408.30108922545,0.0028956057435951753
2025-09-28 22:17:52,111531,110567.67650000018,0.008712523682270039
2025-09-28 22:18:28,111620,110668.12538069651,0.00860116330722199
2025-09-28 23:17:34,112048,110938.13450000016,0.010004364189122346
2025-09-28 23:18:10,112077,111121.34414574776,0.008600110641199525
2025-09-29 01:39:14,112043,111726.02350000013,0.002837087457962495
2025-09-29 01:39:49,112035,111726.5215330247,0.002761013792809412
2025-09-29 03:05:05,111664,111989.75600000005,-0.0029088017657619685
2025-09-29 03:05:39,111644,111739.2145581853,-0.0008521140815404244
2025-09-29 04:25:45,111826,111944.91350000011,-0.0010622501396645538
2025-09-29 04:26:22,111838,111760.2913331115,0.0006953155361494593
2025-09-29 05:20:38,111620,111856.0260000001,-0.0021100874797760085
2025-09-29 05:21:13,111618,111749.2744113064,-0.0011747227174220872
2025-09-29 06:32:50,111850,111765.30250000015,0.000757815691500939
2025-09-29 06:33:25,111807,111750.77085465376,0.0005031656150217679
2025-09-29 07:20:40,111590,111725.2255000001,-0.001210339915582468
2025-09-29 07:21:15,111580,111714.54425313254,-0.0012043575349300695
2025-09-29 08:30:37,112203,111802.38800000015,0.003583215056192249
2025-09-29 08:31:13,112185,111834.11307926588,0.003137566088492315
2025-09-29 09:24:25,112080,111843.25750000021,0.0021167346632387637
2025-09-29 09:24:59,112080,111902.65152906653,0.0015848460113334086
2025-09-29 10:22:59,112112,111918.82750000017,0.0017260053943991297
2025-09-29 10:23:35,112112,111976.15712350131,0.0012131410827830498
2025-09-29 11:17:13,111975,111977.78500000019,-2.487100454963154e-05
2025-09-29 11:17:48,111995,111994.3615944876,5.700336189412341e-06
2025-09-29 12:43:45,112144,112100.36450000021,0.0003892538636641596
2025-09-29 12:44:21,112122,112061.72703614765,0.0005378550326366373
2025-09-29 13:30:41,111987,112107.77450000015,-0.001077307087209593
2025-09-29 13:31:13,111987,112051.21202689072,-0.0005730596370104996
2025-09-29 14:20:49,113685,112273.72850000013,0.012569917458471774
2025-09-29 14:21:25,113894,112394.78662656664,0.013338815957847945
2025-09-29 15:21:13,113950,112653.99500000016,0.01150429685161048
2025-09-29 15:21:49,113968,112913.63427068447,0.009337807042752048
2025-09-29 16:20:53,113867,113000.66200000013,0.007666663050167542
2025-09-29 16:21:28,113856,113223.96882718313,0.0055821322937509915
2025-09-29 17:18:43,113711,113341.93700000012,0.003256191042507751
2025-09-29 17:19:15,113730,113391.37921232947,0.0029863009871010614
2025-09-29 18:30:55,113946,113807.52900000005,0.0012167121210403112
2025-09-29 18:31:34,113946,113631.98556750032,0.002763433472815164
2025-09-29 19:16:41,113887,113919.57350000013,-0.00028593418145240454
2025-09-29 19:17:20,113926,113725.72392972671,0.0017610445847506457
2025-09-29 20:20:16,114243,113982.92200000014,0.002281727783745207
2025-09-29 20:20:55,114243,113907.53973848939,0.002945022447862248
2025-09-29 21:17:54,114218,114057.93700000015,0.0014033481948726543
2025-09-29 21:18:32,114205,114024.53671265068,0.0015826706474949687
2025-09-29 22:17:20,114091,114130.58950000016,-0.0003468789583371238
2025-09-29 22:17:56,114083,114058.96379100716,0.00021073494089320858
2025-09-29 23:18:28,114228,114167.95950000008,0.000525896234485258
2025-09-29 23:19:03,114236,114103.91770892657,0.0011575614030217888
2025-09-30 01:28:34,114666,114302.32271790926,0.0031817138396064565
2025-09-30 02:58:51,114432,114352.75400000019,0.0006929959902829265
2025-09-30 02:59:30,114448,114370.74921432778,0.0006754418083548296
2025-09-30 03:35:30,114325,114363.90388707667,-0.0003401762772551119
2025-09-30 04:24:56,114267,114358.31818856666,-0.0007985268585017207
2025-09-30 07:20:33,113882,114138.19300000013,-0.0022445860869737965
2025-09-30 07:21:07,113882,114077.48728885598,-0.0017136359986697695
2025-09-30 08:29:17,113578,113990.24900000021,-0.003616528638341808
2025-09-30 08:29:53,113561,113941.4081011001,-0.0033386291027978215
2025-09-30 09:22:07,113308,113797.03400000025,-0.004297423076951601
2025-09-30 09:22:42,113300,113744.67386041941,-0.003909403801755918
2025-10-01 01:46:06,114434,114148.60150000015,0.0025002365009250665
2025-10-01 01:46:42,114434,114139.97265166987,0.002576024345366149
2025-10-01 03:12:23,114406,114183.20950000014,0.001951166909525844
2025-10-01 03:12:57,114416,114242.78703463376,0.0015161829456570442
2025-10-01 04:23:45,114402,114286.60600000012,0.0010096896218957075
2025-10-01 04:24:19,114420,114284.91024834411,0.001182043643052588
2025-10-01 05:20:21,114712,114392.74600000007,0.0027908587839995365
2025-10-01 05:20:56,114660,114377.69989454799,0.0024681393812979622
2025-10-01 06:31:25,114329,114442.83500000012,-0.000994688745696685
2025-10-01 06:32:00,114365,114416.41122749668,-0.00044933438258654596
2025-10-01 07:20:48,114482,114433.08400000008,0.00042746379185170475
2025-10-01 07:21:23,114452,114414.06839648806,0.000331529190802774
2025-10-01 08:27:47,114972,114494.56900000009,0.004169900844815697
2025-10-01 08:28:21,115042,114509.8132011214,0.0046475213259136155
2025-10-01 09:22:45,116177,114836.22750000004,0.011675518511786382
2025-10-01 09:23:20,116171,115027.13953612561,0.009944265922696816
2025-10-01 10:22:18,116362,115208.38250000007,0.01001331218238338
2025-10-01 10:22:54,116362,115467.71866551193,0.007744860163719298
2025-10-01 11:17:31,116389,115565.04050000005,0.007129833524351624
2025-10-01 11:18:06,116398,115747.09293378648,0.005623528416267644
2025-10-01 12:43:59,116464,116106.33200000005,0.0030805210520296754
2025-10-01 12:44:34,116464,116087.54363413322,0.003242866151541915
2025-10-01 13:30:34,116650,116423.56700000001,0.001944906910471056
2025-10-01 13:31:09,116569,116233.14548679412,0.0028894900142235
2025-10-01 14:20:56,117318,116550.25000000003,0.0065872874575556096
2025-10-01 14:21:31,117233,116448.07923906365,0.0067405213213086795
2025-10-01 15:20:22,117307,116736.54250000001,0.004886708889806202
2025-10-01 15:20:56,117299,116720.68876649582,0.004954659192091594
2025-10-01 16:26:17,117749,117007.62700000001,0.006336108329074926
2025-10-01 16:26:52,117792,117036.51262065959,0.006455142608265403
2025-10-01 17:18:19,117358,117179.3625,0.001524479193168482
2025-10-01 17:18:51,117290,117183.76696844095,0.0009065507476616746
2025-10-01 18:29:45,117027,117281.14699999997,-0.0021669893798017524
2025-10-01 18:30:20,117027,117122.68639132305,-0.0008169757223920457
2025-10-01 19:16:20,117408,117355.57599999993,0.00044671077239714506
2025-10-01 19:16:56,117429,117185.49570096709,0.0020779388914672634
2025-10-01 20:22:37,117253,117361.82799999995,-0.0009272861700820684
2025-10-01 20:23:11,117254,117243.75152742807,8.741167387098173e-05
2025-10-01 21:18:09,117533,117343.31199999996,0.0016165216130940498
2025-10-01 21:18:46,117533,117339.8196656363,0.0016463322929434695
2025-10-01 22:18:50,117883,117448.25474346329,0.003701589755303786
2025-10-01 23:18:20,118234,117542.19699999997,0.005885571459924551
2025-10-01 23:19:28,118311,117608.68081371654,0.005971661117395632
2025-10-02 01:27:06,118525,118072.45850000004,0.0038327439417208614
2025-10-02 01:27:40,118483,118178.48777262412,0.002576714536758652
2025-10-02 02:58:09,118695,118423.33250000006,0.0022940369458015176
2025-10-02 02:58:44,118722,118401.25434007801,0.0027089718070108103
2025-10-02 03:32:52,118953,118599.79100000008,0.0029781587051862088
2025-10-02 03:33:28,118953,118536.5103248672,0.003513598249107826
2025-10-02 04:23:36,118716,118714.8250000001,9.897668634907612e-06
2025-10-02 04:24:08,118693,118597.50549824172,0.0008051982320968401
2025-10-02 05:19:05,118480,118671.20250000006,-0.0016111954372423044
2025-10-02 05:19:41,118475,118574.35124027134,-0.0008378813734347973
2025-10-02 06:30:42,118455,118655.95600000005,-0.0016936023000821733
2025-10-02 06:31:16,118513,118548.16492696223,-0.0002966298717815976
2025-10-02 07:18:49,118624,118656.05000000005,-0.000270108435263491
2025-10-02 07:19:24,118624,118573.67076479245,0.0004244554029822228
2025-10-02 08:27:00,118536,118581.64949999998,-0.0003849625991244538
2025-10-02 08:27:35,118535,118531.93474257586,2.5860182159318103e-05
2025-10-02 09:20:39,118604,118554.55549999999,0.0004170611562877678
2025-10-02 09:21:15,118624,118569.5528708942,0.00045919991926667047
2025-10-02 10:20:08,118748,118589.51200000002,0.001336441961241758
2025-10-02 10:20:42,118748,118638.3456698509,0.0009242739312486031
2025-10-02 11:15:58,118577,118623.12349999999,-0.0003888238535548844
2025-10-02 11:16:32,118577,118625.63888552059,-0.0004100200089756873
2025-10-02 12:40:28,119229,118716.81100000002,0.004314376335462581
2025-10-02 12:41:04,119280,118771.23218555789,0.004283594647290121
2025-10-02 13:27:39,119137,118825.41050000003,0.002622246358660572
2025-10-02 13:28:14,119150,118880.46861007283,0.002267247034592643
2025-10-02 14:20:25,119542,119004.3200000001,0.004518155307302334
2025-10-02 14:21:01,119480,119084.88250308188,0.003317948413039666
2025-10-02 15:20:33,119115,119067.55150000009,0.00039850067799463616
2025-10-02 15:21:08,119060,119083.43583899348,-0.00019680183753822037
2025-10-02 16:25:27,120085,119340.6625000001,0.006237082017203535
2025-10-02 16:26:02,120019,119388.06177177858,0.005284768165744397
2025-10-02 17:15:44,119772,119518.04400000008,0.0021248339706757425
2025-10-02 17:16:20,119762,119510.44433609743,0.0021048843496483723
2025-10-02 18:29:06,120111,119645.28350000014,0.0038924768814632255
2025-10-02 18:29:41,120180,119641.29991630363,0.004502626468228147
2025-10-02 19:15:35,121007,119856.48300000008,0.009599121976571923
2025-10-02 19:16:10,120978,119984.08772658282,0.008283700716065696
2025-10-02 20:21:46,120695,120170.36800000005,0.004365735153610863
2025-10-02 20:22:20,120684,120208.6649408171,0.003954249549455665
2025-10-02 21:17:17,120670,120308.22900000008,0.003007034539590142
2025-10-02 21:17:53,120659,120345.18826293394,0.0026075968769140676
2025-10-02 22:18:19,120307,120417.31300000008,-0.0009160892005627287
2025-10-02 22:18:54,120300,120312.20945054253,-0.00010148139243966673
2025-10-02 23:17:59,120528,120501.38400000003,0.00022087713117025624
2025-10-02 23:18:34,120539,120337.09150489845,0.0016778575298484338
2025-10-03 01:26:50,120080,120346.34100000001,-0.00221312087917999
2025-10-03 01:27:26,120056,120271.49343922306,-0.0017917249803833183
2025-10-03 02:57:23,120245,120232.51100000001,0.0001038737351163434
2025-10-03 02:57:57,120244,120186.09184223517,0.00048182079038601666
2025-10-03 03:31:21,120185,120214.68699999996,-0.0002469498589632539
2025-10-03 03:31:55,120185,120189.81355435093,-4.004960327815363e-05
2025-10-03 04:23:16,120240,120193.54650000001,0.0003864891365027548
2025-10-03 04:23:52,120240,120214.75055771592,0.00021003614088073436
2025-10-03 05:19:31,120045,120131.4325,-0.00071948280480211
2025-10-03 05:20:06,120024,120150.40314930362,-0.001052040991877013
2025-10-03 06:29:58,119980,120086.74749999994,-0.000888919903505085
2025-10-03 06:30:33,119980,120075.645030359,-0.0007965398006799237
2025-10-03 07:19:34,119863,120060.85399999993,-0.0016479476316229934
2025-10-03 07:20:08,119855,120020.27827668449,-0.0013770862645683245
2025-10-03 08:26:16,119540,119937.63649999998,-0.003315360479026771
2025-10-03 08:26:51,119568,119872.48844702219,-0.0025401028289886284
2025-10-03 09:20:00,120012,119890.10899999998,0.0010166893751011423
2025-10-03 09:20:34,120022,119921.1326958104,0.0008411136713114139
2025-10-03 10:20:42,120439,119961.2155,0.003982824765559285
2025-10-03 10:21:17,120412,120064.34665924881,0.0028955585102866032
2025-10-03 11:16:34,120276,120048.095,0.0018984474514151918
2025-10-03 11:17:09,120273,120168.67627335346,0.0008681440944662964
2025-10-03 12:40:34,120225,120166.10149999999,0.0004901423884506251
2025-10-03 12:41:10,120225,120218.78430737229,5.170317320642035e-05
2025-10-03 13:27:13,120518,120286.83200000001,0.0019218063702932217
2025-10-03 13:27:48,120522,120265.97254420535,0.0021288436818697643
2025-10-03 14:19:20,119989,120310.44900000002,-0.002671829443509286
2025-10-03 14:19:55,119978,120250.27066165864,-0.0022641999902412615
2025-10-03 15:20:33,121140,120450.23749999997,0.0057265349933413486
2025-10-03 15:21:08,121368,120508.04210155089,0.007136103810602377
2025-10-03 16:24:41,123323,120666.14199999999,0.022018255957831218
2025-10-03 16:25:15,123422,120885.72804576796,0.02098073937455872
2025-10-03 17:16:56,122855,121466.2325,0.011433362766067531
2025-10-03 17:17:31,122855,121832.83577751249,0.008389891082845321
2025-10-03 18:28:30,122568,121838.92399999997,0.005983933344651257
2025-10-03 18:29:06,122563,121957.32378390382,0.004966296383884074
2025-10-03 19:15:36,122516,122279.57549999996,0.001933474981682754
2025-10-03 19:16:12,122555,122152.15008460479,0.0032979355264413537
2025-10-03 20:21:27,122235,122594.59100000001,-0.0029331718232170198
2025-10-03 20:22:02,122205,122249.51962339498,-0.0003641701295197811
2025-10-03 21:16:49,122415,122553.0,-0.00112604342610952
2025-10-03 21:17:25,122414,122321.41893049896,0.0007568671971803007
2025-10-03 22:17:52,122453,122424.83799999999,0.0002300350195277463
2025-10-03 22:18:27,122522,122335.06937729327,0.0015280215530856154
2025-10-03 23:19:53,122296,122452.58749999998,-0.001278760238528889
2025-10-03 23:20:20,122330,122356.39762960882,-0.00021574376264927117
2025-10-04 01:24:28,122009,122301.05649999998,-0.002388012895047861
2025-10-04 01:25:04,121995,122224.27884728432,-0.0018758862760057781
2025-10-04 02:51:53,121858,122157.375,-0.0024507320986555253
2025-10-04 02:52:28,121903,122070.05548328902,-0.0013685214004993114
2025-10-04 03:25:30,122000,122112.0585,-0.0009176694044511516
2025-10-04 03:26:05,122004,122047.96686738083,-0.00036024252193081414
2025-10-04 04:22:46,122347,122051.077,0.0024245832750824084
2025-10-04 04:23:21,122354,122107.8882934167,0.0020155266790946856
2025-10-04 05:18:04,122655,122121.626,0.00436756385801804
2025-10-04 05:18:40,122644,122260.57082830065,0.003136163761559922
2025-10-04 06:27:32,122550,122210.389,0.002778904500500399
2025-10-04 06:28:07,122546,122336.99321636619,0.0017084512062852644
2025-10-04 07:17:12,122406,122324.67500000002,0.0006648290706677334
2025-10-04 07:17:47,122389,122367.65181654696,0.00017445937007146695
2025-10-04 08:23:10,122479,122425.51900000004,0.0004368451972824072
2025-10-04 08:23:44,122451,122370.32138042829,0.000659298910565889
2025-10-04 09:18:10,122418,122441.79850000003,-0.00019436581536356247
2025-10-04 09:18:45,122418,122363.32513085612,0.0004468239898304057
2025-10-04 10:18:34,122268,122374.95150000004,-0.0008739656170571737
2025-10-04 10:19:10,122268,122324.9426030023,-0.000465502797635523
2025-10-04 11:14:18,122054,122325.87400000003,-0.0022225387901174958
2025-10-04 11:14:54,122012,122274.68406483853,-0.0021483111311842167
2025-10-04 12:36:58,122031,122215.70049999995,-0.0015112665495866315
2025-10-04 12:37:33,122056,122177.81492024194,-0.0009970297825465748
2025-10-04 13:21:19,122347,122191.3359999999,0.0012739364761516832
2025-10-04 13:21:55,122347,122197.92114220273,0.001219978673972583
2025-10-04 14:16:43,122460,122209.26449999993,0.0020516897882162455
2025-10-04 14:17:17,122460,122269.63699196301,0.0015569115335600785
2025-10-04 15:17:47,121917,122152.27099999988,-0.0019260468763603845
2025-10-04 15:18:23,121955,122172.61062241648,-0.0017811735487017217
2025-10-04 16:22:36,121606,122067.85499999991,-0.0037835923306746805
2025-10-04 16:23:10,121621,122016.91013327114,-0.0032447152844529213
2025-10-04 17:15:35,121789,122019.59349999999,-0.001889807148062562
2025-10-04 17:16:10,121797,121944.8470874493,-0.0012124094701868172
2025-10-04 18:26:29,121738,121929.274,-0.001568729097821126
2025-10-04 18:27:04,121738,121876.57799421053,-0.0011370354869752904
2025-10-04 19:14:23,121801,121819.53700000001,-0.00015216771017616964
2025-10-04 19:14:58,121801,121825.15892260992,-0.0001983081559143613
2025-10-04 20:19:44,122024,121791.04500000007,0.0019127432562872652
2025-10-04 20:20:20,121985,121867.54079126778,0.0009638268563522194
2025-10-04 21:16:23,122117,121848.464,0.0022038521552474617
2025-10-04 21:16:59,122122,121933.27623558647,0.0015477625980368087
2025-10-04 22:17:30,122196,121946.01599999997,0.0020499562691742705
2025-10-04 22:18:06,122196,122041.04023126148,0.0012697349059372495
2025-10-04 23:17:33,122243,122056.09249999996,0.0015313246243733789
2025-10-04 23:18:08,122230,122116.93202460537,0.0009258992468943571
2025-10-05 01:43:35,122379,122255.51799999997,0.0010100321197774708
2025-10-05 01:44:10,122386,122227.31812202345,0.0012982521453847834
2025-10-05 03:08:17,124011,122536.67699999998,0.012031687459584193
2025-10-05 03:08:51,123982,122684.34596720977,0.0105771769214718
2025-10-05 04:22:39,124033,122964.66950000003,0.008688109392267078
2025-10-05 04:23:13,123985,123176.64303800666,0.00656258314933878
2025-10-05 05:18:14,124964,123480.13300000006,0.01201705054852783
2025-10-05 05:18:48,124985,123761.97562146906,0.009882068966575097
2025-10-05 06:27:43,124963,124070.42050000008,0.007194136172045288
2025-10-05 06:28:17,124963,124222.96398345071,0.005957320553451604
2025-10-05 07:17:19,125021,124577.14200000008,0.00356291686319084
2025-10-05 07:17:55,125123,124499.48270573933,0.005008191847145157
2025-10-05 08:23:08,124715,124742.22000000006,-0.00021821000139374912
2025-10-05 08:23:39,124774,124549.15327581951,0.0018052850482456295
2025-10-05 09:17:51,124358,124861.33850000007,-0.004031179755453851
2025-10-05 09:18:26,124390,124529.41878483898,-0.0011195650489614142
2025-10-05 10:18:53,123002,124500.64700000007,-0.01203726274611303
2025-10-05 10:19:27,122948,124020.03272314221,-0.00864402870732488
2025-10-05 11:14:19,122941,124152.32549999999,-0.009756768510953038
2025-10-05 11:14:54,122898,123735.12536704705,-0.006765462632892671
2025-10-05 12:37:13,123192,123602.29700000002,-0.0033194933262447415
2025-10-05 12:37:47,123123,123503.35666826896,-0.0030797273736502344
2025-10-05 13:22:16,123231,123369.776,-0.0011248784305160611
2025-10-05 13:22:50,123241,123417.19700546989,-0.0014276535988909335
2025-10-05 14:16:32,123250,123132.97999999998,0.0009503546490957877
2025-10-05 14:17:06,123210,123356.98695385025,-0.0011915575881019497
2025-10-05 15:17:36,123010,123133.34099999999,-0.00100168645631069
2025-10-05 15:18:10,123010,123230.45238077296,-0.0017889440192248507
2025-10-05 16:22:04,123030,123106.67549999992,-0.0006228378736449986
2025-10-05 16:22:38,123020,123124.36823461246,-0.0008476651381762409
2025-10-05 17:15:31,123236,123084.01499999993,0.001234806973107543
2025-10-05 17:16:05,123240,123141.3385418777,0.0008012050160453955
2025-10-05 18:26:16,122987,123055.35949999995,-0.0005555182665566693
2025-10-05 18:26:52,123000,123103.97156461046,-0.0008445833492536079
2025-10-05 19:14:31,122668,123009.75249999994,-0.0027782553257307326
2025-10-05 19:15:06,122777,123028.79740095155,-0.0020466541677306364
2025-10-05 20:20:13,122734,122942.16649999998,-0.0016932066997532337
2025-10-05 20:20:48,122724,122922.55522866781,-0.0016152871887380614
2025-10-05 21:16:25,122619,122906.91849999994,-0.0023425735793704866
2025-10-05 21:16:59,122612,122851.54658395564,-0.00194988659578606
2025-10-05 22:17:53,122986,122841.29499999993,0.0011779833483526415
2025-10-05 22:18:28,122964,122850.34105321135,0.000925182183575879
2025-10-05 23:16:10,123486,122906.84049999996,0.004712182801575134
2025-10-05 23:16:44,123500,123027.15333941217,0.0038434333214499954
2025-10-06 01:37:39,123979,123269.52400000002,0.005755485840928375
2025-10-06 01:38:13,124094,123406.71785121277,0.0055692442093457206
2025-10-06 03:03:01,124085,123631.928,0.0036646844171191774
2025-10-06 03:03:36,124018,123646.37758312296,0.003005526115208786
2025-10-06 04:24:35,123985,123784.3075,0.0016213080967472768
2025-10-06 04:25:11,123936,123744.7538420873,0.0015454890165020642
2025-10-06 05:19:41,123450,123779.4365,-0.0026614800431733763
2025-10-06 05:20:18,123426,123668.72381400164,-0.0019626936101216617
2025-10-06 06:31:59,123887,123809.99499999995,0.0006219610944984558
2025-10-06 06:32:33,123912,123715.35788504832,0.0015894721424513458
2025-10-06 07:20:32,123887,123819.30049999992,0.000546760478590131
2025-10-06 07:21:08,123922,123783.0337687716,0.0011226597619831827
2025-10-06 08:27:57,123770,123733.724,0.0002931779536514881
2025-10-06 08:28:32,123770,123706.22001129786,0.0005155762474701298
2025-10-06 09:24:46,123950,123722.215,0.0018411002421836976
2025-10-06 09:25:21,123903,123752.26310186241,0.0012180536691560728
2025-10-06 10:22:55,124035,123795.94049999995,0.0019310770533711222
2025-10-06 10:23:29,124007,123816.08942853617,0.001541888233952158
2025-10-06 11:17:00,123830,123841.61149999996,-9.37608923149019e-05
2025-10-06 11:17:34,123861,123851.47394317173,7.691516721584835e-05
2025-10-06 12:43:07,124265,123986.14549999998,0.0022490779020145914
2025-10-06 12:43:43,124265,124066.68465872889,0.0015984576505499299
2025-10-06 13:30:20,124850,124215.12399999998,0.005111100641818934
2025-10-06 13:30:54,124834,124282.32425032445,0.004438891475543878
2025-10-06 14:20:21,124977,124328.63399999999,0.005214937051427824
2025-10-06 14:20:57,124887,124427.50027661264,0.0036929113127391637
2025-10-06 15:20:53,125091,124455.06400000001,0.005109763954642994
2025-10-06 15:21:28,125151,124520.86451562367,0.005060481123605292
2025-10-06 16:25:33,124896,124707.07350000006,0.0015149621805529989
2025-10-06 16:26:08,124881,124689.72939049127,0.001533972448602654
2025-10-06 17:18:28,125471,124920.84300000008,0.00440404488784885
2025-10-06 17:19:04,125510,124927.54544733898,0.0046623388827129394
2025-10-06 18:30:14,125209,125086.47900000002,0.0009794903572270092
2025-10-06 18:30:48,125201,125053.39856700055,0.001180307250269326
2025-10-06 19:16:24,125665,125220.27350000004,0.00355155349504935
2025-10-06 19:17:01,125604,125242.96953590434,0.0028826405620489604
2025-10-06 20:22:14,125202,125330.75050000001,-0.0010272857976702948
2025-10-06 20:22:48,125190,125276.10929615391,-0.0006873560859904062
2025-10-06 21:17:46,125019,125361.48200000003,-0.0027319555778706622
2025-10-06 21:18:22,125007,125220.20504224199,-0.001702640897050618
2025-10-06 22:18:11,125205,125286.19600000003,-0.0006480841672296074
2025-10-06 22:18:46,125236,125179.74326475532,0.000449407657960246
2025-10-06 23:18:23,124831,125219.58700000003,-0.0031032445427250015
2025-10-06 23:18:57,124794,125080.88318612831,-0.0022935813916616673
2025-10-07 01:27:51,124643,124928.415,-0.002284628360969709
2025-10-07 01:28:25,124682,124921.42864290091,-0.0019166338834095168
2025-10-07 02:58:44,124306,124782.219,-0.003816401117213642
2025-10-07 02:59:19,124303,124753.60670119987,-0.003611973337805981
2025-10-07 03:34:24,124147,124658.33850000003,-0.004101919744422288
2025-10-07 03:35:00,124166,124622.11919618948,-0.0036600179737870057
2025-10-07 04:24:30,124233,124564.388,-0.0026603751306513565
2025-10-07 04:25:06,124260,124531.10412502986,-0.002176999288126994
2025-10-07 05:19:26,124380,124525.67449999996,-0.0011698350608007721
2025-10-07 05:20:01,124380,124524.4557906081,-0.001160059601874589
2025-10-07 06:30:56,123910,124374.75399999996,-0.0037367229687140313
2025-10-07 06:31:30,123915,124394.23764203292,-0.0038525710765800695
2025-10-07 07:19:59,123736,124255.88649999998,-0.00418399896088608
2025-10-07 07:20:34,123793,124245.77070716821,-0.003644153878165664
2025-10-07 08:27:50,123688,124123.54499999997,-0.0035089635894621704
2025-10-07 08:28:26,123695,124048.95050300371,-0.002853313160397437
2025-10-07 09:22:00,124034,124051.48449999995,-0.0001409455120220487
2025-10-07 09:22:34,124010,124019.77237610453,-7.879692017897444e-05
2025-10-07 10:21:33,124394,124000.46999999997,0.003173617003226101
2025-10-07 10:22:08,124370,124098.49964071717,0.0021877811582642907
2025-10-07 11:16:56,124236,123987.81500000003,0.0020016886336771764
2025-10-07 11:17:30,124253,124144.5196916987,0.0008738227718041555
2025-10-07 12:42:41,124544,124113.36850000006,0.0034696624965097514
2025-10-07 12:43:14,124563,124258.05614892463,0.00245411734680518
2025-10-07 13:30:32,124802,124380.08500000005,0.0033921427212398976
2025-10-07 13:31:06,124742,124450.17518170053,0.0023449128767669488
2025-10-07 14:21:14,123040,124234.32550000004,-0.009613490435862149
2025-10-07 14:21:48,123143,124118.71685481824,-0.007861158087539165
2025-10-07 15:22:25,122300,124125.44350000002,-0.014706440907903162
2025-10-07 15:23:00,122321,123912.30323145687,-0.012842172971996661
2025-10-07 16:26:01,120939,123427.59050000008,-0.020162351787950335
2025-10-07 16:26:37,121023,122973.6039166545,-0.01586197244391177
2025-10-07 17:18:27,121366,122725.86700000001,-0.011080524694928517
2025-10-07 17:19:10,121271,122415.29253902513,-0.009347627369843034
2025-10-07 18:30:31,120727,121841.84449999998,-0.009149931245500618
2025-10-07 18:31:05,120735,121858.3005205745,-0.009218087859225
2025-10-07 19:16:17,121587,121559.40849999998,0.00022697955131974917
2025-10-07 19:16:51,121561,121718.67442127013,-0.0012954004142734668
2025-10-07 20:22:26,122109,121445.86299999998,0.005460350674934206
2025-10-07 20:23:02,122096,121734.48204279765,0.002969725184974712
2025-10-07 21:17:35,122145,121523.47899999998,0.005114410853889581
2025-10-07 21:18:11,122105,121844.78572580805,0.0021356209265903465
2025-10-07 22:18:45,122109,121628.61099999999,0.003949638132429303
2025-10-07 22:19:20,122145,121923.10025869923,0.0018199975298359595
2025-10-07 23:18:12,121819,121771.86400000002,0.0003870844910445326
2025-10-07 23:18:46,121788,121890.78667520583,-0.0008432686178301671
2025-10-08 01:28:18,121946,121851.90049999999,0.0007722448284670881
2025-10-08 01:28:52,121938,121786.71554050074,0.0012422082230221041
2025-10-08 02:58:35,122031,121822.22849999994,0.001713738966776994
2025-10-08 02:59:11,122058,121871.08562123243,0.0015337057006982702
2025-10-08 03:33:44,121427,121758.05349999995,-0.0027189454042968173
2025-10-08 03:34:19,121362,121772.1818649467,-0.0033684365235536365
2025-10-08 04:24:18,121463,121689.98999999992,-0.0018653136548036373
2025-10-08 04:24:53,121460,121675.6892361982,-0.0017726567858555899
2025-10-08 05:20:12,121543,121734.09399999992,-0.0015697656566115708
2025-10-08 05:20:46,121522,121679.5341442127,-0.0012946642615017617
2025-10-08 06:31:47,121460,121612.61999999992,-0.0012549684399523887
2025-10-08 06:32:21,121471,121556.94915649093,-0.0007070690494237062
2025-10-08 07:19:46,121659,121568.86649999996,0.000741419267901457
2025-10-08 07:20:21,121636,121597.8392498589,0.00031382753490128047
2025-10-08 08:28:17,121839,121532.02849999994,0.0025258485667427003
2025-10-08 08:28:51,121790,121602.38480393564,0.0015428578671944748
2025-10-08 09:22:18,122544,121774.09049999998,0.00632244097934793
2025-10-08 09:22:52,122528,121926.11872195316,0.004936442530573827
2025-10-08 10:21:33,122671,121952.00449999995,0.005895725149807181
2025-10-08 10:22:08,122705,122136.7598954621,0.004652490413404247
2025-10-08 11:17:16,123030,122282.55349999995,0.006112454136804147
2025-10-08 11:17:51,123008,122420.6920654085,0.004797456415927698
2025-10-08 12:42:55,122654,122582.76199999996,0.0005811420695516817
2025-10-08 12:43:29,122637,122573.47836494823,0.0005182331112660831
2025-10-08 13:30:38,122460,122702.24349999998,-0.0019742385557928476
2025-10-08 13:31:13,122430,122567.23596222691,-0.0011196790165783608
2025-10-08 14:21:01,123025,122721.3085,0.002474643594596295
2025-10-08 14:21:37,122966,122589.4433858485,0.0030716887502808417
2025-10-08 15:22:02,122280,122672.111,-0.003196415198235273
2025-10-08 15:22:36,122292,122492.67833410346,-0.0016382884008471334
2025-10-08 16:26:17,122665,122574.5105,0.0007382407617283206
2025-10-08 16:26:53,122683,122513.73907543244,0.0013815668825791106
2025-10-08 17:18:14,123800,122662.30600000003,0.009275009064316579
2025-10-08 17:18:49,123819,122793.81231944019,0.00834885456518652
2025-10-08 18:31:03,123581,122992.11849999998,0.004787961270868083
2025-10-08 18:31:39,123663,123174.80044747205,0.003963469400838542
2025-10-08 19:16:27,123230,123086.23150000002,0.0011680307232411812
2025-10-08 19:17:04,123289,123211.5019319801,0.0006289840380541476
2025-10-08 20:22:38,123574,123318.10150000002,0.002075108981465962
2025-10-08 20:23:13,123636,123332.07820831786,0.002464255821334558
2025-10-08 21:18:32,123150,123442.28200000004,-0.0023677624494987505
2025-10-08 21:19:07,123180,123256.49669612726,-0.0006206301345384743
2025-10-08 22:19:00,123280,123449.68350000001,-0.0013745154721276683
2025-10-08 22:19:36,123312,123285.03367330924,0.00021873155148918348
2025-10-08 23:18:20,123280,123333.14949999998,-0.00043094253422908807
2025-10-08 23:18:56,123304,123268.1883316123,0.0002905183313910808
2025-10-09 01:36:39,122476,123092.405,-0.005007660708229714
2025-10-09 01:37:15,122426,123017.30317054839,-0.004806666666465765
2025-10-09 03:01:02,121738,122721.25600000001,-0.00801210835065124
2025-10-09 03:01:37,121778,122524.37553643591,-0.006091649381342529
2025-10-09 04:25:20,122259,122405.49300000002,-0.0011967845266553255
2025-10-09 04:25:56,122228,122327.20320198465,-0.0008109659943818816
2025-10-09 05:20:10,121900,122163.28650000005,-0.0021552015138365283
2025-10-09 05:20:44,121882,122215.67939859534,-0.0027302503266137877
2025-10-09 06:31:43,122146,122018.27000000005,0.0010468104489594241
2025-10-09 06:32:18,122180,122161.11001521046,0.00015463173826093463
2025-10-09 07:20:18,121979,121969.87500000004,7.481355539600529e-05
2025-10-09 07:20:53,122005,122111.1890969344,-0.0008696098835799543
2025-10-09 08:27:59,121389,121945.99300000009,-0.004567538352818933
2025-10-09 08:28:34,121373,121955.01636792852,-0.00477238563252389
2025-10-09 09:21:56,121621,121825.63050000013,-0.0016796999051864546
2025-10-09 09:22:31,121647,121787.73487083234,-0.0011555750747938912
2025-10-09 10:22:32,121748,121777.6595000001,-0.00024355452487651182
2025-10-09 10:23:02,121735,121787.20010151473,-0.0004286173051947518
2025-10-09 11:17:39,122267,121818.5780000001,0.0036810641477025264
2025-10-09 11:18:13,122267,121932.66753072452,0.0027419433696161716
2025-10-09 12:42:44,123706,122119.53900000003,0.012991049695986539
2025-10-09 12:43:20,123693,122421.26929602413,0.01038815159562454
2025-10-09 13:31:16,123317,122483.152,0.006807858765750885
2025-10-09 13:31:52,123317,122733.87237456917,0.004751154788396117
2025-10-09 14:20:41,122228,122586.78700000005,-0.0029267999331775837
2025-10-09 14:21:16,122180,122584.25508888053,-0.003297773344443129
2025-10-09 15:30:47,120979,122386.67549999998,-0.011501868926899507
2025-10-09 15:31:21,120947,122007.0967220866,-0.008688811967236117
2025-10-09 16:27:50,121260,122209.00449999997,-0.007765422064296143
2025-10-09 16:28:25,121357,121794.2607761819,-0.0035901591207605182
2025-10-09 17:18:52,120222,121687.48549999995,-0.012043025574720681
2025-10-09 17:19:26,120350,121292.64326613588,-0.007771644188407796
2025-10-09 18:29:43,120679,121138.61299999997,-0.003794108159385716
2025-10-09 18:30:17,120697,121064.86793992389,-0.003038601917993561
2025-10-09 19:17:12,120834,120826.47949999994,6.224215115079084e-05
2025-10-09 19:17:48,120844,120994.5660835696,-0.0012444036822745344
2025-10-09 20:23:01,120909,120766.50249999999,0.001179942260893183
2025-10-09 20:23:36,120909,120975.85475079445,-0.0005526288773256784
2025-10-09 21:18:23,121373,120785.47400000002,0.004864210741102721
2025-10-09 21:18:58,121371,121057.12204988665,0.0025928086245434407
2025-10-09 22:18:28,121567,121024.421,0.004483219134756264
2025-10-09 22:19:02,121595,121199.94865384299,0.0032595009366324667
2025-10-09 23:18:14,121392,121187.94099999992,0.0016838226503087571
2025-10-09 23:18:50,121392,121311.74591874365,0.0006615524378827116
2025-10-10 01:37:08,121691,121575.81399999997,0.0009474417337648313
2025-10-10 01:37:42,121691,121562.63910240162,0.0010559239133518018
2025-10-10 03:01:30,121095,121539.40050000003,-0.003656431561878836
2025-10-10 03:02:05,121067,121407.93304145787,-0.0028081611548518184
2025-10-10 04:24:10,121334,121478.29900000004,-0.0011878582527735482
2025-10-10 04:24:46,121303,121375.75585066878,-0.0005994265507049974
2025-10-10 05:20:11,121164,121376.20750000005,-0.0017483451194505945
2025-10-10 05:20:45,121164,121304.466193303,-0.0011579639044712688
2025-10-10 06:31:27,121505,121337.91,0.0013770634420849717
2025-10-10 06:32:02,121512,121404.00949934461,0.0008895134608875666
2025-10-10 07:19:44,121229,121327.773,-0.0008141004945339353
2025-10-10 07:20:19,121304,121393.38127331773,-0.0007362944534553373
2025-10-10 08:27:22,121266,121315.25699999998,-0.0004060247755975429
2025-10-10 08:27:57,121287,121308.10400147813,-0.00017397025245629777
2025-10-10 09:22:32,121552,121355.69149999999,0.0016176291163073613
2025-10-10 09:23:08,121588,121375.3395479566,0.0017520894510814576
2025-10-10 10:22:12,121449,121411.29699999998,0.0003105394714630482
2025-10-10 10:22:47,121449,121405.44647459849,0.0003587444111135888
2025-10-10 11:18:06,121550,121394.53900000003,0.0012806259760990283
2025-10-10 11:18:42,121550,121427.31098220618,0.0010103906345401753
2025-10-10 12:42:10,121440,121429.07449999994,8.997433312444268e-05
2025-10-10 12:42:44,121442,121452.83519281544,-8.921317314859416e-05
2025-10-10 13:29:43,121955,121530.77449999994,0.0034906837526988595
2025-10-10 13:30:18,121975,121587.0640693266,0.003190602007234941
2025-10-10 14:20:15,121215,121540.47649999995,-0.0026779268057250563
2025-10-10 14:20:51,121227,121539.76324258342,-0.0025733408905788836
2025-10-10 15:20:42,119867,121384.94299999994,-0.012505200088943007
2025-10-10 15:21:16,119823,121264.16399338997,-0.011884500300257943
2025-10-10 16:25:34,119150,121100.61949999996,-0.016107427922777535
2025-10-10 16:26:10,119073,120757.13242038438,-0.013946442637620083
2025-10-10 17:18:12,118093,120637.09899999997,-0.021088860898420422
2025-10-10 17:18:48,118152,120139.86109193048,-0.01654622432440949
2025-10-10 18:29:30,117651,119875.05550000005,-0.01855311341232326
2025-10-10 18:30:08,117605,119163.55836109101,-0.013079152574214395
2025-10-10 19:16:37,116788,118903.52849999999,-0.017791974104452133
2025-10-10 19:17:12,116620,118560.82831368197,-0.01636989502592733
2025-10-10 20:21:53,116800,117760.77949999992,-0.008158739302501964
2025-10-10 20:22:29,116781,117822.2952867037,-0.008837845877725023
2025-10-10 21:17:19,113764,117384.52399999995,-0.030843282203026595
2025-10-10 21:17:54,113764,117388.65047062958,-0.03087735020462189
2025-10-10 22:20:16,113220,116562.20299999995,-0.028673128286705013
2025-10-10 22:20:50,113152,116206.77610601907,-0.02628741806959777
2025-10-10 23:17:56,112853,116047.20599999996,-0.027525057346059353
2025-10-10 23:18:30,112991,115695.95688151722,-0.023379873890384404
2025-10-11 01:25:36,111319,113280.59849999993,-0.017316279450977086
2025-10-11 01:26:11,111345,113573.43948055724,-0.019621132288933862
2025-10-11 02:54:39,113197,112668.11500000002,0.0046941852182401395
2025-10-11 02:55:14,113157,112816.16528174057,0.003021151422832436
2025-10-11 03:27:53,113196,112590.5185,0.005377730807767747
2025-10-11 03:28:27,113196,112807.69119055849,0.0034422192790522607
2025-10-11 04:23:06,113196,112501.89699999997,0.006169700409585379
2025-10-11 04:23:42,113196,112639.47065712386,0.004940802186208947
2025-10-11 05:18:17,112946,112209.54299999999,0.006563229653292586
2025-10-11 05:18:51,112946,112558.64641912965,0.0034413489606828964
2025-10-11 06:27:34,112389,112203.5665,0.001652652458244268
2025-10-11 06:28:08,112389,112515.7679757501,-0.0011266685374926684
2025-10-11 07:17:10,112046,112323.72649999996,-0.002472554184711462
2025-10-11 07:17:45,112046,112309.62039513618,-0.002347264590590664
2025-10-11 08:23:48,111043,111835.19349999998,-0.007083579642574496
2025-10-11 08:24:23,110994,111644.06783467802,-0.005822681377398716
2025-10-11 09:18:38,111595,111676.44949999996,-0.000729334612307484
2025-10-11 09:19:13,111599,111575.45488426083,0.0002110241518942414
2025-10-11 10:19:17,111817,111552.37049999999,0.002372244523481552
2025-10-11 10:19:52,111750,111651.50818300695,0.0008821360194401411
2025-10-11 11:14:50,112034,111543.93250000002,0.004393493119851906
2025-10-11 11:15:25,111992,111802.60883189004,0.0016939780751872326
2025-10-11 12:37:18,112308,111752.8045,0.004968067714130625
2025-10-11 12:37:53,112264,112018.09239036583,0.002195249038675145
2025-10-11 13:22:12,112399,112034.51400000004,0.003253336735141821
2025-10-11 13:22:47,112359,112121.61337249352,0.002117224506196025
2025-10-11 14:16:15,112172,112183.00550000006,-9.810309459089598e-05
2025-10-11 14:16:49,112212,112149.92994282737,0.0005534560494534091
2025-10-11 15:17:29,112263,112225.8100000001,0.0003313854451119616
2025-10-11 15:18:03,112249,112144.94290221109,0.0009278804295228106
2025-10-11 16:22:13,111856,112181.87300000011,-0.002904863248272815
2025-10-11 16:22:48,111919,112072.4422600665,-0.0013691346148273665
2025-10-11 17:15:42,112061,112091.38550000009,-0.00027107792329046773
2025-10-11 17:16:17,112101,112008.6953916166,0.0008240843093536627
2025-10-11 18:24:47,111900,112010.70700000002,-0.0009883608716086754
2025-10-11 18:25:22,111850,111992.47558668803,-0.0012721889211007398
2025-10-11 19:14:03,111310,111937.82300000002,-0.00560867616658954
2025-10-11 19:14:38,111457,111934.48105733188,-0.004265719131599146
2025-10-11 20:20:10,110747,111682.47000000002,-0.008376157869717741
2025-10-11 20:20:44,110772,111584.81388987911,-0.00728426979930493
2025-10-11 21:16:33,110186,111342.018,-0.010382585305755788
2025-10-11 21:17:07,110388,111138.0842107043,-0.00674911949428812
2025-10-11 22:17:31,110837,111160.24850000002,-0.0029079504981496694
2025-10-11 22:18:05,110800,111064.55724031974,-0.00238201319028625
2025-10-11 23:17:45,110828,110969.299,-0.001273316144855516
2025-10-11 23:18:20,110872,111042.3306214929,-0.0015339251305297706
2025-10-12 01:40:18,109991,110481.61000000002,-0.004440648538702641
2025-10-12 01:40:54,109864,110458.57345336843,-0.0053827732404985035
2025-10-12 03:03:26,110050,110349.60500000003,-0.002715052763442379
2025-10-12 03:04:02,110057,110326.01254328237,-0.002438341938414864
2025-10-12 04:23:47,111216,110382.393,0.007551992463145854
2025-10-12 04:24:22,111216,110621.69174483854,0.005372438676243567
2025-10-12 05:18:29,111478,110580.67499999996,0.008114663796364429
2025-10-12 05:19:04,111489,110893.16364939086,0.0053730665714704215
2025-10-12 06:27:49,112060,110975.78899999992,0.009769797626760588
2025-10-12 06:28:24,111986,111184.26193510335,0.007210895237714605
2025-10-12 07:18:05,111563,111267.22849999994,0.0026582085667754447
2025-10-12 07:18:40,111596,111337.61253918962,0.0023207562558378927
2025-10-12 08:24:07,111643,111481.65350000001,0.0014472919528412365
2025-10-12 08:24:41,111643,111414.94868124813,0.0020468646393609915
2025-10-12 09:18:42,111300,111567.29199999997,-0.0023957917702257417
2025-10-12 09:19:17,111335,111400.0837871854,-0.0005842346340576866
2025-10-12 10:19:31,111669,111624.3525,0.0003999799237357852
2025-10-12 10:20:06,111647,111516.49338180556,0.001170289831008396
2025-10-12 11:15:34,111862,111619.2675,0.0021746469533138464
2025-10-12 11:16:09,111839,111590.68500611414,0.002225230482922922
2025-10-12 12:37:53,111780,111690.05199999995,0.0008053358234630212
2025-10-12 12:38:28,111773,111722.52351333415,0.000451802242542679
2025-10-12 13:23:17,111594,111721.70849999998,-0.001143094763897017
2025-10-12 13:23:52,111630,111739.02582029683,-0.0009757183714145222
2025-10-12 14:16:59,111412,111741.75600000002,-0.0029510543936684063
2025-10-12 14:17:34,111382,111657.58585581626,-0.002468133747510204
2025-10-12 15:18:11,113268,111914.82199999996,0.012091141957944088
2025-10-12 15:18:46,113381,112002.8595732507,0.012304511081237094
2025-10-12 16:22:54,113740,112240.871,0.01335635572535784
2025-10-12 16:23:29,113756,112446.36215800591,0.011646778222614517
2025-10-12 17:16:05,114414,112692.44300000001,0.015276596674721001
2025-10-12 17:16:41,114369,113044.88262848121,0.01171320046277959
2025-10-12 18:26:10,113888,113130.00350000002,0.006700225197111208
2025-10-12 18:26:45,113914,113356.76893185847,0.004915728221545295
2025-10-12 19:15:02,114362,113639.10300000003,0.006361340250987091
2025-10-12 19:15:37,114371,113592.5773038187,0.006852760230092321
2025-10-12 20:20:50,114866,114029.41000000006,0.007336616053699987
2025-10-12 20:21:26,114855,113898.56797907544,0.008397226039753824
2025-10-12 21:17:05,115348,114415.70850000011,0.008148282366314144
2025-10-12 21:17:39,115288,114346.88678890237,0.008230335232781952
2025-10-12 22:18:19,115379,114561.77750000011,0.007133465609853044
2025-10-12 22:18:54,115480,114581.45089263648,0.007842011951877502
2025-10-12 23:18:11,114880,114765.5425000001,0.000997315897320854
2025-10-12 23:18:46,114822,114717.40486563504,0.0009117634284655756
2025-10-13 01:43:12,115665,115165.43999999994,0.004337759661232191
2025-10-13 01:43:46,115580,115080.99568200276,0.004336114012917598
2025-10-13 03:11:19,115458,115282.76299999996,0.0015200624572125968
2025-10-13 03:11:55,115528,115225.9961022325,0.0026209701628402597
2025-10-13 04:25:12,114693,115194.938,-0.004357292158098081
2025-10-13 04:25:47,114740,115071.71860772316,-0.0028827118577587343
2025-10-13 05:20:47,114647,115107.8045,-0.004003242890450564
2025-10-13 05:21:21,114650,114940.69300458503,-0.002529069531305466
2025-10-13 06:33:05,115194,114986.46100000001,0.0018048994481184159
2025-10-13 06:33:41,115267,114933.02095824221,0.002905858029078796
2025-10-13 07:21:28,115386,114960.893,0.003697840099415404
2025-10-13 07:22:02,115440,115020.64246761511,0.0036459327942196624
2025-10-13 08:30:33,115296,114995.704,0.0026113671168098776
2025-10-13 08:31:07,115326,115153.0833846018,0.0015016238412015942
2025-10-13 09:25:34,114961,115031.69450000001,-0.0006145654057109654
2025-10-13 09:26:08,114955,115103.82580958889,-0.0012929701384129884
2025-10-13 10:25:09,115050,115106.10850000005,-0.0004874502381430585
2025-10-13 10:25:40,115034,115088.96005236894,-0.0004775440871473309
2025-10-13 11:18:08,114472,115074.09250000006,-0.0052322159307930825
2025-10-13 11:18:44,114458,114934.5803331848,-0.004146535636213553
2025-10-13 12:42:58,114505,114779.33400000003,-0.0023900992490515026
2025-10-13 12:43:33,114463,114639.22596249264,-0.0015372221943499033
2025-10-13 13:31:27,114769,114630.79700000002,0.001205635864155943
2025-10-13 13:32:02,114861,114637.02175280637,0.0019538037866737505
2025-10-13 14:22:03,114624,114628.12550000005,-3.599029454645361e-05
2025-10-13 14:22:39,114685,114696.52730782174,-0.0001005026751229041
2025-10-13 15:21:27,114248,114463.96200000006,-0.0018867248365914298
2025-10-13 15:22:03,114230,114552.25496205293,-0.0028131699560142507
2025-10-13 16:26:43,114658,114475.01350000009,0.001598484196727451
2025-10-13 16:27:17,114577,114541.95780787292,0.0003059332387687441
2025-10-13 17:18:04,114539,114525.37950000011,0.0001189299704515549
2025-10-13 17:18:39,114543,114533.01420483377,8.718704589724831e-05
2025-10-13 18:29:17,115247,114618.38000000009,0.005484460694697548
2025-10-13 18:29:53,115266,114655.06208568555,0.0053284861845687434
2025-10-13 19:16:03,115269,114684.66150000009,0.005095175696184186
2025-10-13 19:16:39,115290,114849.58635214152,0.0038346994695142157
2025-10-13 20:23:16,115580,114976.29250000007,0.005250712880656949
2025-10-13 20:23:50,115601,115141.01523599586,0.003994968804655271
2025-10-13 21:18:24,115716,115203.21450000003,0.004451138817831935
2025-10-13 21:18:59,115710,115298.95602142416,0.0035650277570549523
2025-10-13 22:18:42,115768,115431.78950000003,0.002912633525446401
2025-10-13 22:19:17,115753,115427.65327924264,0.0028186202483929637
2025-10-13 23:18:14,115385,115536.76800000001,-0.0013135904926820433
2025-10-13 23:18:48,115362,115420.27143211392,-0.0005048630660013151
2025-10-14 01:37:02,114513,115304.78750000002,-0.006866909147202758
2025-10-14 01:37:37,114502,115108.87406568321,-0.005272174457521975
2025-10-14 03:01:52,113609,114779.10699999999,-0.010194425018483453
2025-10-14 03:02:23,113577,114553.02261150435,-0.008520269384898166
2025-10-14 04:25:16,113532,114264.07799999998,-0.006406895437426797
2025-10-14 04:25:51,113489,114116.88189944795,-0.005502094773332473
2025-10-14 05:19:51,113459,113886.74399999998,-0.0037558717105827264
2025-10-14 05:20:26,113388,113843.09856821308,-0.003997594706546016
2025-10-14 06:31:32,112408,113284.65699999993,-0.007738532500477397
2025-10-14 06:32:07,112351,113262.67613620241,-0.00804921945430716
2025-10-14 07:21:24,111986,113036.50449999995,-0.009293497747888624
2025-10-14 07:22:00,111915,112997.68893948283,-0.009581514008332315
2025-10-14 08:26:36,111794,112647.74599999997,-0.007578899980830245
2025-10-14 08:27:11,111754,112600.41327012455,-0.00751696415264514
2025-10-14 09:23:11,111734,112337.89899999998,-0.0053757369986061065
2025-10-14 09:23:46,111734,112359.06745413353,-0.005563124261321347
2025-10-14 10:22:31,110754,111900.28050000002,-0.010243767887606165
2025-10-14 10:23:05,110821,111947.97284362756,-0.010066933906893989
2025-10-14 11:17:18,111315,111539.33700000001,-0.0020112814549006516
2025-10-14 11:17:53,111284,111591.70931928036,-0.002757456814286775
2025-10-14 12:45:38,110883,111313.42149999997,-0.003866752941377943
2025-10-14 12:46:14,110979,111381.32905419069,-0.003612176812820608
2025-10-14 13:31:25,110520,111111.00149999994,-0.005319018747211459
2025-10-14 13:32:01,110615,111193.65262517457,-0.005204007706493478
2025-10-14 14:21:38,112010,111082.92049999993,0.008345832967184778
2025-10-14 14:22:13,111910,111292.42301035844,0.005549137784376194
2025-10-14 15:23:33,111253,111148.07399999995,0.0009440199566575527
2025-10-14 15:24:08,111258,111327.6840876539,-0.0006259367400388974
2025-10-14 16:26:39,112571,111471.42749999995,0.00986416451875126
2025-10-14 16:27:15,112488,111733.42555786202,0.0067533456382505375
2025-10-14 17:17:48,112734,111757.19499999995,0.008740421589858726
2025-10-14 17:18:23,112729,112062.07661691736,0.0059513744811503875
2025-10-14 18:30:35,113164,112320.96550000005,0.0075055845206383155
2025-10-14 18:31:09,113146,112444.69678952554,0.006236872262523557
2025-10-14 19:16:48,113301,112551.13200000006,0.006662465198483687
2025-10-14 19:17:24,113348,112594.72775009624,0.006690120087821953
2025-10-14 20:22:56,112842,112725.00450000004,0.0010378841901040761
2025-10-14 20:23:31,112786,112621.05569056164,0.0014645956604381564
2025-10-14 21:18:05,112765,112843.86900000004,-0.0006989214451698314
2025-10-14 21:18:40,112787,112693.85847273692,0.0008265004723892455
2025-10-14 22:19:21,113399,112977.51050000005,0.0037307380746361214
2025-10-14 22:19:55,113394,112899.34885059315,0.0043813463447114976
2025-10-14 23:18:47,113380,112988.46950000005,0.003465225272388964
2025-10-14 23:19:21,113364,112994.03562151446,0.003274193867407112
2025-10-15 01:39:58,112426,113003.89150000003,-0.005113907957762913
2025-10-15 01:40:33,112479,112873.52817176629,-0.003495311772003004
2025-10-15 03:05:46,112584,112971.60000000002,-0.0034309507876317613
2025-10-15 03:06:20,112545,112892.53235011936,-0.0030784352417708516
2025-10-15 04:25:07,112110,112682.28350000005,-0.005078735380793454
2025-10-15 04:25:42,112164,112572.35536409912,-0.0036274924050256306
2025-10-15 05:20:17,112568,112566.24150000005,1.5621912720188123e-05
2025-10-15 05:20:52,112525,112522.18783828804,2.4992063929674882e-05
2025-10-15 06:31:38,111928,112425.64850000004,-0.0044264676845518856
2025-10-15 06:32:13,111908,112374.22423279144,-0.004148853849487985
2025-10-15 07:21:31,112410,112352.33100000008,0.0005132870807987207
2025-10-15 07:22:10,112451,112427.82681047021,0.00020611613856817183
2025-10-15 08:29:49,113012,112368.21550000008,0.005729240222738263
2025-10-15 08:30:25,113125,112597.75900760571,0.004682517636595917
2025-10-15 09:23:14,112641,112547.46400000007,0.0008310804764106858
2025-10-15 09:23:48,112570,112658.98265761959,-0.0007898407700877072
2025-10-15 10:23:31,112490,112588.12200000005,-0.0008715128936962519
2025-10-15 10:24:07,112533,112627.50151932004,-0.0008390625561717464
2025-10-15 11:17:57,112000,112564.14950000003,-0.0050118044022535654
2025-10-15 11:18:32,111859,112467.43460712784,-0.0054098736158891695
2025-10-15 12:44:47,111613,112469.6105,-0.00761637295792
2025-10-15 12:45:23,111605,112229.06107021295,-0.005560601365296308
2025-10-15 13:32:58,111598,112136.366,-0.004800993818544062
2025-10-15 13:33:33,111612,112002.26546829332,-0.003484442628562731
2025-10-15 14:22:06,111931,111966.64949999997,-0.0003183939160381006
2025-10-15 14:22:41,111852,111914.97460187633,-0.0005627004080584362
2025-10-15 15:20:39,110770,111661.96799999996,-0.007988109254889405
2025-10-15 15:21:15,110694,111593.25482965617,-0.008058326025429214
2025-10-15 16:22:42,110811,111401.33199999991,-0.00529914669242831
2025-10-15 16:23:17,110828,111377.35067613852,-0.0049323374348875975
2025-10-15 17:19:02,110406,111142.93199999991,-0.006630489107484711
2025-10-15 17:19:38,110506,111104.78556513805,-0.005389376903004766
2025-10-15 18:31:25,111289,111034.0119999999,0.0022964855129264323
2025-10-15 18:31:59,111318,111100.82233098843,0.001954780031821512
2025-10-15 19:16:56,111315,110962.18649999987,0.003179583163676531
2025-10-15 19:17:31,111356,111152.70291911942,0.0018289890892578084
2025-10-15 20:23:59,111500,111021.59699999988,0.004309098526119406
2025-10-15 20:24:36,111457,111235.62267948655,0.0019901656967509793
2025-10-15 21:18:43,110679,111022.59599999987,-0.003094829452554635
2025-10-15 21:19:18,110634,111105.28532931494,-0.004241790369540507
2025-10-15 22:18:01,111042,111138.09299999995,-0.0008646270365638707
2025-10-15 22:18:37,111068,111103.13447023345,-0.0003162329343899789
2025-10-15 23:18:28,110926,111119.47050000001,-0.0017411035089481492
2025-10-15 23:19:02,110847,111033.86908433496,-0.0016829917382508424
2025-10-16 01:39:05,110929,110867.95400000003,0.0005506189822892644
2025-10-16 01:39:39,110921,110869.90256570221,0.00046087741682198583
2025-10-16 03:04:20,111524,110997.96050000002,0.004739181671720755
2025-10-16 03:04:54,111524,111121.18206828326,0.003625032817498366
2025-10-16 04:24:37,111547,111145.83050000004,0.003609397655272006
2025-10-16 04:25:11,111546,111289.03214974336,0.0023090132539824687
2025-10-16 05:20:03,111061,111201.15199999997,-0.001260346655401311
2025-10-16 05:20:38,111080,111208.95845200219,-0.001159604889725206
2025-10-16 06:31:29,111362,111313.17299999998,0.00043864529852202967
2025-10-16 06:32:04,111456,111210.05567887492,0.002211529520633044
2025-10-16 07:21:17,111055,111309.92199999998,-0.0022902001494527766
2025-10-16 07:21:51,110977,111229.9387844029,-0.002274017114161759
2025-10-16 08:29:40,110554,111131.68399999998,-0.005198193523279818
2025-10-16 08:30:16,110552,110986.05577652376,-0.003910903703053967
2025-10-16 09:23:53,110829,110989.44199999997,-0.0014455609210105446
2025-10-16 09:24:27,110828,110957.04975475607,-0.0011630604368203712
2025-10-16 10:23:56,111371,111025.0595,0.0031158776366158754
2025-10-16 10:24:31,111384,111037.7749624144,0.0031180833522897024
2025-10-16 11:18:07,111344,111086.80500000002,0.0023152614750237693
2025-10-16 11:18:42,111364,111175.47020270342,0.001695785922495642
2025-10-16 12:44:54,111503,111121.83250000005,0.0034301765136923214
2025-10-16 12:45:28,111515,111284.64568777524,0.0020699559296891348
2025-10-16 13:32:35,111315,111259.49799999999,0.000498851792410637
2025-10-16 13:33:12,111249,111269.38257702014,-0.00018318226045720888
2025-10-16 14:21:35,110041,111198.11799999999,-0.010405913524543535
2025-10-16 14:22:10,109868,111010.03658779724,-0.010287687698346138
2025-10-16 15:22:42,110300,111098.625,-0.007188432800135916
2025-10-16 15:23:18,110366,110938.30548508592,-0.005158772550053573
2025-10-16 16:27:34,107965,110532.56499999999,-0.023229036619207995
2025-10-16 16:28:11,108054,110142.86135440816,-0.018965018056747253
2025-10-16 17:18:47,109058,110009.87550000001,-0.00865263682622756
2025-10-16 17:19:24,109057,109676.62938696773,-0.0056496027497482445
2025-10-16 18:30:26,107828,109180.15650000004,-0.012384636030449732
2025-10-16 18:31:02,107925,109037.31130378027,-0.010201198933467331
2025-10-16 19:15:32,108104,108870.48300000008,-0.007040319642929109
2025-10-16 19:16:06,108111,108867.45158573436,-0.006948372307021907
2025-10-16 20:23:07,108116,108355.09600000006,-0.002206596725271353
2025-10-16 20:23:43,108057,108597.28121403324,-0.004975089689109292
2025-10-16 21:17:58,108179,108220.64150000006,-0.00038478334098635046
2025-10-16 21:18:32,108138,108388.73526905304,-0.0023132963811289004
2025-10-16 22:16:23,108142,108134.90300000005,6.563098317987705e-05
2025-10-16 22:16:56,108120,108332.64443418113,-0.001962884182249646
2025-10-16 23:17:11,108030,108087.12299999998,-0.0005284903364481057
2025-10-16 23:17:47,108036,108196.40403693866,-0.0014825265069244018
2025-10-17 01:38:11,108723,108293.81550000006,0.003963148754325168
2025-10-17 01:38:44,108702,108454.93132131007,0.002278076945694266
2025-10-17 03:02:31,109071,108473.97550000006,0.00550385009167421
2025-10-17 03:03:06,109088,108603.4096402241,0.004462017918049065
2025-10-17 04:25:20,108986,108733.16800000009,0.002325251849554382
2025-10-17 04:25:55,108997,108775.19671328322,0.0020390980059675013
2025-10-17 05:20:07,108744,108847.21650000007,-0.0009482695407288407
2025-10-17 05:20:43,108762,108786.00614774883,-0.00022067312330806721
2025-10-17 06:30:52,107868,108700.14350000003,-0.007655403877181031
2025-10-17 06:31:23,107862,108531.86937217305,-0.006172098352751704
2025-10-17 07:20:25,106299,108438.27449999998,-0.019728038922271724
2025-10-17 07:20:59,106194,108096.22023868306,-0.017597472275005018
2025-10-17 08:28:57,105117,107764.94900000002,-0.024571523715007017
2025-10-17 08:29:34,105009,107202.55441051864,-0.020461773719669982
2025-10-17 09:22:52,105055,106969.29299999998,-0.017895724523485226
2025-10-17 09:23:23,104989,106496.46409606349,-0.014155062413186802
2025-10-17 10:22:35,103907,106108.09249999994,-0.02074387021894623
2025-10-17 10:23:11,103958,105841.35883051493,-0.01779416715096012
2025-10-17 11:17:18,105967,105383.68950000002,0.005535111768885048
2025-10-17 11:17:53,106238,105672.8599733232,0.005348014871741629
2025-10-17 12:42:45,105703,105213.09750000006,0.004656288158419991
2025-10-17 12:43:18,105618,105678.03377737952,-0.0005680818920797184
2025-10-17 13:20:54,105374,105211.41200000005,0.0015453456702961565
2025-10-17 13:21:29,105421,105627.70590285209,-0.0019569288292808373
2025-10-17 18:21:09,106776,106115.26500000006,0.006226578240180072
2025-10-17 18:21:44,106775,106239.95487333524,0.005036194972999247
2025-10-18 01:09:06,106893,106937.22200000004,-0.00041353234330360607
2025-10-18 01:09:42,106931,106784.76518661997,0.001369435172933724
2025-10-18 06:21:50,106926,106791.92849999995,0.001255446004985753
2025-10-18 06:22:24,106876,106767.18334068154,0.001019195748296896
2025-10-18 12:29:46,107116,106921.3445000001,0.0018205485622181453
2025-10-18 12:30:21,107097,106976.50171034629,0.0011263996085792475
2025-10-18 18:20:26,106768,106859.52100000018,-0.0008564608856910596
2025-10-18 18:21:01,106741,106846.74015898323,-0.000989643285568592
2025-10-19 01:20:37,106982,107062.07900000011,-0.0007479679149525411
2025-10-19 01:21:12,106960,107008.3512348851,-0.00045184543381082004
2025-10-19 06:22:56,106778,106984.31500000018,-0.0019284602607417415
2025-10-19 06:23:30,106778,106975.34584669334,-0.0018447787677747167
2025-10-19 12:29:36,107510,107214.78300000021,0.0027535102132304396
2025-10-19 12:30:11,107480,107390.42880517723,0.0008340705574913475
2025-10-19 18:20:55,109197,108591.72150000022,0.005573891744591054
2025-10-19 18:21:31,109156,108617.71887771902,0.0049557395224528325
2025-10-20 01:17:59,108110,108596.2205000002,-0.004477324328245831
2025-10-20 01:18:34,108060,108457.41268530382,-0.0036642279717379613
2025-10-20 06:25:22,111156,109659.74800000014,0.013644496064315781
2025-10-20 06:25:57,111144,109988.59236468787,0.010504795183496514
2025-10-20 12:34:42,111042,110984.00450000008,0.0005225572843690028
2025-10-20 12:35:18,111047,110888.74888917645,0.0014271160276296973
2025-10-20 18:24:53,110345,110827.92950000004,-0.004357471101181601
2025-10-20 18:25:31,110363,110667.97700614182,-0.0027557836909307414
2025-10-21 01:14:45,110128,110669.13350000019,-0.004889651548597194
2025-10-21 01:15:20,110139,110530.63548998645,-0.0035432302388411856
2025-10-21 06:24:55,108032,108716.72600000018,-0.0062982580987601035
2025-10-21 06:25:31,107932,108580.98417689082,-0.005976959794668589
2025-10-21 12:35:03,108937,108106.18550000011,0.007685170799037123
2025-10-21 12:35:24,108955,108328.01648762499,0.005787824172398037
2025-10-21 18:22:58,111900,111865.55200000007,0.00030794108985339095
2025-10-21 18:23:34,111920,111734.57930848711,0.0016594745571195321
2025-10-22 01:16:01,108269,109385.11000000002,-0.010203491133299724
2025-10-22 01:16:35,108236,109221.93507868533,-0.009026896272942314
2025-10-22 06:25:41,108236,108284.57899999994,-0.0004486234369525482
2025-10-22 06:26:12,108286,108382.681709378,-0.0008920402028549528
2025-10-22 12:35:29,108043,107941.22625245966,0.0009428626213890346
2025-10-22 18:25:18,108041,108201.3554999998,-0.0014820100844282094
2025-10-22 18:25:55,107956,108095.10458774255,-0.0012868722249085392
2025-10-23 01:14:11,108285,107492.32199999981,0.007374275531978837
2025-10-23 01:14:46,108342,107669.38841587448,0.006247008495372444
2025-10-23 06:24:42,110177,108609.61699999977,0.014431346351218953
2025-10-23 06:25:18,109968,108667.53882167678,0.011967338106895741
2025-10-23 12:34:56,108954,109383.78399999978,-0.003929138161830114
2025-10-23 12:35:33,108973,109266.6417674718,-0.0026873871359265273
2025-10-23 18:23:59,110635,109950.40749999977,0.006226375286514815
2025-10-23 18:24:35,110620,110084.97938353843,0.0048600691888903685
2025-10-24 01:10:33,110564,109978.17649999974,0.005326724979844178
2025-10-24 01:11:07,110514,110132.0139419316,0.0034684379627327087
2025-10-24 06:23:59,111217,110793.67649999968,0.003820827265356791
2025-10-24 06:24:34,111228,110851.1148914562,0.00339992167794463
2025-10-24 12:35:07,111606,111171.94399999971,0.003904366375029738
2025-10-24 12:35:43,111533,111150.45911204093,0.0034416491934906274
2025-10-24 18:23:12,110507,110333.36699999978,0.0015737125107422876
2025-10-24 18:23:46,110536,110447.71203941318,0.0007993643232312184
2025-10-25 01:11:40,110837,110909.44299999988,-0.0006531725166078326
2025-10-25 01:12:15,110827,110854.66238239226,-0.00024953738343305075
2025-10-25 06:22:11,111393,111156.1209999999,0.002131047736004596
2025-10-25 06:22:46,111363,111180.34013651658,0.001642915134628456
2025-10-25 12:29:39,111700,111608.36699999993,0.000821022674761243
2025-10-25 12:30:13,111700,111578.29452721655,0.001090762977684344
2025-10-25 18:21:08,111430,111454.31100000002,-0.00021812525493083944
2025-10-25 18:21:43,111430,111441.2010924113,-0.00010051123194562423
2025-10-26 01:18:51,111789,111585.20750000002,0.0018263397502754238
2025-10-26 01:19:27,111726,111635.19010343122,0.0008134522499997171
2025-10-26 06:22:44,111579,111509.26200000003,0.0006254009644505443
2025-10-26 06:23:19,111593,111530.52771513516,0.0005601361900160744
2025-10-26 12:30:12,113659,112532.84200000003,0.010007371892375796
2025-10-26 12:30:47,113676,112706.53686061405,0.008601658487518747
2025-10-26 18:21:33,113593,113608.67999999996,-0.00013801762330100057
2025-10-26 18:22:09,113593,113487.03726805825,0.0009336989888233925
2025-10-27 01:20:07,114966,114297.02550000006,0.005852947590485966
2025-10-27 01:20:42,115029,114444.32032786142,0.005108857044749614
2025-10-27 06:27:55,115667,115243.79700000006,0.0036722410317662096
2025-10-27 06:28:31,115695,115235.65285079423,0.0039861547866659785
2025-10-27 12:35:49,115170,115308.982,-0.0012053007284376477
2025-10-27 12:36:24,115126,115330.36840635243,-0.0017720259561849307
2025-10-27 18:24:28,115568,115241.25849999992,0.002835282296054383
2025-10-27 18:25:04,115559,115373.65857053794,0.00160644493516468
2025-10-28 01:12:41,114193,114248.21650000001,-0.00048330294941636607
2025-10-28 01:13:16,114188,114308.15285588602,-0.001051131112559383
2025-10-28 06:26:10,113838,113941.06499999997,-0.0009045465741431612
2025-10-28 06:26:45,113838,113925.53148324796,-0.0007683219214196463
2025-10-28 12:33:51,114250,114398.9605,-0.0013021141044371732
2025-10-28 12:34:26,114230,114344.07956040396,-0.0009976866388057744
2025-10-28 18:25:09,115094,115216.53099999999,-0.0010634845445918531
2025-10-28 18:25:45,115101,115116.16814335452,-0.00013176379651229725
2025-10-29 01:17:51,112323,112824.26299999996,-0.004442865272693718
2025-10-29 01:18:26,112325,112944.94223614997,-0.0054888888681157025
2025-10-29 06:26:41,113056,112739.763,0.0028050174276133054
2025-10-29 06:27:15,113056,112861.86296359333,0.001720129646178994
2025-10-29 12:35:30,113097,113087.03600000004,8.81091268495494e-05
2025-10-29 12:36:07,113112,113069.31472289226,0.0003775142461272659
2025-10-29 18:25:01,111411,111832.155,-0.0037659562225193536
2025-10-29 18:25:39,111361,111799.1492288617,-0.003919074804091531
2025-10-30 01:17:12,110565,110868.36449999998,-0.002736258457208337
2025-10-30 01:17:46,110519,110718.7618110348,-0.0018042272851256569
2025-10-30 06:24:42,110208,110110.73900000003,0.0008833016732361543
2025-10-30 06:25:17,110141,110011.73164074926,0.0011750415825911443
2025-10-30 12:34:27,108970,110121.68850000005,-0.010458325836513549
2025-10-30 12:35:02,108998,109903.9670104947,-0.008243260322060889
2025-10-30 18:23:26,107346,107769.89050000007,-0.003933292481169094
2025-10-30 18:24:00,107336,107890.18544979641,-0.005136569628516237
2025-10-31 01:15:08,109770,108138.11400000006,0.01509075699248777
2025-10-31 01:15:43,109807,108369.7731339799,0.013262248544556965
2025-10-31 06:25:17,109667,109485.39700000004,0.0016586960907668724
2025-10-31 06:25:53,109711,109458.98326092509,0.0023023851635288993
2025-10-31 12:34:22,110256,109876.74750000001,0.0034516174589167533
2025-10-31 12:34:58,110229,109896.41846106545,0.003026318269438235
2025-10-31 18:24:15,109334,109823.51100000006,-0.004457251416775927
2025-10-31 18:24:50,109384,109646.2384509882,-0.0023916775868733178
2025-11-01 01:19:21,109716,109593.72499999998,0.0011157116887853143
2025-11-01 01:19:56,109720,109633.15916671534,0.0007921037206690676
2025-11-01 06:22:13,110036,110023.56849999989,0.00011298942735263063
2025-11-01 06:22:48,110023,110035.63681598732,-0.00011484293955108562
2025-11-01 12:29:44,110079,110106.96349999995,-0.0002539666803176747
2025-11-01 12:30:20,110079,110090.24106355452,-0.00010210772041124385
2025-11-01 18:20:58,110280,110142.32699999996,0.0012499554326652182
2025-11-01 18:21:33,110308,110203.78905271168,0.0009456203655436151
2025-11-02 01:19:47,110010,110092.69699999997,-0.0007511579083213034
2025-11-02 01:20:21,109978,110074.8522621317,-0.0008798763763139258
2025-11-02 06:23:28,110343,110207.87749999994,0.001226069343364824
2025-11-02 06:23:59,110328,110276.4268658189,0.0004676714293967551
2025-11-02 12:29:22,110922,110805.27799999985,0.0010533974744430003
2025-11-02 12:29:56,110936,110773.18047413396,0.001469846087014363
2025-11-02 18:20:09,110267,110249.89449999994,0.0001551520759057356
2025-11-02 18:20:43,110255,110271.17075631827,-0.00014664536711963037
2025-11-03 01:18:48,109782,110092.91900000007,-0.0028241507521484374
2025-11-03 01:19:23,109747,110092.1493589932,-0.0031350951089866466
2025-11-03 06:26:57,107436,108294.7725,-0.007929953405645746
2025-11-03 06:27:31,107471,108239.03939161838,-0.007095770582733535
2025-11-03 12:35:30,108000,107559.568,0.004094772861118229
2025-11-03 12:36:06,108027,107715.02966451854,0.0028962563205255183
2025-11-03 18:23:36,107436,107073.19050000007,0.0033884252286283563
2025-11-03 18:24:13,107425,107119.77604438327,0.0028493707407516323
2025-11-04 01:15:39,106577,106523.33500000012,0.0005037863300081351
2025-11-04 01:16:13,106638,106557.00160009465,0.0007601415081979855
2025-11-04 06:26:11,104850,106417.48100000012,-0.014729544293574422
2025-11-04 06:26:44,104822,106057.80655181393,-0.011652197909733195
2025-11-04 12:37:14,103873,104079.76850000011,-0.0019866348953313366
2025-11-04 12:37:44,103896,104298.36582113645,-0.0038578343770647246
2025-11-04 18:24:08,100615,102874.66000000012,-0.02196517587518751
2025-11-04 18:24:43,100766,102449.31569416297,-0.016430716815992143
2025-11-05 01:16:56,100195,100752.05750000005,-0.005528993787546753
2025-11-05 01:17:30,100120,100857.37276887608,-0.007311044781682366
2025-11-05 06:25:57,101858,101646.92850000008,0.002076516261875222
2025-11-05 06:26:30,101858,101655.68093105874,0.001990238686989546
2025-11-05 12:34:59,102360,101832.94000000005,0.005175731938996888
2025-11-05 12:35:33,102436,101907.33053489213,0.005187747165321545
2025-11-05 18:23:57,104008,103422.24750000006,0.005663699195861546
2025-11-05 18:24:31,103980,103422.13878388972,0.005394021267303151
2025-11-06 01:16:25,103248,103631.66649999996,-0.0037022129717460745
2025-11-06 01:16:59,103241,103619.1675414699,-0.0036495906157376747
2025-11-06 06:25:58,103430,103460.87800000003,-0.00029845097583674156
2025-11-06 06:26:34,103484,103491.39557585503,-7.146078003758781e-05
2025-11-06 12:34:25,102836,103066.84100000001,-0.002239721308621605
2025-11-06 12:35:01,102900,103084.29027967014,-0.0017877629963804799
2025-11-06 18:25:10,101300,101949.21449999997,-0.006368018656975262
2025-11-06 18:25:44,101311,101824.66373209345,-0.005044590507511344
2025-11-07 00:17:33,101300,101166.2125,0.001322452394864598
2025-11-07 00:18:04,101281,101293.21938340325,-0.00012063377467547982
2025-11-07 06:06:49,102345,101929.86650000003,0.004072736620330676
2025-11-07 06:07:24,102292,101983.67249541932,0.0030233026232167623
2025-11-07 12:07:44,100574,101155.06400000006,-0.0057442897767338305
2025-11-07 12:08:19,100537,100998.23770422653,-0.004566789626342433
2025-11-07 18:06:37,102480,101108.98850000011,0.013559739053268146
2025-11-07 18:07:11,102459,101377.03984370417,0.010672635124915023
2025-11-08 00:16:24,103350,103521.95150000011,-0.0016610148621484576
2025-11-08 00:16:59,103317,103283.01133452167,0.00032908282823249405
2025-11-08 06:06:09,102255,102770.46150000006,-0.005015658122738534
2025-11-08 06:06:44,102297,102697.29424192534,-0.003897807092973252
2025-11-08 12:06:34,101974,102352.48750000003,-0.003697882770069774
2025-11-08 12:07:06,101998,102343.34704941169,-0.0033743966693307106
2025-11-08 18:06:04,101923,101814.67150000003,0.0010639773070423757
2025-11-08 18:06:39,101914,101879.76616706961,0.00033602190325260735
2025-11-09 00:18:39,101904,102182.94650000006,-0.002729873325781064
2025-11-09 00:19:16,101789,102162.6952074152,-0.0036578440560570014
2025-11-09 06:06:11,101857,101824.57750000001,0.00031841526668731845
2025-11-09 06:06:48,101857,101866.95056637755,-9.768198932258284e-05
2025-11-09 12:06:58,102108,101943.01300000005,0.001618423814881261
2025-11-09 12:07:33,102159,101979.08010626987,0.0017642823757837013
2025-11-09 18:06:31,103733,103421.98900000003,0.003007203816201692
2025-11-09 18:07:06,103760,103344.61670591276,0.004019399435863138
2025-11-10 00:18:23,105028,104641.23800000004,0.003696076302154975
2025-11-10 00:18:59,105060,104568.59055801063,0.004699398159304358
2025-11-10 06:07:40,106197,106008.72450000008,0.0017760377826252962
2025-11-10 06:08:16,106218,105936.61623059827,0.002656152135246829
2025-11-10 12:07:56,105897,106197.65850000006,-0.0028311217426706544
2025-11-10 12:08:31,105898,106146.2508592162,-0.0023387623887485645
2025-11-10 18:06:36,105833,105601.55100000014,0.0021917197030549484
2025-11-10 18:07:12,105850,105611.91389863359,0.0022543488947177493
2025-11-11 00:17:39,105912,105878.47850000004,0.0003166035295828216
2025-11-11 00:18:16,105904,105869.32782521585,0.0003274997158893169
2025-11-11 06:06:46,105162,106115.55500000002,-0.008986005868791074
2025-11-11 06:07:20,105168,105849.83479533315,-0.0064415291403290475
2025-11-11 12:08:09,105472,105290.36512312978,0.001725085449725681
2025-11-11 18:06:29,103478,103791.44700000001,-0.00301996945856256
2025-11-11 18:07:03,103442,103780.84096633195,-0.0032649664733577577
2025-11-12 00:17:37,103045,102939.804,0.0010219176247896905
2025-11-12 00:18:12,103078,103046.6510195624,0.0003042212447219571
2025-11-12 06:07:19,103431,103266.62950000004,0.001591709740075915
2025-11-12 06:07:54,103423,103270.4600201689,0.001477092091981637
2025-11-12 12:08:05,104880,104386.83300000001,0.004724417685897097
2025-11-12 12:08:40,104912,104476.83570604873,0.0041651749022685374
2025-11-12 18:06:33,101831,103034.53399999999,-0.011680879733002775
2025-11-12 18:07:07,101812,102666.26782606516,-0.008320822838446219
2025-11-13 00:17:29,101798,101691.26550000001,0.0010495935857931808
2025-11-13 00:18:05,101811,101786.39429969393,0.0002417385985166437
2025-11-13 06:06:38,103007,102196.60049999997,0.00792980878067494
2025-11-13 06:07:14,103028,102261.62416681375,0.007494266196438476
2025-11-13 12:08:07,102795,103193.48649999997,-0.00386154701731073
2025-11-13 12:08:43,102875,103017.3584163622,-0.001381887660008075
2025-11-13 18:06:32,99552,101436.71249999995,-0.018580181213975675
2025-11-13 18:07:06,99563,101165.97574937566,-0.015845008536731826
2025-11-14 00:17:19,98886,99152.1635,-0.002684394274462757
2025-11-14 00:17:54,98844,99518.01911462829,-0.0067728349159756705
2025-11-14 06:06:38,97271,98651.53800000002,-0.013994084917358459
2025-11-14 06:07:12,97298,98359.7742714649,-0.010794801831635937
2025-11-14 12:07:58,95901,96917.27750000004,-0.010486030212724864
2025-11-14 12:08:34,95954,96881.67624008127,-0.009575352905562969
2025-11-14 18:06:31,95761,96218.05600000006,-0.004750210293170492
2025-11-14 18:07:07,95876,96374.33656368716,-0.005170843000904542
2025-11-15 00:17:02,95210,94959.01350000004,0.0026431034901173997
2025-11-15 00:17:37,95166,95077.51507731604,0.0009306608677351615
2025-11-15 06:06:09,96352,96071.0865,0.002924017102689841
2025-11-15 06:06:44,96305,96012.43033442933,0.003047206122703024
2025-11-15 12:07:16,95631,95956.77750000005,-0.00339504419059982
2025-11-15 12:07:51,95630,95903.80908265249,-0.0028550386608368157
2025-11-15 18:06:04,96295,96153.22350000005,0.0014744851481754944
2025-11-15 18:06:39,96262,96097.14894889366,0.0017154624555407668
2025-11-16 00:18:48,95333,95555.99000000002,-0.0023336056693046637
2025-11-16 00:19:24,95336,95592.20449648367,-0.0026801819022082723
2025-11-16 06:06:28,95937,95729.92900000002,0.0021630748310696194
2025-11-16 06:07:04,95980,95793.60247530047,0.0019458243544769706
2025-11-16 12:07:06,95720,96058.26749999999,-0.003521482416908958
2025-11-16 12:07:41,95720,95980.40325770162,-0.002713087764410112
2025-11-16 18:06:22,94774,94898.40500000001,-0.0013109282500587166
2025-11-16 18:06:58,94753,94820.88288479611,-0.0007159064831592784
2025-11-17 00:17:44,93997,93987.88700000002,9.695930285125998e-05
2025-11-17 00:18:20,93983,94088.20832403423,-0.0011181881971001233
2025-11-17 06:07:31,95183,95168.86799999999,0.0001484939381648665
2025-11-17 06:08:06,95160,95068.52639570752,0.0009621859911000787
2025-11-17 12:08:02,95516,95665.00499999998,-0.0015575706079770297
2025-11-17 12:08:37,95517,95568.66165259185,-0.0005405710585301436
2025-11-17 18:06:21,92972,93926.46549999996,-0.010161837719742179
2025-11-17 18:06:57,93092,93917.6220918015,-0.008790917757633205
2025-11-18 00:17:31,92224,91970.86849999997,0.002752300854917254
2025-11-18 00:18:07,92229,92220.2941078936,9.440321342085758e-05
2025-11-18 06:06:45,90096,90661.91,-0.006241981886329148
2025-11-18 06:07:19,90064,90603.87128830698,-0.00595858963453205
2025-11-18 18:06:52,93614,92526.69250000003,0.011751284636052087
2025-11-18 18:07:28,93624,92715.81769616676,0.009795332947495372
2025-11-19 00:17:32,92397,92918.71450000003,-0.005614740828124896
2025-11-19 00:18:08,92204,92855.67779013382,-0.007018179239472027
2025-11-19 06:06:42,90462,91759.74500000002,-0.014142857524288283
2025-11-19 06:07:16,90383,91514.42200239572,-0.012363319110140889
2025-11-19 12:07:51,91563,91544.02250000005,0.00020730463313374645
2025-11-19 12:08:27,91562,91503.31312080346,0.0006413634347759629
2025-11-19 18:06:34,89536,90571.2455,-0.011430178466520089
2025-11-19 18:07:09,89450,90279.55705103562,-0.00918875854216548
2025-11-20 00:17:20,91534,90295.72100000003,0.013713595575586194
2025-11-20 00:17:54,91600,90658.31959952936,0.010387137161050181
2025-11-20 06:07:03,92752,92540.51400000004,0.0022853341834686665
2025-11-20 06:07:37,92778,92381.28332056814,0.00429434042451254
2025-11-20 12:08:20,91968,91947.99450000006,0.00021757407661502699
2025-11-20 12:08:54,91947,91931.63344107482,0.0001671520275447448
2025-11-20 18:06:41,87256,89495.06550000006,-0.02501887101250352
2025-11-20 18:07:17,87490,89021.01166855542,-0.01719831801345634
2025-11-21 00:16:56,87241,87214.15850000003,0.00030776539568361347
2025-11-21 00:17:29,87299,87414.48274602061,-0.0013210939697045959
2025-11-21 06:06:58,86000,86169.89950000006,-0.001971680377787346
2025-11-21 06:07:32,86001,86248.69857627602,-0.002871910885205509
2025-11-21 12:07:37,82094,83241.53100000003,-0.01378555855730274
2025-11-21 12:08:13,82180,83269.0808168982,-0.01307905414847802
2025-11-21 18:06:36,84061,84093.53700000004,-0.0003869143950984041
2025-11-21 18:07:11,84184,84110.40431767443,0.0008749890447275413
2025-11-22 00:16:33,85398,84747.57249999998,0.007674880599087602
2025-11-22 00:17:08,85343,84839.08477626462,0.005939658885574927
2025-11-22 06:06:03,84161,84403.44700000004,-0.002872477471210905
2025-11-22 06:06:38,84200,84337.59667895372,-0.0016314986953861901
2025-11-22 12:06:28,83961,84128.3345,-0.0019890385444394742
2025-11-22 12:07:02,83964,84109.45037873494,-0.0017292988847268966
2025-11-22 18:06:04,84553,84425.13200000001,0.0015145726985654894
2025-11-22 18:06:40,84549,84442.86458177587,0.0012568903097946258
2025-11-23 00:19:48,85115,84692.5965,0.004987490258372234
2025-11-23 00:20:23,85111,84759.82761133972,0.00414314656549989
2025-11-23 06:06:27,86441,86156.23500000002,0.003305216389736446
2025-11-23 06:07:02,86410,86076.1214947426,0.003878874877950764
2025-11-23 12:06:52,86503,86099.1845,0.004690119916292552
2025-11-23 12:07:30,86443,86162.10530083475,0.0032600723738644183
2025-11-23 18:06:18,86877,86846.47250000002,0.0003515111105978651
2025-11-23 18:06:53,86869,86793.39758220923,0.0008710618537447872
2025-11-24 00:18:42,86130,87376.59200000003,-0.014266887406183487
2025-11-24 00:19:18,86083,87135.78186740939,-0.012082084361294397
2025-11-24 06:07:23,86988,87277.55599999998,-0.0033176456040998944
2025-11-24 06:07:59,87140,87261.40188554437,-0.001391243813657814
2025-11-24 12:08:03,86135,86398.722,-0.0030523831127964407
2025-11-24 12:08:38,86147,86365.32130765734,-0.002527881612107056
2025-11-24 18:06:50,88372,86847.21950000002,0.017557044529214645
2025-11-24 18:07:24,88479,87136.96704025066,0.01540141922921672
2025-11-25 00:16:02,87976,88650.40450000002,-0.007607461057890814
2025-11-25 00:16:37,87967,88416.40042220832,-0.005082772201337399
2025-11-25 06:06:52,88121,87963.69850000001,0.0017882547310125532
2025-11-25 06:07:27,88057,88074.81406527673,-0.00020226060611980997
2025-11-25 12:08:39,87434,87299.03200000004,0.0015460423432869716
2025-11-25 12:09:15,87422,87405.93110300995,0.00018384218081394924
2025-11-25 18:06:54,87700,87167.09600000005,0.0061135913028461
2025-11-25 18:07:29,87695,87329.86029050524,0.004181155314804273
2025-11-26 00:17:13,87443,87236.99650000005,0.0023614235733109843
2025-11-26 00:17:49,87415,87321.99484662594,0.0010650827839814995
2025-11-26 06:07:31,87620,87568.74050000006,0.0005853629926302512
2025-11-26 06:08:07,87569,87488.34493936083,0.0009218949186325482
2025-11-26 12:08:12,86850,87220.04650000007,-0.004242677169405879
2025-11-26 12:08:47,86788,87134.09068117249,-0.003971931978252307
2025-11-26 18:06:23,89892,87711.32950000002,0.02486190224718892
2025-11-26 18:06:57,89958,88037.43450989728,0.021815327772719263
2025-11-27 00:16:55,90194,90163.81500000003,0.0003347795343394527
2025-11-27 00:17:29,90153,90048.85368303796,0.0011565535007100002
2025-11-27 06:07:28,91017,91191.77300000004,-0.001916543502230674
2025-11-27 06:08:02,91053,91047.98408610444,5.5090883624843186e-05
2025-11-27 12:07:49,91351,91486.47350000005,-0.0014808036075415118
2025-11-27 12:08:23,91351,91440.00164156783,-0.0009733337704509206
2025-11-27 18:06:18,91406,91078.37050000005,0.003597226193237083
2025-11-27 18:06:53,91468,91240.02040115894,0.0024986798319278605
2025-11-28 00:16:58,91152,91424.08150000004,-0.002976037555269765
2025-11-28 00:17:33,91129,91373.12635345556,-0.0026717522229809257
2025-11-28 06:07:15,91452,91213.91350000007,0.0026101993749005404
2025-11-28 06:07:50,91473,91345.0680333083,0.001400535020074105
2025-11-28 12:07:48,91519,91423.07750000004,0.00104921539093843
2025-11-28 12:08:24,91595,91448.58303886578,0.0016010850717281732
2025-11-28 18:06:14,90498,91680.85850000005,-0.012901913434853418
2025-11-28 18:06:49,90487,91320.82789934878,-0.00913075273767555
2025-11-29 00:16:56,90907,91039.6805,-0.001457391977556448
2025-11-29 00:17:31,90907,91018.49638674696,-0.0012249860322148547
2025-11-29 06:06:19,90754,90790.898,-0.0004064063778728243
2025-11-29 06:06:55,90744,90814.05022708904,-0.0007713589132284678
2025-11-29 12:07:24,90738,90586.04,0.001677521172136528
2025-11-29 12:07:58,90780,90625.6899478254,0.0017027186470352199
2025-11-29 18:06:09,90403,90761.46650000002,-0.0039495450417829465
2025-11-29 18:06:44,90437,90715.48130718201,-0.0030698322179321595
2025-11-30 00:19:41,90884,90803.0965,0.000890977324765575
2025-11-30 00:20:15,90891,90804.13419120466,0.0009566283470356692
2025-11-30 06:06:26,90847,90842.98300000002,4.421915559485752e-05
2025-11-30 06:07:01,90853,90824.0485109531,0.000318764573056975
2025-11-30 12:07:16,91143,91207.4735,-0.0007068883450651967
2025-11-30 12:07:52,91150,91170.05833341919,-0.00022001009745803841
2025-11-30 18:06:12,91300,91556.31750000003,-0.0027995610461291616
2025-11-30 18:06:47,91332,91485.67254176704,-0.0016797443522851153
2025-12-01 00:21:21,88812,90895.50100000005,-0.022921937577527036
2025-12-01 00:21:57,88478,90647.25066128888,-0.023930683451111733
2025-12-01 06:07:37,86104,86428.09550000005,-0.0037498859384221166
2025-12-01 06:08:12,86094,86663.14359900788,-0.006567308493231151
2025-12-01 12:08:05,86010,86537.49750000008,-0.00609559457159117
2025-12-01 12:08:40,85999,86477.19337753557,-0.0055297051032624465
2025-12-01 18:06:40,85011,85234.32700000003,-0.002620153262898806
2025-12-01 18:07:15,85022,85183.88930778879,-0.0019004686109582124
2025-12-02 00:17:39,86345,86055.77400000005,0.003360913353704207
2025-12-02 00:18:13,86341,86119.65566594868,0.002570195297922413
2025-12-02 06:07:03,86952,86804.74750000004,0.001696364591118229
2025-12-02 06:07:39,86980,86795.69628448306,0.002123419978254072
2025-12-02 12:08:06,87499,86939.97199999998,0.006430045779173018
2025-12-02 12:08:41,87471,87046.3748161383,0.004878148972413929
2025-12-02 18:07:08,91661,90001.07999999999,0.018443334235544874
2025-12-02 18:07:44,91650,90192.21771857921,0.016163060608725816
2025-12-03 00:17:20,91415,91523.6405,-0.0011870211827947784
2025-12-03 00:17:54,91403,91428.42834972918,-0.0002781230104044721
2025-12-03 06:07:19,93764,92886.49549999992,0.009447062194310943
2025-12-03 06:07:54,93791,92908.27061726079,0.009501085068902541
2025-12-03 12:08:19,92904,92969.27499999992,-0.0007021136821807148
2025-12-03 12:08:54,92879,92974.71917338889,-0.0010295182845390832
2025-12-03 18:06:47,93065,92610.66249999995,0.004905887591507648
2025-12-03 18:07:23,93067,92667.40793796605,0.004312110060329333
2025-12-04 00:17:59,93000,93313.6079999999,-0.003360795994512461
2025-12-04 00:18:35,92985,93280.37735384706,-0.0031665540194652096
2025-12-04 06:07:17,92969,93436.35549999992,-0.005001859260231081
2025-12-04 06:07:51,92966,93308.3649096682,-0.0036691770346597434
2025-12-04 12:08:17,92920,93227.94849999991,-0.003303177909142896
2025-12-04 12:08:52,92949,93184.01026700392,-0.0025220020723569973
2025-12-04 18:07:15,92263,92551.76999999993,-0.0031200915984635575
2025-12-04 18:07:54,92293,92544.1758066119,-0.0027141179271699483
2025-12-05 00:17:43,92130,92204.40749999994,-0.0008069841997514381
2025-12-05 00:18:18,92088,92207.34795943987,-0.0012943432609336684
2025-12-05 06:07:42,92004,92269.85949999993,-0.002881325510200147
2025-12-05 06:08:17,91992,92169.78361777347,-0.0019288709465863267
2025-12-05 12:08:08,91364,91644.16249999995,-0.0030570686921815426
2025-12-05 12:08:42,91403,91574.34323098822,-0.001871083372730514
2025-12-05 18:06:11,89475,89891.83849999997,-0.0046371117440207775
2025-12-05 18:06:46,89532,89798.44413120087,-0.002967135274766904
2025-12-06 00:16:51,89094,89301.49199999997,-0.0023234998134182274
2025-12-06 00:17:25,89107,89282.76203319896,-0.001968599864032036
2025-12-06 06:06:22,89596,89522.27549999996,0.0008235324625996611
2025-12-06 06:06:57,89597,89540.52458907096,0.0006307245930065752
2025-12-06 12:07:20,89628,89543.48749999996,0.0009438151490362801
2025-12-06 12:07:54,89608,89568.4755679145,0.00044127615028491884
2025-12-06 18:05:59,89660,89796.74499999997,-0.0015228280267838917
2025-12-06 18:06:33,89671,89750.13803982941,-0.0008817595332755166
2025-12-07 00:19:52,89230,89349.41199999992,-0.0013364609495127285
2025-12-07 00:20:27,89200,89339.21828151595,-0.0015583109433223083
2025-12-07 06:06:19,89546,89529.41299999991,0.00018526872280606667
2025-12-07 06:06:53,89540,89520.74024561833,0.0002151429303290319
2025-12-07 12:07:09,89210,89262.0369999999,-0.0005829689949815376
2025-12-07 12:07:44,89210,89278.22146776253,-0.0007641445656168762
2025-12-07 18:06:01,91306,89390.21799999994,0.021431673877337073
2025-12-07 18:06:35,91337,89798.56932032281,0.017132017707202095
2025-12-08 00:18:24,90120,90524.81599999992,-0.00447187873875291
2025-12-08 00:18:59,90093,90270.10000989458,-0.001961890037511518
2025-12-08 06:07:46,91405,91185.73599999993,0.002404586612099819
2025-12-08 06:08:20,91405,91107.43367296604,0.003266103708969393
2025-12-08 12:07:57,91836,91909.71199999991,-0.0008020044715177901
2025-12-08 12:08:32,91858,91866.10147545344,-8.818786607163805e-05
2025-12-08 18:06:47,90321,90547.75599999994,-0.002504269680630582
2025-12-08 18:07:21,90328,90510.54539014686,-0.0020168411245340863
2025-12-09 00:17:34,90731,90731.54199999994,-5.973666797628913e-06
2025-12-09 00:18:08,90742,90712.16381490973,0.00032891052131829926
2025-12-09 06:07:30,90065,90110.85049999991,-0.0005088232964787431
2025-12-09 06:08:05,90059,90146.62955979766,-0.0009720780491247191
2025-12-09 12:08:07,90358,90337.67149999991,0.00022502793865005245
2025-12-09 12:08:43,90391,90280.16060444289,0.0012277270533749313
2025-12-09 18:06:26,93930,92190.35449999993,0.01887014655096128
2025-12-09 18:07:15,93852,92629.89416341172,0.013193427970805164
2025-12-10 00:18:13,92396,92951.3595,-0.005974732408297975
2025-12-10 00:18:48,92313,92850.8455572102,-0.005792575759353762
2025-12-10 06:07:37,92488,92455.7285,0.00034904813929406833
2025-12-10 06:08:13,92505,92533.89602542447,-0.00031227503288670013
2025-12-10 12:08:10,92110,92502.75849999997,-0.004245911217879706
2025-12-10 12:08:46,92052,92407.46623773004,-0.003846726376151886
2025-12-10 18:07:00,92367,92141.881,0.002443177820517969
2025-12-10 18:07:36,92333,92232.45740903576,0.0010900998822827245
2025-12-11 00:18:22,91959,92550.26899999993,-0.006388625407452116
2025-12-11 00:18:57,91918,92331.45405403267,-0.004477932880713825
2025-12-11 06:07:42,90258,90206.0165,0.0005762753086431002
2025-12-11 06:08:17,90258,90427.3488608158,-0.001872761536738758
2025-12-11 12:08:19,90204,90233.61250000002,-0.000328175933331024
2025-12-11 12:08:54,90205,90266.1316823558,-0.0006772383087260424
2025-12-11 18:06:14,90206,89957.72899999999,0.002759862912946679
2025-12-11 18:06:45,90229,89991.73701665712,0.002636497429746951
2025-12-12 00:18:01,92547,92248.04749999999,0.0032407460981763764
2025-12-12 00:18:36,92547,92149.76783514052,0.004310723447183766
2025-12-12 06:07:36,92640,92318.33550000002,0.0034842970061996444
2025-12-12 06:08:11,92590,92298.25552676295,0.003160888270011288
2025-12-12 12:08:07,92267,92368.25399999999,-0.001096199133524666
2025-12-12 12:08:42,92243,92376.56327974946,-0.0014458567737033487
2025-12-12 18:06:46,90203,91006.2415,-0.008826224298033489
2025-12-12 18:07:21,90208,90789.14921498163,-0.006401086693802109
2025-12-13 00:17:33,90380,90253.31899999997,0.001403615971175819
2025-12-13 00:18:08,90372,90339.66452831615,0.0003579321647106178
2025-12-13 06:06:26,90346,90314.69900000004,0.00034657702839670744
2025-12-13 06:07:00,90358,90329.92947741486,0.00031075550205272824
2025-12-13 12:07:31,90405,90445.26350000003,-0.00044516980151238124
2025-12-13 12:08:06,90453,90436.828854724,0.00017881150280029664
2025-12-13 18:05:52,90079,90120.15100000004,-0.0004566237355732089
2025-12-13 18:06:28,90103,90138.20506268308,-0.0003905676029225688
2025-12-14 00:19:51,90309,90149.29850000006,0.0017715223818401344
2025-12-14 00:20:26,90321,90175.6010410293,0.0016123980022550637
2025-12-14 06:06:28,90216,90256.39950000006,-0.00044760814993575847
2025-12-14 06:07:02,90216,90224.75356553834,-9.701955607982235e-05
2025-12-14 12:07:39,89275,89884.06700000007,-0.006776139757895776
2025-12-14 12:08:14,89276,89770.13685466396,-0.005504468100165142
2025-12-14 18:06:19,88916,89038.61950000006,-0.0013771496086600807
2025-12-14 18:06:54,88875,89036.37256708536,-0.001812434204501899
2025-12-15 00:19:48,88401,88418.50100000003,-0.0001979336881093804
2025-12-15 00:20:23,88398,88402.4493108213,-5.033017587174237e-05
2025-12-15 06:07:55,89586,89429.32800000007,0.0017519085014250924
2025-12-15 06:08:30,89608,89364.54931214519,0.0027242423279555026
2025-12-15 12:08:22,89525,89766.65750000006,-0.0026920630301964757
2025-12-15 12:08:57,89513,89701.38161237686,-0.0021000971110000195
2025-12-15 18:06:57,85767,87477.71900000007,-0.01955605403931564
2025-12-15 18:07:33,85829,87187.77168236066,-0.015584429515080264
2025-12-16 00:18:36,86244,86106.1005000001,0.0016015067364465948
2025-12-16 00:19:11,86292,86268.16797983812,0.00027625508597153674
2025-12-16 06:07:31,86215,85907.24950000006,0.0035823577380385834
2025-12-16 06:08:06,86246,85968.72578119104,0.0032252917126477385
2025-12-16 12:08:18,87283,86560.40400000008,0.008347881555635034
2025-12-16 12:08:52,87299,86701.50387744434,0.00689141590208451
2025-12-16 18:07:04,87384,87310.01150000004,0.0008474228639857993
2025-12-16 18:07:39,87412,87322.55995870373,0.0010242489608477928
2025-12-17 00:17:16,87525,87690.12600000005,-0.0018830626380904893
2025-12-17 00:17:50,87574,87667.15333668732,-0.001062579690817175
2025-12-17 06:07:27,86736,87125.09350000002,-0.0044659177324156
2025-12-17 06:08:02,86714,87020.0104481752,-0.00351655264805387
2025-12-17 12:08:07,87193,86701.25900000005,0.005671670811607829
2025-12-17 12:08:42,87189,86784.7397755848,0.004658194810061801
2025-12-17 18:07:23,86735,87534.31250000004,-0.009131419179193797
2025-12-17 18:07:59,86796,87154.681715256,-0.004115461248861524
2025-12-18 00:15:36,86157,86037.88200000001,0.0013844831745159377
2025-12-18 00:16:11,86152,86166.93341691166,-0.00017330797696383916
2025-12-18 06:07:33,86479,86529.63449999999,-0.000585169465843353
2025-12-18 06:08:08,86490,86524.06913300249,-0.00039375324512437636
2025-12-18 12:08:08,87292,87103.33799999999,0.002165956027999882
2025-12-18 12:08:46,87312,87101.77969084788,0.0024135018813422823
2025-12-18 18:07:07,86385,87832.49249999998,-0.016480148277700064
2025-12-18 18:07:42,86498,87397.20424140012,-0.010288707164092158
2025-12-19 00:18:40,85545,85284.7065,0.0030520536527847437
2025-12-19 00:19:15,85540,85609.34959173508,-0.0008100703026690932
2025-12-19 06:07:15,87163,86437.87550000004,0.00838896717215084
2025-12-19 06:07:49,87186,86597.0826921272,0.006800659901749158
2025-12-19 12:07:44,87995,88054.39800000006,-0.0006745602871540751
2025-12-19 12:08:20,87947,87943.30073087635,4.206425154512209e-05
2025-12-19 18:06:23,87120,88005.33400000003,-0.010060003862948027
2025-12-19 18:06:57,87120,87842.316553199,-0.008222876872350533
2025-12-20 00:17:31,88154,88084.28149999998,0.0007914976294609072
2025-12-20 00:18:06,88142,88072.89535702277,0.0007846300805383336
2025-12-20 06:06:09,88360,88239.60500000004,0.0013644100061413508
2025-12-20 06:06:44,88369,88262.07154034749,0.001211488216698266
2025-12-20 12:07:13,88267,88252.025,0.00016968449165903924
2025-12-20 12:07:47,88267,88248.4951792788,0.00020968992937048827
2025-12-20 18:05:48,88159,88169.69000000005,-0.00012124347947742561
2025-12-20 18:06:22,88159,88183.8558878035,-0.00028186437929319673
2025-12-21 00:19:41,88350,88275.72950000007,0.0008413467713107473
2025-12-21 00:20:16,88356,88282.64287258203,0.0008309348817733784
2025-12-21 06:06:27,88140,88072.27800000003,0.0007689366227130536
2025-12-21 06:07:01,88140,88117.60333678621,0.000254167866188879
2025-12-21 12:07:36,88711,88558.16050000004,0.0017258657941518346
2025-12-21 12:08:11,88716,88566.05973302803,0.0016929766032715969
2025-12-21 18:06:17,88175,88102.35700000002,0.0008245295866486503
2025-12-21 18:06:53,88124,88232.41280061853,-0.0012287185307231524
2025-12-22 00:19:00,89184,88468.38450000006,0.008088940518631729
2025-12-22 00:19:35,89190,88557.83308470066,0.007138464134445444
2025-12-22 06:07:37,88802,88736.48100000003,0.0007383547247041621
2025-12-22 06:08:11,88802,88768.82305322347,0.0003737454844549886
2025-12-22 12:07:56,90041,89616.10649999998,0.004741262665768907
2025-12-22 12:08:31,90026,89621.67925516817,0.0045114167486268375
2025-12-22 18:06:28,89302,89682.887,-0.004247042136366578
2025-12-22 18:07:02,89274,89589.59525905646,-0.003522677584867789
2025-12-23 00:18:24,88630,88412.53850000002,0.0024596228508920793
2025-12-23 00:19:00,88604,88609.77952278932,-6.522443482477746e-05
2025-12-23 06:07:35,87753,88200.8755,-0.005077903109929954
2025-12-23 06:08:10,87777,88139.52810833305,-0.004113116057161798
2025-12-23 12:08:07,87829,87617.84399999998,0.0024099657142900854
2025-12-23 12:08:42,87829,87697.48459854725,0.0014996485025173605
2025-12-23 18:06:38,87395,87573.02249999995,-0.0020328463597330823
2025-12-23 18:07:13,87454,87610.63413661867,-0.0017878438863302272
2025-12-24 00:18:04,87435,87615.73349999999,-0.00206279731710501
2025-12-24 00:18:39,87390,87555.75452404293,-0.001893131124778501
2025-12-24 06:07:35,86900,87247.33199999997,-0.00398100425580883
2025-12-24 06:08:11,86900,87210.97609932093,-0.0035657908353964192
2025-12-24 12:07:54,87148,87023.74299999994,0.001427851707091662
2025-12-24 12:08:32,87148,87090.2776087985,0.0006627880032807681
2025-12-24 18:06:35,87307,87199.2365,0.0012358307747339155
2025-12-24 18:07:10,87411,87244.29552938907,0.0019107778863865549
2025-12-25 00:18:03,87749,87703.00699999997,0.0005244175949409731
2025-12-25 00:18:37,87722,87669.09899002226,0.0006034168320100759
2025-12-25 06:07:27,87718,87773.28449999998,-0.0006298556595541295
2025-12-25 06:08:02,87724,87747.13292711187,-0.0002636317146805183
2025-12-25 12:08:01,87532,87545.8525,-0.0001582313679565071
2025-12-25 12:08:37,87544,87546.1710946234,-2.479942407815534e-05
2025-12-25 18:06:26,88303,87992.95700000002,0.003523497909042606
2025-12-25 18:07:00,88300,88023.8779264048,0.003136899669724328
2025-12-26 00:18:27,87089,87723.8185,-0.007236557993653616
2025-12-26 00:19:03,87086,87623.67626078383,-0.006136198385281285
2025-12-26 06:07:25,89056,88675.61349999999,0.00428964046580865
2025-12-26 06:07:56,89056,88657.3370413013,0.0044966719281561325
2025-12-26 12:07:50,88628,88733.22099999998,-0.0011858129211828783
2025-12-26 12:08:21,88628,88714.5172612314,-0.0009752322833098909
2025-12-26 18:06:27,87277,87652.19999999998,-0.004280554281580869
2025-12-26 18:07:01,87295,87572.32827152347,-0.0031668482156097717
2025-12-27 00:18:02,87347,87490.14300000001,-0.0016361043094878806
2025-12-27 00:18:38,87347,87450.06599380415,-0.0011785696515249303
2025-12-27 06:06:36,87482,87464.99049999999,0.00019447209566683337
2025-12-27 06:07:12,87482,87471.18805494823,0.00012360578714190788
2025-12-27 12:07:44,87496,87549.76899999997,-0.0006141535336314953
2025-12-27 12:08:18,87496,87521.71060720932,-0.00029376262222184917
2025-12-27 18:06:18,87548,87508.62299999995,0.0004499785124038732
2025-12-27 18:06:53,87540,87518.61670768358,0.00024432849970465936
2025-12-28 00:20:56,87802,87652.07349999994,0.0017104729416362262
2025-12-28 00:21:31,87791,87669.86446212626,0.0013817237954789623
2025-12-28 06:06:43,87676,87755.41949999996,-0.0009050096330513238
2025-12-28 06:07:18,87676,87725.23049531053,-0.0005611896946017794
2025-12-28 12:07:49,87861,87830.46099999997,0.0003477039702664594
2025-12-28 12:08:25,87861,87837.85568929286,0.00026348902219342656
2025-12-28 18:06:32,87677,87876.71199999991,-0.0022726385120088745
2025-12-28 18:07:07,87683,87842.75403496584,-0.0018186364569381254
2025-12-29 00:20:09,87847,87659.75399999996,0.0021360543631008012
2025-12-29 00:20:43,87842,87730.98978131442,0.0012653478430175416
2025-12-29 06:08:25,90004,89570.68399999996,0.004837698906039787
2025-12-29 06:09:00,89970,89577.85997458422,0.0043776444930369975
2025-12-29 12:08:11,87090,88610.7075,-0.01716166751066742
2025-12-29 12:08:46,87080,88354.19615512608,-0.014421456032364685
2025-12-29 18:06:47,87870,87622.51399999998,0.0028244567372264513
2025-12-29 18:07:22,87862,87711.31650135391,0.0017179482039100741
2025-12-30 00:18:07,87337,87309.98199999999,0.00030944915324814686
2025-12-30 00:18:42,87331,87343.10474102241,-0.00013858839868704086
2025-12-30 06:07:31,87295,87266.20499999997,0.0003299673682386826
2025-12-30 06:08:06,87295,87288.57441752894,7.361309901019416e-05
2025-12-30 12:08:14,87948,87853.5655,0.0010749079956237295
2025-12-30 12:08:48,87948,87833.51329918504,0.0013034512285189637
2025-12-30 18:06:42,88392,88517.27199999997,-0.0014152266237934688
2025-12-30 18:07:18,88402,88493.06756198348,-0.001029092611347136
2025-12-31 00:19:11,88308,88297.48099999999,0.00011913137136964061
2025-12-31 00:19:46,88321,88368.62539488536,-0.0005389400895683954
2025-12-31 06:07:41,88506,88538.26699999999,-0.0003644412872909807
2025-12-31 06:08:16,88486,88476.2892490537,0.00010975540485157414
2025-12-31 12:07:53,88944,88719.73400000003,0.002527802889940744
2025-12-31 12:08:29,88958,88763.7777419083,0.0021880801271936152
2025-12-31 18:06:30,87636,88150.34800000001,-0.005834894718736818
2025-12-31 18:07:04,87644,88013.98479973616,-0.0042037046791826875
2026-01-01 00:20:53,87768,87690.79549999998,0.0008804173751625012
2026-01-01 00:21:27,87768,87744.5164399497,0.0002676356426942175
2026-01-01 06:07:42,87663,87806.4595,-0.0016338148789611226
2026-01-01 06:08:17,87655,87748.92594973896,-0.0010703942951137283
2026-01-01 12:08:04,88000,87825.67149999997,0.001984937854987336
2026-01-01 12:08:40,88000,87860.02184982409,0.0015931950303310076
2026-01-01 18:06:34,88210,88033.047,0.0020100746938816515
2026-01-01 18:07:10,88227,88069.33435528817,0.0017902445370573219
2026-01-02 00:18:44,88611,88497.20399999997,0.0012858711332849706
2026-01-02 00:19:19,88594,88515.41226328039,0.0008878424074426336
2026-01-02 06:07:43,88729,88705.286,0.0002673346884875296
2026-01-02 06:08:18,88729,88699.92358822384,0.0003278065030939624
2026-01-02 12:07:51,89424,89315.03050000002,0.0012200578042682007
2026-01-02 12:08:26,89420,89336.81104400486,0.0009311834060671944
2026-01-02 18:06:38,90320,89780.56899999997,0.006008326812898971
2026-01-02 18:07:13,90298,89952.67150174307,0.0038390021384772273
2026-01-03 00:17:34,89988,90004.16649999999,-0.00017961946239446688
2026-01-03 00:18:10,89970,90015.5216119664,-0.0005057084728412543
2026-01-03 06:06:33,90073,90175.66799999995,-0.00113853329037659
2026-01-03 06:07:08,90086,90125.87205931795,-0.0004424041444137535
2026-01-03 12:07:36,89679,89710.87899999996,-0.00035535266575592437
2026-01-03 12:08:11,89679,89775.7924916152,-0.0010781580304538895
2026-01-03 18:06:23,90036,90060.44749999998,-0.00027145656810088816
2026-01-03 18:07:00,90036,90033.50640175509,2.769633600387081e-05
2026-01-04 00:20:45,91195,90523.61149999997,0.0074167224315838335
2026-01-04 00:21:20,91168,90598.09836881062,0.006290437011927108
2026-01-04 06:06:49,91600,91307.878,0.0031993077311467367
2026-01-04 06:07:25,91724,91299.45211678768,0.004650059484138517
2026-01-04 12:07:44,91296,91407.41449999998,-0.0012188781469142684
2026-01-04 12:08:19,91216,91383.61496229279,-0.001834190542385018
2026-01-04 18:06:22,91256,91294.82899999994,-0.0004253143406395966
2026-01-04 18:06:57,91282,91313.44462598798,-0.00034435921365984375
2026-01-05 00:20:20,91921,91340.54949999995,0.006354795358440998
2026-01-05 00:20:56,91910,91406.57749022348,0.005507508579788581
2026-01-05 06:09:50,92480,92776.15699999998,-0.0031921671426849195
2026-01-05 06:10:25,92488,92537.60628658894,-0.0005360662392250474
2026-01-05 12:08:19,93084,92757.38449999993,0.0035211805697267467
2026-01-05 12:08:55,93072,92821.50938551973,0.002698626817625776
2026-01-05 18:07:08,94198,93480.50499999996,0.007675343645180771
2026-01-05 18:07:42,94189,93586.47948372707,0.006438114988369578
2026-01-06 00:19:06,93725,94113.09699999995,-0.00412372998414823
2026-01-06 00:19:41,93723,93997.08853797778,-0.0029159258253731463
2026-01-06 06:07:51,93645,93762.68899999997,-0.0012551794456318272
2026-01-06 06:08:28,93626,93764.10127583798,-0.0014728587376069422
2026-01-06 12:08:15,93977,93523.04749999997,0.004853910475918021
2026-01-06 12:08:50,93947,93653.80229510725,0.0031306545778982064
2026-01-06 18:06:56,91697,93239.13399999999,-0.01653955730648454
2026-01-06 18:07:31,91757,92943.25595480013,-0.012763227870745417
2026-01-07 00:17:08,93475,93079.85199999998,0.0042452581467363705
2026-01-07 00:17:42,93454,93207.47646274316,0.002644890159164244
2026-01-07 06:07:43,92550,92729.876,-0.001939784757180133
2026-01-07 06:08:21,92561,92772.71232267398,-0.002282053821360954
2026-01-07 12:08:11,92034,92279.87049999993,-0.0026644001413063533
2026-01-07 12:08:45,92023,92222.65714697498,-0.0021649468053906
2026-01-07 18:07:07,91316,91604.32649999998,-0.0031475205486061956
2026-01-07 18:07:41,91325,91583.54306620827,-0.002823029744780211
2026-01-08 00:19:03,91150,91130.11649999997,0.0002181880234952337
2026-01-08 00:19:40,91140,91192.67952951907,-0.0005776727889875784
2026-01-08 06:07:31,90500,91038.52750000005,-0.0059153801669304725
2026-01-08 06:08:05,90507,90986.06924979274,-0.005265303290303739
2026-01-08 12:08:12,90008,90260.63650000004,-0.002798966524017774
2026-01-08 12:08:47,89987,90267.81244455144,-0.003110881242679214
2026-01-08 18:06:39,91274,90500.65050000002,0.008545236920700167
2026-01-08 18:07:13,91296,90694.20824930104,0.006635393398493001
2026-01-09 00:18:34,91076,91099.80400000003,-0.00026129584208581637
2026-01-09 00:19:08,91083,91106.62668135781,-0.00025932999846920904
2026-01-09 06:07:37,91080,91128.73800000001,-0.0005348257977632929
2026-01-09 06:08:13,91083,91101.09337254602,-0.0001986076333028132
2026-01-09 12:08:11,90551,90513.93250000002,0.000409522589243104
2026-01-09 12:08:45,90569,90575.31197307342,-6.968756646727699e-05
2026-01-09 18:07:20,91496,91005.632,0.005388325856579977
2026-01-09 18:07:55,91490,91105.61105808512,0.0042191577165297325
2026-01-10 00:18:29,90564,90504.113,0.0006617047337948326
2026-01-10 00:19:04,90554,90606.91213996934,-0.0005839746518190679
2026-01-10 06:06:26,90581,90612.13449999999,-0.00034360188259317044
2026-01-10 06:07:01,90587,90590.17435403781,-3.504082049122232e-05
2026-01-10 12:07:22,90755,90716.23400000003,0.0004273325543912476
2026-01-10 12:07:57,90736,90719.42598647666,0.00018269530856385822
2026-01-10 18:06:23,90556,90646.88850000003,-0.0010026654141584795
2026-01-10 18:06:57,90523,90651.99800591618,-0.001423002346928488
2026-01-11 00:20:33,90556,90546.93900000003,0.0001000696445406333
2026-01-11 00:21:08,90601,90547.72846723303,0.0005883254463556171
2026-01-11 06:07:19,90790,90712.15799999998,0.0008581209147291894
2026-01-11 06:07:53,90790,90718.54341721302,0.0007876733917381524
2026-01-11 12:07:44,90769,90731.813,0.0004098562430357846
2026-01-11 12:08:19,90769,90731.02751660527,0.00041851706559562684
2026-01-11 18:06:20,90905,90965.88449999993,-0.0006693113614470203
2026-01-11 18:06:56,90900,90955.13647824134,-0.0006061942225168761
2026-01-12 00:19:47,91207,90727.60499999998,0.005283893474318194
2026-01-12 00:20:22,91162,90817.43662833754,0.0037940222104324915
2026-01-12 06:08:43,92184,91993.3745,0.002072165534051527
2026-01-12 06:09:18,92176,91925.54948967691,0.0027244929370938
2026-01-12 12:08:12,90731,90887.51099999995,-0.0017220297737051576
2026-01-12 12:08:47,90723,90893.44394773281,-0.0018752061791257918
2026-01-12 18:07:18,91543,91321.20599999993,0.0024287239483025153
2026-01-12 18:07:53,91539,91437.48121274072,0.0011102535405922162
2026-01-13 00:15:55,91327,91414.80849999996,-0.0009605500623015097
2026-01-13 00:16:29,91321,91369.67997781328,-0.0005327804346595626
2026-01-13 06:07:30,91873,91458.94999999997,0.004527167652810711
2026-01-13 06:08:04,91832,91573.42761118723,0.0028236617931420497
2026-01-13 12:08:20,91922,92132.67549999992,-0.002286653446853662
2026-01-13 12:08:54,91967,92075.53863581491,-0.0011787999008532877
2026-01-13 18:07:56,93555,92882.74999999991,0.0072376194718619755
2026-01-13 18:08:32,93411,92977.56057669275,0.0046617637698692805
2026-01-14 00:19:21,95558,94883.39099999992,0.007109874477400208
2026-01-14 00:19:58,95494,94899.80127169346,0.006261327424758008
2026-01-14 06:09:13,94762,95320.6079999999,-0.0058603067240182325
2026-01-14 06:09:48,94771,95199.19846683073,-0.004497920925037195
2026-01-14 12:08:05,94927,95032.75799999993,-0.0011128583682684337
2026-01-14 12:08:39,94937,95016.76939820348,-0.0008395296820625398
2026-01-14 18:07:05,97076,96571.86749999998,0.005220283225857899
2026-01-14 18:07:39,97046,96675.31067453236,0.0038343742873048993
2026-01-15 00:17:56,96958,97284.69399999996,-0.0033581233241064584
2026-01-15 00:18:32,96935,97116.61142204788,-0.0018700345840798897
2026-01-15 06:07:27,96448,96284.09999999999,0.0017022540585622003
2026-01-15 06:08:01,96444,96384.16673399392,0.0006207789934130483
2026-01-15 12:08:21,96649,96694.02499999997,-0.0004656440767665333
2026-01-15 12:08:58,96649,96674.43546392227,-0.00026310434397897373
2026-01-15 18:10:08,96602,96544.52000000005,0.0005953729947588143
2026-01-15 18:10:39,96570,96584.95306206607,-0.00015481771841269383
2026-01-16 00:18:59,95755,95514.25450000004,0.00252051907079441
2026-01-16 00:19:34,95742,95666.33332348868,0.0007909436254388191
2026-01-16 06:07:37,95774,95499.56750000002,0.0028736517576373392
2026-01-16 06:08:13,95709,95511.54796565569,0.002067310587567013
2026-01-16 12:07:52,95470,95547.55749999997,-0.0008117161969312117
2026-01-16 12:08:27,95461,95493.15978823135,-0.0003367758308832737
2026-01-16 18:06:47,95130,95077.986,0.0005470666995406863
2026-01-16 18:07:22,95150,95056.72186410065,0.0009812892141674006
2026-01-17 00:18:05,95537,95376.346,0.0016844218376744584
2026-01-17 00:18:40,95537,95397.98387459281,0.0014572228862816698
2026-01-17 06:06:51,95287,95334.823,-0.000501632021701073
2026-01-17 06:07:26,95270,95333.08821559946,-0.0006617662008051794
2026-01-17 12:07:20,95091,95197.58100000003,-0.0011195767673974264
2026-01-17 12:07:55,95091,95210.30727173165,-0.001253091972396947
2026-01-17 18:06:11,95385,95443.72750000001,-0.0006153102098826572
2026-01-17 18:06:46,95385,95405.08561626199,-0.00021052982796721802
2026-01-18 00:20:18,95234,95248.1195,-0.00014823914712563642
2026-01-18 00:20:52,95240,95242.13855800376,-2.2453905762080275e-05
2026-01-18 06:07:09,95166,95091.38200000003,0.0007846978183572207
2026-01-18 06:07:40,95184,95132.48518042918,0.0005415060846262299
2026-01-18 12:07:31,95130,95142.36150000004,-0.00012992635252219084
2026-01-18 12:08:05,95130,95147.91122577844,-0.0001882461269795162
2026-01-18 18:06:00,95232,95135.55150000003,0.0010138008187188516
2026-01-18 18:06:35,95232,95160.42072998916,0.0007521958127312636
2026-01-19 00:20:08,92793,94935.97800000002,-0.022572875375023966
2026-01-19 00:20:43,92688,94601.1963337789,-0.020223806969931177
2026-01-19 06:09:47,92525,92597.07599999999,-0.0007783831100669571
2026-01-19 06:10:21,92504,92812.22550371657,-0.003320958010043963
2026-01-19 12:08:37,93120,93009.718,0.0011857040572900836
2026-01-19 12:09:12,93104,93018.66039192665,0.0009174461093481609
2026-01-19 18:06:51,93145,93069.74999999999,0.0008085333849077124
2026-01-19 18:07:25,93146,93122.34384944031,0.00025403302345931226
2026-01-20 00:18:29,92593,92895.32099999998,-0.003254426560407513
2026-01-20 00:19:05,92576,92818.04903225186,-0.002607779788258145
2026-01-20 06:08:39,91601,92249.90849999999,-0.007034245459441193
2026-01-20 06:09:14,91594,92131.33737108952,-0.005832297526792868
2026-01-20 12:08:36,91250,91165.70599999996,0.0009246240028025242
2026-01-20 12:09:11,91261,91290.27283924783,-0.00032065671771380733
2026-01-20 18:08:26,89871,90517.77499999994,-0.007145281686386309
2026-01-20 18:09:01,89726,90422.74939529311,-0.007705465714686393
2026-01-21 00:19:40,88444,89125.43149999992,-0.007645758214364655
2026-01-21 00:20:16,88410,88995.80287257368,-0.006582365164034162
2026-01-21 06:08:42,89835,89396.85749999991,0.004901095097219603
2026-01-21 06:09:17,89820,89472.2986533936,0.0038861340531034464
2026-01-21 12:08:44,88825,89232.85649999994,-0.004570698686530745
2026-01-21 12:09:17,88732,89222.03516452269,-0.005492310992672172
2026-01-21 18:15:07,87896,88934.37799999995,-0.01167577739172982
2026-01-21 18:15:41,87988,88605.38938571671,-0.006967853648598005
2026-01-22 00:19:53,89736,89973.22149999999,-0.002636578929209344
2026-01-22 00:20:28,89740,89726.15467525757,0.0001543064538154232
2026-01-22 06:08:01,90023,90024.03050000002,-1.144694360271488e-05
2026-01-22 06:08:36,90006,89975.68961794968,0.0003368730173563436
2026-01-22 12:08:41,90023,89968.99650000001,0.0006002456635157825
2026-01-22 12:09:17,90023,89994.39516442831,0.00031785130084410637
2026-01-22 18:07:17,89476,89292.00500000008,0.0020605988184487787
2026-01-22 18:07:54,89498,89347.09667177853,0.0016889561479072745
2026-01-23 00:19:32,89586,89513.40099999998,0.0008110405725732234
2026-01-23 00:20:08,89614,89477.31257999006,0.0015276209808798905
2026-01-23 06:07:38,89758,89836.87900000003,-0.0008780247141046596
2026-01-23 06:08:13,89781,89774.43863641194,7.30872137739763e-05
2026-01-23 12:08:24,89229,89254.093,-0.00028114116850633936
2026-01-23 12:09:00,89229,89270.87083410527,-0.00046903131686795767
2026-01-23 18:07:10,90800,89676.00650000005,0.01253393793801414
2026-01-23 18:07:45,90813,89868.8539488496,0.010505820533638655
2026-01-24 00:18:13,89540,89628.35150000005,-0.000985753933006878
2026-01-24 00:18:47,89546,89660.3712297235,-0.0012756051325112949
2026-01-24 06:06:34,89829,89575.66300000004,0.0028281900631866464
2026-01-24 06:07:10,89829,89616.08578432236,0.0023758481952676825
2026-01-24 12:07:31,89627,89629.86250000003,-3.1936900494877064e-05
2026-01-24 12:08:05,89627,89641.71146820627,-0.00016411409337588621
2026-01-24 18:06:32,89276,89531.12650000006,-0.002849584384488411
2026-01-24 18:07:06,89276,89516.67185709917,-0.002688570208277673
2026-01-25 00:20:54,89225,89351.61400000003,-0.0014170309223516708
2026-01-25 00:21:30,89225,89348.8137912598,-0.0013857351430435522
2026-01-25 06:07:17,88781,89047.8585,-0.0029967986259883173
2026-01-25 06:07:52,88784,89042.79705424896,-0.0029064344653424662
2026-01-25 12:08:04,88528,88563.5665,-0.00040159290558833597
2026-01-25 12:08:35,88541,88619.22747441952,-0.00088273703855179
2026-01-25 18:06:33,87886,88377.94900000002,-0.005566422456805625
2026-01-25 18:07:08,87901,88246.1784566006,-0.003911539996832315
2026-01-26 00:20:33,87062,86611.48650000007,0.005201544485671976
2026-01-26 00:21:07,87099,86809.58231140248,0.0033339371172104166
2026-01-26 06:09:08,87904,87661.84200000003,0.0027624105822458833
2026-01-26 06:09:44,87895,87587.62044259501,0.0035093950018478246
2026-01-26 12:09:09,87800,87887.03400000003,-0.0009902939721464343
2026-01-26 12:09:45,87800,87844.74641036715,-0.0005093806083532733
2026-01-26 18:08:06,87743,87794.38850000003,-0.0005853278424512293
2026-01-26 18:08:43,87746,87723.67739528514,0.00025446499027027185
2026-01-27 00:20:10,88307,88102.91350000002,0.002316455743543325
2026-01-27 00:20:47,88313,88156.31052561474,0.0017774050825293225
2026-01-27 06:07:52,88457,88634.27050000004,-0.002000022102060876
2026-01-27 06:08:27,88448,88543.96834538448,-0.0010838496080290015
2026-01-27 12:08:37,88014,88080.53200000004,-0.0007553542024477736
2026-01-27 12:09:12,88014,88071.44614224085,-0.0006522675027734909
2026-01-27 18:08:53,87559,87988.46100000001,-0.0048808786415756285
2026-01-27 18:09:27,87547,87956.66794527657,-0.004657611012862014
2026-01-28 00:19:20,89214,89148.08849999997,0.0007393484381892396
2026-01-28 00:19:55,89224,89069.33717536899,0.001736431745601716
2026-01-28 06:08:49,89193,89118.73000000001,0.0008333826121623313
2026-01-28 06:09:25,89212,89073.2298798714,0.0015579329537701576
2026-01-28 12:08:35,90011,89352.53100000002,0.007369337976559194
2026-01-28 12:09:10,90030,89447.4548826371,0.006512707579296106
2026-01-28 18:08:59,89742,89742.64449999997,-7.181647070426749e-06
2026-01-28 18:09:34,89694,89702.43006014443,-9.397805765991264e-05
2026-01-29 00:21:38,89100,89306.94250000002,-0.0023172050705914512
2026-01-29 00:22:12,89120,89324.26365497203,-0.0022867656179180137
2026-01-29 06:16:15,88284,88259.70799999998,0.00027523317888175923
2026-01-29 06:16:50,88295,88363.8853585461,-0.0007795646181309702
2026-01-29 12:11:51,88035,88036.21549999998,-1.3806817945014923e-05
2026-01-29 12:12:26,88027,88021.02197038177,6.791593058576906e-05
2026-01-29 18:12:53,84531,85914.96249999998,-0.016108515440485468
2026-01-29 18:13:28,84591,85664.64309803469,-0.012533094859287677
2026-01-30 00:21:46,84502,84371.68299999998,0.0015445584983770516
2026-01-30 00:22:22,84446,84522.81705972344,-0.0009088322230098351
2026-01-30 06:16:45,82713,82580.06499999997,0.0016097710748959428
2026-01-30 06:17:20,82714,82981.05400983193,-0.003218252805035362
2026-01-30 12:10:35,83046,82684.50199999996,0.004372016414878282
2026-01-30 12:11:06,83046,82760.21329818845,0.003453189526975348
2026-01-30 18:11:49,82846,83052.05150000002,-0.0024809922967407483
2026-01-30 18:12:23,82804,83015.74353531281,-0.00255064312256312
2026-01-31 00:21:11,84191,84100.99099999998,0.0010702489819652665
2026-01-31 00:21:46,84121,84007.51607583647,0.0013508782245280138
2026-01-31 06:11:12,83977,84055.57349999997,-0.0009347803688469216
2026-01-31 06:11:48,83998,84044.5680203388,-0.0005540872115320325
2026-01-31 12:08:10,83058,83150.10699999999,-0.0011077195607215402
2026-01-31 12:08:44,83070,83212.2053773659,-0.001708948545721149
2026-01-31 18:07:02,78904,80964.7615,-0.025452572969043987
2026-01-31 18:07:37,78767,80661.9497405726,-0.023492486192897573
2026-02-01 00:25:41,79000,78178.551,0.010507344911010096
2026-02-01 00:26:15,78992,78614.63383664183,0.0048002025188124305
2026-02-01 06:18:51,78714,78774.14649999999,-0.0007635309638040701
2026-02-01 06:19:25,78708,78770.34736055094,-0.0007915080057417585
2026-02-01 12:08:33,78573,78641.362,-0.0008692880980366759
2026-02-01 12:09:08,78584,78654.91406340593,-0.0009015846530423219
2026-02-01 18:07:52,77993,77763.52949999998,0.002950875577220617
2026-02-01 18:08:28,78034,77797.9270304657,0.003034437787035857
2026-02-02 00:23:08,77882,77192.84650000001,0.008927686064795987
2026-02-02 00:23:44,77962,77329.21074462675,0.008183055914833868
2026-02-02 06:25:24,75746,76084.13649999996,-0.004444244431951519
2026-02-02 06:25:59,75597,75989.3867966869,-0.005163705265009561
2026-02-02 12:12:13,77883,77297.42350000003,0.007575627666295581
2026-02-02 12:12:47,77979,77347.67263908387,0.008162202421551797
2026-02-02 18:13:13,78672,78570.26949999998,0.0012947709184072443
2026-02-02 18:13:48,78706,78588.72706678779,0.0014922360698443127
2026-02-03 00:23:42,78745,78540.7005,0.00260119274082606
2026-02-03 00:24:17,78750,78620.24057153263,0.0016504582983221361
2026-02-03 06:18:39,78154,78491.42150000001,-0.004298832834872423
2026-02-03 06:19:14,78172,78478.68004260755,-0.0039078134652755035
2026-02-03 12:11:59,78105,78413.29349999999,-0.003931648400917955
2026-02-03 12:12:34,78149,78327.77440791878,-0.0022823884537782747
2026-02-03 18:20:06,74667,76861.2765,-0.028548530546458034
2026-02-03 18:20:37,74712,76484.97299366358,-0.02318067097716655
2026-02-04 00:20:35,75780,75840.04400000002,-0.0007917189499523958
2026-02-04 00:21:10,75837,75820.04736275131,0.0002235904333794382
2026-02-04 06:18:11,76507,76449.82550000004,0.0007478695945481861
2026-02-04 06:18:45,76494,76394.30022626731,0.0013050682241658727
2026-02-04 12:12:04,76067,76216.83000000005,-0.0019658387786535506
2026-02-04 12:12:41,76081,76175.68097719678,-0.0012429291866143564
2026-02-04 18:17:01,72750,74029.60300000005,-0.01728501772459925
2026-02-04 18:17:35,72663,73876.45754237384,-0.016425497144037137
2026-02-05 00:23:31,73109,73189.52500000005,-0.0011002257495188324
2026-02-05 00:24:05,73170,73186.95538743545,-0.00023167226107013173
2026-02-05 06:21:48,70515,71378.84150000008,-0.012102206786307695
2026-02-05 06:22:24,70520,71340.43182660904,-0.011500236340075406
2026-02-05 12:12:49,70114,71092.78050000008,-0.013767649726403368
2026-02-05 12:13:25,70079,70942.48021691783,-0.01217155383174654
2026-02-05 18:19:01,65890,68127.23750000009,-0.0328391049174728
2026-02-05 18:19:35,65861,67903.41637123452,-0.030078256446898502
2026-02-06 00:21:22,60392,63948.2325000001,-0.05561111481853849
2026-02-06 00:21:57,60251,64081.921452422546,-0.05978162585631587
2026-02-06 06:19:36,65955,65120.18650000007,0.012819580914436267
2026-02-06 06:20:10,65800,65141.48473103212,0.010108999997265585
2026-02-06 12:12:10,66311,65612.19750000004,0.010650496807395625
2026-02-06 12:12:41,66290,65788.996148313,0.007615313821745314
2026-02-06 18:16:08,69972,69024.19900000004,0.01373143062478657
2026-02-06 18:16:43,69828,69170.51924538377,0.00950521640995361
2026-02-07 00:22:31,70218,70540.27800000002,-0.004568708958022822
2026-02-07 00:23:06,70300,70424.76417721568,-0.0017715952431409505
2026-02-07 06:14:00,70768,70512.37100000001,0.003625307111003064
2026-02-07 06:14:35,70768,70621.21865999824,0.0020784311399160696
2026-02-07 12:08:19,67973,68143.76999999996,-0.0025060251289290352
2026-02-07 12:08:54,67973,68361.29082796254,-0.005679980925750953
2026-02-07 18:08:16,69189,69093.90549999996,0.0013763080739448961
2026-02-07 18:08:52,69189,69052.1400997447,0.0019819791255941193
2026-02-08 00:29:02,69399,69358.22349999998,0.0005879115401509928
2026-02-08 00:29:38,69399,69376.2409970975,0.00032805183122350994
2026-02-08 06:18:55,69340,69268.51449999992,0.0010320056740942903
2026-02-08 06:19:29,69340,69277.87587665816,0.0008967382812435792
2026-02-08 12:08:56,70107,69773.24449999994,0.004783430989798071
2026-02-08 12:09:31,70107,69904.82484287595,0.0028921488263288233
2026-02-08 18:08:24,70416,71071.40549999996,-0.009221788923253597
2026-02-08 18:08:59,70416,70871.65273325988,-0.006429266366551677
2026-02-09 00:24:00,70330,70918.34849999995,-0.008296139327045236
2026-02-09 00:24:34,70330,70828.86582191555,-0.00704325582693703
2026-02-09 06:26:27,71005,70752.05799999995,0.0035750479512561156
2026-02-09 06:27:02,71005,70872.37350083588,0.0018713427053851626
2026-02-09 12:17:09,68728,69737.6085,-0.014477245803460582
2026-02-09 12:17:44,68728,69562.731609023,-0.011999695666274386
2026-02-09 18:19:15,70612,69566.37800000001,0.015030565483802941
2026-02-09 18:19:50,70612,69816.28489821014,0.011397270750656302
2026-02-10 00:28:26,70138,70511.58900000002,-0.005298263807386636
2026-02-10 00:29:01,70138,70355.15346021419,-0.0030865323936361136
2026-02-10 06:27:02,69448,69849.443,-0.005747261291689889
2026-02-10 06:27:37,69448,69758.43904249616,-0.0044502005313943995
2026-02-10 12:18:52,68638,68972.41500000001,-0.004848532561894608
2026-02-10 12:19:27,68658,68963.65726036343,-0.004432149809130004
2026-02-10 18:23:36,69290,69271.5405,0.0002664802870956393
2026-02-10 18:24:11,69329,69351.65768771882,-0.0003267072262474887
2026-02-11 00:27:59,69196,68790.26050000005,0.005898211419041684
2026-02-11 00:28:35,69196,68847.39304348253,0.005063473591473489
2026-02-11 06:26:08,67136,68098.16949999999,-0.014129153647808245
2026-02-11 06:26:42,67149,67903.64488502144,-0.011113466534811893
2026-02-11 12:17:23,67114,66919.95700000001,0.0028996282827855155
2026-02-11 12:17:58,67182,67017.2054612937,0.002458988517530353
2026-02-11 18:22:06,66816,66788.02899999997,0.00041880259709466984
2026-02-11 18:22:41,66750,66681.51704418386,0.0010270155637095981
2026-02-12 00:22:53,67322,67518.2445,-0.002906540320372232
2026-02-12 00:23:28,67326,67355.8842170091,-0.0004436764115932623
2026-02-12 06:25:40,67233,67353.19649999992,-0.0017845700908926915
2026-02-12 06:26:15,67281,67266.39724100448,0.00021708846607615924
2026-02-12 12:15:26,68023,67563.14749999993,0.006806262245258287
2026-02-12 12:16:01,68003,67695.06817010826,0.004548807442189812
2026-02-12 18:21:20,65280,66826.10549999992,-0.023136250248788175
2026-02-12 18:21:56,65294,66505.43832632831,-0.018215628027049964
2026-02-13 00:25:06,66145,65945.15699999993,0.00303044240231419
2026-02-13 00:25:40,66098,66091.2692708806,0.0001018399131028127
2026-02-13 06:23:18,66164,66443.27549999996,-0.004203216922982069
2026-02-13 06:23:53,66073,66327.19439957288,-0.0038324310544713266
2026-02-13 12:11:25,67034,66747.87399999994,0.004286668366397143
2026-02-13 12:12:00,67039,66807.09182041202,0.0034713108035204
2026-02-13 18:14:46,69141,68387.57849999992,0.011016934895568571
2026-02-13 18:15:22,69101,68530.13142467024,0.008330183577092247
2026-02-14 00:23:52,68796,68879.4495,-0.0012115297175829265
2026-02-14 00:24:27,68790,68853.5361786809,-0.0009227729207111689
2026-02-14 06:15:18,68783,68890.3815,-0.001558729936776488
2026-02-14 06:15:53,68790,68867.00058501992,-0.0011181056872785087
2026-02-14 12:08:21,70436,69733.95000000007,0.010067549593848183
2026-02-14 12:08:56,70456,69789.71003307,0.009547108973719364
2026-02-14 18:07:13,69775,69655.21500000004,0.0017196845921724564
2026-02-14 18:07:48,69772,69728.97319456693,0.0006170577804581646
2026-02-15 00:24:32,69686,69903.99450000007,-0.0031184841661669738
2026-02-15 00:25:08,69657,69851.21218732325,-0.0027803696062199423
2026-02-15 06:19:09,70276,69903.55400000009,0.005327998058580948
2026-02-15 06:19:44,70270,70038.46461398603,0.0033058318352646695
2026-02-15 12:08:34,70228,70488.5305000001,-0.003696069391035113
2026-02-15 12:09:09,70227,70381.40491090828,-0.0021938310424995996
2026-02-15 18:08:20,68574,68991.36050000011,-0.006049460352359785
2026-02-15 18:08:55,68643,69111.6338685573,-0.0067808246213450695
2026-02-16 00:23:37,68860,68689.10100000011,0.0024880075224727165
2026-02-16 00:24:12,68811,68774.9869918784,0.0005236352589329833
2026-02-16 06:25:26,68303,68477.71000000011,-0.0025513411590444247
2026-02-16 06:26:01,68269,68503.60818589256,-0.003424756623854383
2026-02-16 12:13:48,68900,68757.83750000005,0.002067582477414993
2026-02-16 12:14:24,68900,68735.65867645945,0.0023909179995510762
2026-02-16 18:12:55,68124,68087.75900000011,0.0005322689501337914
2026-02-16 18:13:30,68117,68133.70262285745,-0.00024514479933534
2026-02-17 00:24:19,68789,68534.43200000004,0.0037144540717862153
2026-02-17 00:24:54,68789,68577.4565246143,0.0030847378439847564
2026-02-17 06:22:15,68371,68574.71500000008,-0.002970701372948959
2026-02-17 06:22:50,68369,68482.27350228137,-0.001654055808728352
2026-02-17 12:13:47,68106,68080.84300000004,0.00036951657605007696
2026-02-17 12:14:22,68095,68056.64312471774,0.0005636022219310755
2026-02-17 18:20:04,67268,67421.70350000002,-0.002279733261263827
2026-02-17 18:20:37,67360,67468.4980732253,-0.0016081293688729628
2026-02-18 00:23:55,67587,67653.56600000005,-0.0009839244837448742
2026-02-18 00:24:29,67570,67609.76222611018,-0.0005881136806427488
2026-02-18 06:24:51,67852,67554.81550000003,0.004399160856267513
2026-02-18 06:25:25,67885,67635.25703118573,0.0036924967801795993
2026-02-18 12:13:51,67594,67933.176,-0.004992788795860313
2026-02-18 12:14:26,67554,67777.0917693144,-0.0032915512231435603
2026-02-18 18:17:04,67073,67258.64900000005,-0.002760224934046005
2026-02-18 18:17:39,67084,67278.84836943392,-0.002896131163898553
2026-02-19 00:24:23,66440,66343.1145,0.0014603700885945589
2026-02-19 00:24:59,66437,66454.62255312929,-0.0002651817503770883
2026-02-19 06:24:11,67173,66870.99900000001,0.004516172997505081
2026-02-19 06:24:46,67188,66842.56157290986,0.0051679411883899995
2026-02-19 12:14:36,66543,66927.99800000005,-0.005752420683494078
2026-02-19 12:15:10,66539,66817.08550832057,-0.0041618922197068685
2026-02-19 18:19:26,66574,66305.13400000003,0.00405498011662212
2026-02-19 18:20:00,66555,66446.6912577449,0.001630009564132799
2026-02-20 00:20:49,67224,66977.1235,0.0036859824235359775
2026-02-20 00:21:24,67253,66953.57798187496,0.0044720838997745396
2026-02-20 06:20:24,67861,67411.29950000002,0.00667099586175426
2026-02-20 06:20:58,67855,67452.22371813527,0.005971282482069465
2026-02-20 12:12:14,67450,67912.9355,-0.006816602707447491
2026-02-20 12:12:49,67442,67795.72487950487,-0.005217510103086145
2026-02-20 18:14:10,67549,67233.03700000001,0.00469951996962429
2026-02-20 18:14:46,67553,67375.1515291388,0.0026396745213148366
2026-02-21 00:22:47,67950,67841.5395,0.0015987328825284256
2026-02-21 00:23:22,67956,67857.4024046236,0.0014530116373815242
2026-02-21 06:13:50,67910,67849.008,0.0008989372401730379
2026-02-21 06:14:25,67924,67836.22846608401,0.0012938740242593872
2026-02-21 12:08:17,68009,68076.72050000007,-0.000994767366916103
2026-02-21 12:08:52,68010,68076.74465643706,-0.0009804325511436006
2026-02-21 18:07:51,68417,68384.15950000004,0.00048023548494387843
2026-02-21 18:08:27,68416,68347.40184362506,0.0010036688231673538
2026-02-22 00:22:36,67888,68233.6915,-0.005066287524543514
2026-02-22 00:23:12,67859,68165.33719789417,-0.004494031871430923
2026-02-22 06:17:01,68034,68019.75199999995,0.00020946856730748642
2026-02-22 06:17:38,68050,68018.38772766663,0.0004647606829485308
2026-02-22 12:08:20,68054,68069.53850000005,-0.00022827391433031835
2026-02-22 12:08:55,68036,68092.84542556574,-0.0008348222960939558
2026-02-22 18:08:04,67331,67561.39850000001,-0.0034102091595988827
2026-02-22 18:08:39,67344,67584.5990844452,-0.003559969101016347
2026-02-23 00:23:13,67490,67524.92350000003,-0.0005171942179250823
2026-02-23 00:23:48,67478,67546.2303044458,-0.0010101274954688933
2026-02-23 06:25:52,65365,64934.69800000001,0.006626688246089767
2026-02-23 06:26:27,65387,65293.55826033842,0.0014311019670426271
2026-02-23 12:14:19,66216,66067.68299999999,0.0022449251020352874
2026-02-23 12:14:55,66221,66062.62664334105,0.002397321522106243
2026-02-23 18:22:41,64699,65500.10749999997,-0.012230628781791993
2026-02-23 18:23:13,64717,65338.421917449305,-0.009510819196619552
2026-02-24 00:23:09,64953,64592.669000000016,0.005578512323124218
2026-02-24 00:23:43,64958,64766.47274443405,0.0029571975661189034
2026-02-24 06:23:30,63240,63586.06300000001,-0.005442434767505722
2026-02-24 06:24:05,63259,63550.19598929088,-0.004582141482930261
2026-02-24 12:15:19,63264,63235.64200000001,0.0004484496259244572
2026-02-24 12:15:54,63275,63263.7989992693,0.00017705229385343898
2026-02-24 18:21:48,64326,63770.0245,0.00871844576443593
2026-02-24 18:22:22,64302,63873.054328705846,0.0067155966753476015
2026-02-25 00:24:59,64025,64197.81749999998,-0.0026919528845350993
2026-02-25 00:25:35,64037,64115.12331577477,-0.0012184849959658245
2026-02-25 06:25:51,65059,65528.927500000005,-0.007171298507823208
2026-02-25 06:26:26,65044,65212.29548767587,-0.002580732458768792
2026-02-25 12:14:53,65512,65357.39,0.002365608540977548
2026-02-25 12:15:28,65496,65384.815042430586,0.0017004706291095593
2026-02-25 18:24:07,69048,67593.14950000001,0.02152363827934938
2026-02-25 18:24:43,69020,67754.9836550714,0.018670454580412544
2026-02-26 00:21:11,68243,68661.83750000004,-0.0061000042418037186
2026-02-26 00:21:46,68200,68440.80953515491,-0.0035185079894652603
2026-02-26 06:22:57,68318,68311.80950000005,9.062122706548e-05
2026-02-26 06:23:29,68328,68380.24901986841,-0.0007640951973314488
2026-02-26 12:15:26,68178,68199.06000000003,-0.00030880191017334797
2026-02-26 12:16:01,68218,68234.6624034224,-0.00024419265568986727
2026-02-26 18:17:08,66836,67299.28200000004,-0.006883907022961038
2026-02-26 18:17:42,66924,67239.77745080592,-0.004696289351001384
2026-02-27 00:24:05,67206,67485.31800000001,-0.004138944710907546
2026-02-27 00:24:39,67225,67440.77705859391,-0.0031995043355808723
2026-02-27 06:19:11,67699,67559.27300000002,0.0020682134930608913
2026-02-27 06:19:45,67637,67608.81060783647,0.0004169484999084904
2026-02-27 12:11:52,66020,67190.307,-0.017417795099522328
2026-02-27 12:12:27,66016,66948.6255112092,-0.013930465399219504
2026-02-27 18:12:33,65573,65864.75150000003,-0.004429554402858826
2026-02-27 18:13:08,65537,65847.26234549434,-0.004711848821693172
2026-02-28 00:20:10,65884,65647.24500000002,0.0036064727468757517
2026-02-28 00:20:45,65883,65722.8813684941,0.002436269198365655
2026-02-28 06:09:13,65537,65761.4455,-0.0034130256458550874
2026-02-28 06:09:48,65544,65710.68220816573,-0.002536607482443956
2026-02-28 12:08:02,63894,63802.6075,0.0014324257829117994
2026-02-28 12:08:36,63926,64036.55764304093,-0.0017264769861179763
2026-02-28 18:06:53,65342,64836.83600000003,0.007791311716690921
2026-02-28 18:07:28,65424,64864.87755391211,0.008619802690958227
2026-03-01 00:25:13,66947,66818.48649999997,0.0019233225224284313
2026-03-01 00:25:49,66863,66653.92414485794,0.0031367373762972643
2026-03-01 06:16:11,67118,67435.98399999997,-0.004715346038399437
2026-03-01 06:16:45,67083,67261.96939565035,-0.0026607813785173005
2026-03-01 12:08:22,66515,66688.85049999999,-0.0026068900377880402
2026-03-01 12:08:58,66539,66656.55184006426,-0.0017635451702679617
2026-03-01 18:07:28,66499,66654.89799999999,-0.002338882882995133
2026-03-01 18:08:02,66481,66525.56579036164,-0.0006699047175649014
2026-03-02 00:22:45,65935,65651.27749999994,0.0043216600012096025
2026-03-02 00:23:19,65925,65796.97948296965,0.0019456898787198625
2026-03-02 06:20:25,66230,66616.21599999996,-0.0057976274125200525
2026-03-02 06:21:01,66256,66574.8606233243,-0.00478950493232565
2026-03-02 12:12:21,66326,66164.49299999997,0.002440992028761211
2026-03-02 12:12:56,66341,66249.92702917175,0.0013746878662695447
2026-03-02 18:15:19,69190,68255.443,0.013692050903544802
2026-03-02 18:15:55,69121,68466.84293213383,0.009554362956600532
2026-03-03 00:23:21,68694,69107.80949999999,-0.005987883323085049
2026-03-03 00:23:56,68736,69002.91148048591,-0.0038681191091682497
2026-03-03 06:17:38,67908,68360.99649999998,-0.006626534474230191
2026-03-03 06:18:13,67922,68341.24458659034,-0.006134576405894214
2026-03-03 12:11:58,67650,67188.44500000004,0.006869559192804115
2026-03-03 12:12:33,67732,67239.48916103595,0.007324726066619982
2026-03-03 18:16:23,68246,67615.22649999998,0.009328867662670997
2026-03-03 18:16:58,68274,67813.76946984985,0.006786682612515248
2026-03-04 00:22:18,68333,68311.54200000003,0.00031411968419582165
2026-03-04 00:22:52,68372,68293.48655193821,0.0011496476754349722
2026-03-04 06:15:45,68213,68040.25950000006,0.0025387983712781333
2026-03-04 06:16:19,68179,68041.39513746352,0.0020223697979513244
2026-03-04 12:11:45,70912,70709.6195,0.002862135327994507
2026-03-04 12:12:20,70914,70636.20163015877,0.003932804474619705
2026-03-04 18:15:02,73046,72593.56200000006,0.0062324810566526
2026-03-04 18:15:37,73041,72613.3611827372,0.005889257986372787
2026-03-05 00:23:20,72925,73094.94150000009,-0.0023249420071030213
2026-03-05 00:23:54,72914,72951.60707402587,-0.0005155071359526322
2026-03-05 06:17:44,72119,72557.37850000002,-0.006041818338296505
2026-03-05 06:18:19,72080,72562.43634890251,-0.0066485687798961204
2026-03-05 12:12:50,72996,72650.39800000007,0.004757055838839669
2026-03-05 12:13:25,72978,72805.2775228572,0.0023723895165233696
2026-03-05 18:37:41,70946,71476.87000000004,-0.007427157904368766
2026-03-05 18:38:16,70926,71411.64285061808,-0.006800611654236415
2026-03-06 00:27:16,70886,71134.87100000001,-0.0034985794800979353
2026-03-06 00:27:50,70908,71134.86211212745,-0.0031891832695177397
2026-03-06 06:16:17,70329,70861.64650000003,-0.0075167107498699095
2026-03-06 06:16:52,70356,70705.68675246631,-0.004945666586770162
2026-03-06 12:11:11,69798,70636.92850000002,-0.011876627676414658
2026-03-06 12:11:46,69828,70520.38985290885,-0.009818293040538084
2026-03-06 18:12:54,68281,68685.05050000007,-0.005882655644259443
2026-03-06 18:13:29,68264,68702.69735673352,-0.0063854458938579954
2026-03-07 00:22:05,68116,68178.15000000004,-0.0009115823764657416
2026-03-07 00:22:39,68152,68259.61350466983,-0.0015765325811941584
2026-03-07 06:10:56,67969,68146.12850000002,-0.002599245238121204
2026-03-07 06:11:31,67969,68116.59070294672,-0.002166736494349167
2026-03-07 12:08:12,68014,67957.48950000005,0.0008315566159922035
2026-03-07 12:08:47,67977,68000.93462493712,-0.00035197494077292204
2026-03-07 18:06:55,67608,67859.20500000007,-0.0037018559236005524
2026-03-07 18:07:30,67624,67853.24150000692,-0.003378490031414233
2026-03-08 00:22:34,67379,67337.40499999998,0.0006177101716351518
2026-03-08 00:23:09,67379,67402.52182685897,-0.0003489754718582924
2026-03-08 06:14:25,67109,67093.87000000004,0.00022550495298543656
2026-03-08 06:15:01,67111,67101.83114154368,0.0001366409574871786
2026-03-08 12:08:53,67490,67608.63450000001,-0.001754724095189567
2026-03-08 12:09:30,67466,67570.74895485956,-0.0015502115409367365
2026-03-08 18:07:23,67001,67141.07000000004,-0.002086204464719374
2026-03-08 18:07:59,66994,67147.07156050015,-0.0022796461102883255
2026-03-09 00:22:38,66215,66645.31350000005,-0.0064567705874779505
2026-03-09 00:23:13,66240,66513.12894305935,-0.004106391435789567
2026-03-09 06:23:22,67569,67108.53700000004,0.006861466820532229
2026-03-09 06:23:56,67565,67230.70376041367,0.004972374538538845
2026-03-09 12:12:51,67812,67739.267,0.0010737199149201437
2026-03-09 12:13:26,67838,67683.41543712304,0.002283935612270737
2026-03-09 18:17:48,68475,68899.96550000002,-0.00616786230466284
2026-03-09 18:18:24,68524,68668.076352984,-0.002098156241386297
2026-03-10 00:20:18,68679,68791.08450000003,-0.0016293463144926327
2026-03-10 00:20:53,68674,68691.19635259366,-0.0002503428897262124
2026-03-10 06:16:08,69874,69816.44550000006,0.0008243688086346377
2026-03-10 06:16:44,69847,69744.02970244813,0.001476403041108758
2026-03-10 12:12:25,70388,70730.50899999999,-0.004842450660152763
2026-03-10 12:13:01,70402,70590.50242278464,-0.002670365223577173
2026-03-10 18:17:16,70456,70795.72550000003,-0.0047986724848243754
2026-03-10 18:17:51,70478,70830.22973667023,-0.004972872994761297
2026-03-11 00:20:00,70008,69931.89200000005,0.0010883160432717763
2026-03-11 00:20:35,70012,69984.45758809085,0.0003935504090244529
2026-03-11 06:17:49,69745,69800.66350000002,-0.0007974637662294456
2026-03-11 06:18:24,69758,69811.10550155054,-0.0007607027731334421
2026-03-11 12:13:04,69119,69529.85850000005,-0.005909094436026293
2026-03-11 12:13:39,69121,69516.51118767203,-0.005689456805510292
2026-03-11 18:19:10,70730,70551.07900000006,0.0025360490943015022
2026-03-11 18:19:45,70674,70503.31161574447,0.002420998111206566
2026-03-12 00:19:19,70264,70478.88350000004,-0.0030489061308702457
2026-03-12 00:19:54,70261,70418.93500961449,-0.002242791794464492
2026-03-12 06:19:05,69480,69503.60150000006,-0.00033957233137138216
2026-03-12 06:19:38,69461,69572.48836038297,-0.0016024776892477972
2026-03-12 12:11:36,70327,70073.32099999995,0.0036201937681824376
2026-03-12 12:12:10,70337,70140.00873305857,0.0028085435188802167
2026-03-12 18:18:14,70183,70147.35250000001,0.0005081802623982402
2026-03-12 18:18:49,70143,70205.53937674599,-0.0008908040206112963
2026-03-13 00:23:11,71746,70427.07200000001,0.01872757112492175
2026-03-13 00:23:46,71624,70518.58657139567,0.01567549042528191
2026-03-13 06:18:17,71472,71384.28650000002,0.0012287508119869413
2026-03-13 06:18:52,71497,71330.09929983957,0.0023398355224329343
2026-03-13 12:12:17,72377,72003.04050000002,0.005193662620399795
2026-03-13 12:12:52,72378,72046.73694495854,0.004597891161879214
2026-03-13 18:12:03,70960,72247.691,-0.017823282407738207
2026-03-13 18:12:38,70971,71903.55028817446,-0.012969460957588242
2026-03-14 00:21:44,70920,71045.39850000001,-0.0017650474576479465
2026-03-14 00:22:20,70920,71052.91782262824,-0.0018706877451541897
2026-03-14 06:16:47,70850,70994.07700000005,-0.0020294228207241617
2026-03-14 06:17:22,70841,71003.28943496039,-0.002285660794758628
2026-03-14 12:09:20,70772,70623.89600000002,0.0020970805688768214
2026-03-14 12:09:55,70761,70673.54154340122,0.001237499277506367
2026-03-14 18:08:42,70576,70686.40000000001,-0.001561828017836652
2026-03-14 18:09:17,70582,70663.30787561722,-0.0011506378354143513
2026-03-15 00:27:05,71221,70850.71050000002,0.00522633432165771
2026-03-15 00:27:41,71171,70898.3306005918,0.0038459212945971054
2026-03-15 06:22:11,71475,71427.26499999998,0.0006683022232478752
2026-03-15 06:22:45,71475,71418.28633181867,0.000794105698893824
2026-03-15 12:10:25,71710,71707.01250000001,4.16625919255576e-05
2026-03-15 12:11:00,71703,71701.67246884713,1.8514646969319863e-05
2026-03-15 18:09:03,71805,71535.21500000001,0.0037713593228172852
2026-03-15 18:09:38,71798,71574.38706197921,0.0031242033246774454
2026-03-16 00:27:05,72505,72117.24000000002,0.0053768003323474405
2026-03-16 00:27:40,72525,72248.28629742721,0.0038300382853875387
2026-03-16 06:33:55,73772,73378.74449999996,0.00535925631706663
2026-03-16 06:34:29,73735,73447.64181845193,0.003912422161331806
2026-03-16 12:18:28,73598,73406.51999999996,0.002608487638428299
2026-03-16 12:19:02,73690,73491.28321893277,0.0027039503511626273
2026-03-16 18:21:47,74132,73753.06549999997,0.005137881353555837
2026-03-16 18:22:22,74128,73784.38903270914,0.004656960256708761
2026-03-17 00:23:55,75088,74503.92599999999,0.00783950633688764
2026-03-17 00:24:30,74989,74582.08256351411,0.005455967740500688
2026-03-17 06:24:44,74178,74667.99099999997,-0.006562263072003178
2026-03-17 06:25:18,74201,74484.48505037863,-0.0038059610694346634
2026-03-17 12:17:27,73972,74064.4025,-0.0012475966440152746
2026-03-17 12:18:01,73992,74060.53091541119,-0.0009253365397753132
2026-03-17 18:21:06,74654,74135.57749999997,0.006992897573368601
2026-03-17 18:21:42,74579,74220.81931977985,0.004825878823526961
2026-03-18 00:24:46,73747,74370.944,-0.008389620548584177
2026-03-18 00:25:21,73701,74242.96268907872,-0.007299852665476162
2026-03-18 06:25:08,74211,74246.13850000002,-0.0004732704044940395
2026-03-18 06:25:42,74212,74193.39475619048,0.00025076684886384486
2026-03-18 12:18:10,72768,73800.57199999999,-0.01399138207221464
2026-03-18 12:18:45,72808,73650.88214691884,-0.011444291260998865
2026-03-18 18:22:02,71622,71519.29599999994,0.0014360320325308598
2026-03-18 18:22:25,71605,71739.54509310659,-0.0018754662150696367
2026-03-19 00:25:07,71110,71142.03549999995,-0.00045030339341294923
2026-03-19 00:25:41,71110,71224.6508728952,-0.0016097077555326264
2026-03-19 06:22:43,70907,71008.94599999997,-0.0014356782594684228
2026-03-19 06:23:19,70884,70955.89773837395,-0.0010132736060792797
2026-03-19 12:13:15,69780,70144.3755,-0.005194650282402111
2026-03-19 12:13:51,69829,70220.99409627428,-0.0055822920384301705
2026-03-19 18:18:31,69816,69503.26799999998,0.004499529432199048
2026-03-19 18:19:06,69765,69602.64456610176,0.0023326043846515995
2026-03-20 00:23:46,70031,70285.4275,-0.0036199182255810453
2026-03-20 00:24:21,69965,70125.21857758756,-0.0022847497781456026
2026-03-20 06:19:27,70492,70587.29899999998,-0.0013500870744464176
2026-03-20 06:20:02,70491,70564.91629465303,-0.001047493549689476
2026-03-20 12:12:12,70653,70712.64500000002,-0.0008434842170027526
2026-03-20 12:12:47,70636,70622.33804894627,0.00019345084616511615
2026-03-20 18:13:41,70000,69906.70700000001,0.0013345357549167716
2026-03-20 18:14:17,69986,69955.5624444134,0.00043509843281990175
2026-03-21 00:21:50,70750,70413.67550000003,0.0047764088099615425
2026-03-21 00:22:24,70725,70432.95405560781,0.004146438954720144
2026-03-21 06:13:57,70732,70665.405,0.0009423989008483171
2026-03-21 06:14:32,70738,70665.97484576133,0.0010192338589522594
2026-03-21 12:08:44,70684,70646.005,0.0005378223439527167
2026-03-21 12:09:20,70691,70645.23846543657,0.0006477653067278526
2026-03-21 18:08:18,70323,70579.99750000003,-0.003641222854960099
2026-03-21 18:08:54,70343,70503.74006741334,-0.0022798800072115944
2026-03-22 00:24:29,68824,70102.6505,-0.018239688383822283
2026-03-22 00:25:04,68865,69927.75664685095,-0.015197922796495228
2026-03-22 06:18:41,69090,69230.10600000003,-0.0020237727210764174
2026-03-22 06:19:16,69118,69285.34332010346,-0.002415277345604328
2026-03-22 12:09:17,68236,68702.2605,-0.006786683532778429
2026-03-22 12:09:44,68287,68680.71447799385,-0.005732533229834184
2026-03-22 18:08:55,68697,68773.95000000003,-0.0011188829491402801
2026-03-22 18:09:30,68682,68751.68300449313,-0.001013546162769174
2026-03-23 00:25:50,68074,68113.71250000001,-0.0005830323813286308
2026-03-23 00:26:25,68098,68165.9351272857,-0.0009966140295566595
2026-03-23 06:27:30,68621,68338.39449999998,0.004135383953160031
2026-03-23 06:28:06,68600,68410.66087604861,0.0027676844738343622
2026-03-23 12:17:15,70145,69020.6985,0.016289338190340126
2026-03-23 12:17:50,70187,69289.16242418153,0.012957835603813417
2026-03-23 18:18:42,71028,70919.026,0.0015365975274392795
2026-03-23 18:19:16,71015,70692.86429917578,0.004556834752952219
2026-03-24 00:21:31,70753,70796.20700000001,-0.0006103010575130024
2026-03-24 00:22:05,70771,70779.96476285756,-0.0001266567861060381
2026-03-24 06:24:58,70430,70427.54850000005,3.4808822004530215e-05
2026-03-24 06:25:34,70326,70431.50029158269,-0.0014979134498899792
2026-03-24 12:18:03,71060,71116.18749999999,-0.0007900803175083797
2026-03-24 12:18:38,71047,71051.20116892768,-5.912875304804081e-05
2026-03-24 18:21:12,69402,69703.05100000004,-0.004319050539122537
2026-03-24 18:21:47,69447,69728.63837443461,-0.004039063159705549
2026-03-25 00:24:39,70615,70214.55,0.005703233873890769
2026-03-25 00:25:13,70605,70305.34230142173,0.004262232268119037
2026-03-25 06:24:51,71223,70843.34349999999,0.005359099122700384
2026-03-25 06:25:27,71202,70897.56052478215,0.004294075465564605
2026-03-25 12:17:02,71596,71394.81249999997,0.002817956836850425
2026-03-25 12:17:37,71474,71441.15086165567,0.00045980695926839345
2026-03-25 18:21:13,71010,71163.93849999996,-0.0021631531818599426
2026-03-25 18:21:48,71047,71144.26486665785,-0.0013671497883932717
2026-03-26 00:26:15,71252,71100.36450000001,0.0021326965208453945
2026-03-26 00:26:50,71275,71170.01828280419,0.0014750834653245862
2026-03-26 06:27:04,69948,70721.80149999996,-0.010941484571768979
2026-03-26 06:27:39,70001,70627.45702833997,-0.008869879430723296
2026-03-26 12:20:31,69367,69680.44849999997,-0.004498370873717462
2026-03-26 12:21:07,69381,69669.62959320603,-0.004142832320069883
2026-03-26 18:22:38,68329,69072.08299999996,-0.010758080077011078
2026-03-26 18:23:14,68310,68980.95005197926,-0.00972659917663764
2026-03-27 00:25:54,68807,68895.54799999997,-0.0012852499554828443
2026-03-27 00:26:29,68748,68854.92335444682,-0.0015528788536500469
2026-03-27 06:27:45,68793,68769.65749999997,0.00033943022037048753
2026-03-27 06:28:20,68796,68735.95416365615,0.0008735724567216523
2026-03-27 12:16:11,66664,67484.867,-0.01216371960842715
2026-03-27 12:16:47,66700,67357.48161794906,-0.009761077792045254
2026-03-27 18:19:57,65805,66035.39749999999,-0.003488999971568156
2026-03-27 18:20:32,65785,66090.63700565949,-0.00462451293415915
2026-03-28 00:24:13,66355,66103.08150000004,0.003810994802110034
2026-03-28 00:24:48,66366,66147.73273475989,0.003299693824961771
2026-03-28 06:22:04,66469,66224.41900000008,0.003693214733977779
2026-03-28 06:22:38,66435,66267.46059888165,0.0025282302898623522
2026-03-28 12:11:41,66350,66355.05700000004,-7.621122230434299e-05
2026-03-28 12:12:17,66337,66318.89094500367,0.00027306028098907385
2026-03-28 18:09:35,66888,66881.04400000004,0.00010400555350125707
2026-03-28 18:10:10,66897,66824.65443066593,0.0010826179342106133
2026-03-29 00:27:23,66362,66695.19150000004,-0.004995734962392967
2026-03-29 00:27:57,66362,66618.61487805682,-0.003851999602911939
2026-03-29 06:26:24,66653,66750.36750000008,-0.001458681107637051
2026-03-29 06:26:59,66658,66729.45097488559,-0.0010707562229529506
2026-03-29 12:10:57,66785,66677.74050000013,0.0016086252952717997
2026-03-29 12:11:31,66793,66704.89230939446,0.0013208579993933954
2026-03-29 18:10:25,66350,66508.65250000007,-0.002385441503270106
2026-03-29 18:11:00,66368,66496.55123935253,-0.0019332016015358613
2026-03-30 00:27:20,66705,66335.56850000007,0.005569131438135378
2026-03-30 00:27:55,66820,66276.45656121669,0.008201154180312293
2026-03-30 06:39:23,67323,67267.26450000003,0.000828567958192593
2026-03-30 06:39:58,67343,67229.67750735316,0.0016856022049852126
2026-03-30 12:20:35,67894,67612.36800000003,0.004165391751993785
2026-03-30 12:21:09,67879,67587.23211412373,0.0043169083383027855
2026-03-30 18:20:50,66819,67330.57100000005,-0.007597900810911793
2026-03-30 18:21:26,66846,67245.99115298272,-0.005948178413680508
2026-03-31 00:26:49,66745,66715.07250000002,0.00044858678674112397
2026-03-31 00:27:24,66774,66771.9373591264,3.089083461073103e-05
2026-03-31 06:30:31,67411,67707.93650000003,-0.004385549395675722
2026-03-31 06:31:06,67415,67536.6123030502,-0.0018006870481525965
2026-03-31 12:20:34,66743,66704.49600000001,0.0005772324552154064
2026-03-31 12:21:09,66720,66738.09138729601,-0.00027108038183201597
2026-03-31 18:20:51,67733,67387.9785,0.005119926545949179
2026-03-31 18:21:25,67777,67436.42796431118,0.005050268022337389
2026-04-01 00:29:38,67965,68120.75199999998,-0.002286410461234759
2026-04-01 00:30:13,67957,68070.06051249857,-0.0016609433229138187
2026-04-01 06:36:33,68978,68200.05499999996,0.011406808982779215
2026-04-01 06:37:07,68978,68364.74895682458,0.00897028150520549
2026-04-01 12:20:35,68646,68614.54599999999,0.0004584159166485261
2026-04-01 12:21:11,68632,68596.62010083115,0.0005157673820786986
2026-04-01 18:19:56,67996,68516.25099999997,-0.0075931037149124655
2026-04-01 18:20:31,68101,68502.04673994127,-0.005854522003755497
2026-04-02 00:24:49,68232,68201.69499999998,0.00044434379526816934
2026-04-02 00:25:24,68240,68221.81664562563,0.00026653283756460116
2026-04-02 06:27:51,66692,66676.82199999999,0.00022763532431126424
2026-04-02 06:28:26,66674,66809.6142329347,-0.002029861038590654
2026-04-02 12:20:03,66070,66458.14649999999,-0.005840465322035246
2026-04-02 12:20:38,66039,66409.34242498687,-0.0055766615277841715
2026-04-02 18:18:56,66780,66795.11499999996,-0.0002262890033195031
2026-04-02 18:19:31,66789,66795.72006103503,-0.00010060616202484152
2026-04-03 00:26:19,66863,66921.94249999998,-0.0008807649299775716
2026-04-03 00:26:54,66852,66900.74088917817,-0.0007285552974503947
2026-04-03 06:27:18,66653,66588.525,0.000968259921660764
2026-04-03 06:27:53,66635,66646.41907873162,-0.0001713382187590397
2026-04-03 12:14:29,66983,66935.37399999998,0.0007115221317806995
2026-04-03 12:15:04,66990,66905.23719324045,0.0012669083963447083
2026-04-03 19:41:27,66823,66860.5298979273,-0.0005613161903532869
2026-04-03 21:46:57,66944,66873.9335,0.001047740073492175
2026-04-03 21:58:06,66939,66884.29938352261,0.0008178394179436959
2026-04-03 22:33:11,66945,66872.9285,0.001077738056589005
2026-04-03 23:18:41,66879,66876.83499999999,3.2372943486457595e-05
2026-04-04 00:44:58,66956,66900.91610779539,0.000823365290183091
2026-04-04 01:19:59,66862,66898.56450000001,-0.0005465662869344181
2026-04-04 05:07:30,66882,66857.42036454946,0.0003676425939936033
2026-04-04 05:41:45,66913,66863.42874243057,0.0007413807293728721
2026-04-04 06:33:26,66943,66870.1315,0.0010897017601946373
2026-04-04 07:17:09,67017,66896.5595,0.0018003990175308937
2026-04-04 07:32:21,66978,66901.4135,0.0011447665451792717
2026-04-04 08:11:45,67010,66915.33699999998,0.001414668209771028
2026-04-04 13:23:50,67097,67066.4985603177,0.0004547939781717273
2026-04-04 14:44:02,67072,67110.61096249496,-0.0005753331990456516
2026-04-04 16:07:48,67370,67198.71399999992,0.0025489475884922486
2026-04-04 17:09:21,67330,67278.65989477286,0.0007630964306874568
2026-04-04 17:43:15,67350,67283.89649999992,0.0009824564782761182
2026-04-04 18:08:22,67335,67305.35299999992,0.0004404850235327427
2026-04-04 19:42:15,67341,67323.52585132082,0.00025955486523040723
2026-04-04 20:06:57,67217,67310.40264969904,-0.0013876406323868357
2026-04-04 21:08:49,67274,67296.20950866296,-0.00033002614597627623
2026-04-04 22:06:50,67363,67314.7614999999,0.0007166110214933189
2026-04-04 23:08:44,67352,67339.20185620664,0.0001900548779994713
2026-04-04 23:43:24,67291,67328.8134999999,-0.0005616243333903698
2026-04-05 00:17:35,67247,67314.0174999999,-0.0009955950110970568
2026-04-05 03:38:57,67146,67188.3952640519,-0.0006309908710467623
2026-04-05 07:25:40,66815,67022.06149999998,-0.003089452866202596
2026-04-05 07:25:41,66815,66980.95183543548,-0.0024775974495436417
2026-04-05 07:54:54,66777,66946.23108783462,-0.002527865797442485
2026-04-05 08:22:13,66901,66936.09976858596,-0.0005243772599137128
2026-04-05 08:46:19,66887,66922.19005999893,-0.000525835451101969
2026-04-05 12:09:05,66951,66985.2595302378,-0.0005114487945267725
2026-04-05 14:44:54,66932,66921.47549999996,0.00015726640695546524
2026-04-05 20:07:16,67374,67356.0865,0.0002659522090849965
2026-04-05 21:43:45,67465,67405.24100000001,0.0008865631086459718
2026-04-05 22:07:18,67689,67440.61313469129,0.0036830457755868532
2026-04-05 22:44:25,67682,67458.77299999999,0.0033090877594232782
2026-04-06 00:18:43,69247,67995.377,0.018407472025635023
2026-04-06 01:03:58,69000,68444.97295963086,0.008109098687152622
2026-04-06 03:40:17,69193,69012.8095,0.002610971808066979
2026-04-06 07:33:12,69052,69019.42548176812,0.00047196159638395575
2026-04-06 08:03:38,69166,69036.83011092583,0.0018710286794255003
2026-04-06 09:27:51,69909,69183.63849999999,0.010484581553195035
2026-04-06 09:30:25,69946,69224.69499999998,0.01041976421853534
2026-04-06 09:37:29,69939,69286.87951805544,0.009411889905860456
2026-04-06 09:55:14,69683,69248.17299999998,0.00627925591625384
2026-04-06 14:51:07,69405,69552.06099999997,-0.002114401757267444
2026-04-06 16:46:45,70178,69753.97973833924,0.0060787966973546055
2026-04-06 17:46:23,69486,69630.51399999998,-0.0020754406609720137
2026-04-06 19:47:54,69757,69721.41016954608,0.0005104576968160706
2026-04-06 21:45:23,69476,69699.24200268059,-0.003202933005670368
2026-04-06 22:09:50,69558,69687.91233349104,-0.0018642018269875188
2026-04-06 22:45:17,69308,69579.75986417038,-0.003905731561892349
2026-04-07 00:18:59,69017,69212.1312651665,-0.0028193217229349134
2026-04-07 01:02:04,68726,69193.128,-0.0067510750489556855
2026-04-07 04:48:10,68908,68796.22587176299,0.0016247130830310365
2026-04-07 05:34:50,68690,68775.38087958653,-0.0012414453906990375
2026-04-07 06:29:57,68567,68722.64916847798,-0.0022648889465304496
2026-04-07 08:25:59,68847,68685.05607976756,0.002357775176660975
2026-04-07 08:26:03,68847,68679.04250000004,0.0024455422482041783
2026-04-07 08:49:35,68925,68689.85950000004,0.003423219987805694
2026-04-07 09:25:14,69062,68789.67389420564,0.003958822456596918
2026-04-07 09:25:17,69062,68734.45150000002,0.004765419565470384
2026-04-07 09:55:14,69114,68859.38924651474,0.0036975459159790686
2026-04-07 09:55:17,69114,68766.52500000002,0.005052967268594372
2026-04-07 12:17:18,68292,68562.0157845029,-0.003938270796348644
2026-04-07 12:49:12,68319,68649.04850000006,-0.0048077651068982015
2026-04-07 16:00:47,68172,68229.46350000006,-0.0008422094657106043
2026-04-07 18:18:56,68652,68264.66900000002,0.005673959980674283
2026-04-07 20:12:40,69432,68493.73850000005,0.013698500338099502
2026-04-07 21:33:27,69718,68797.27030396668,0.013383230060804196
2026-04-07 21:33:32,69718,68664.17550000001,0.01534751553231696
2026-04-07 21:45:51,69901,68814.68554206191,0.015786084748931922
2026-04-07 21:45:55,69901,68673.31850000002,0.017877125014716982
2026-04-07 22:12:47,70253,68956.72448739136,0.018798391632503707
2026-04-07 22:12:51,70253,68753.556,0.021808966506401548
2026-04-07 22:45:23,70742,69003.31686834374,0.025197095017528152
2026-04-07 22:45:25,70742,68778.01699999999,0.028555388562598535
2026-04-07 23:13:09,71541,69314.94405875042,0.03211509395957679
2026-04-07 23:13:12,71541,68951.31100000002,0.037558227137987024
2026-04-07 23:45:18,72000,69358.68596351233,0.03808195036851183
2026-04-07 23:45:22,72000,68974.27550000002,0.043867434316145607
2026-04-08 00:19:35,72063,69617.50971160551,0.03512751746687107
2026-04-08 00:19:37,72063,69131.1575,0.04240985694475026
2026-04-08 01:02:26,71680,69782.83254962208,0.02718673606476004
2026-04-08 01:02:29,71680,69261.9155,0.034912180561913524
2026-04-08 02:17:27,71662,69942.16739813684,0.024589352401295148
2026-04-08 02:17:29,71662,69405.314,0.03251459967460131
2026-04-08 03:35:58,71426,70057.94226531117,0.019527518086499922
2026-04-08 03:36:03,71426,69527.30500000001,0.027308623568826552
2026-04-08 04:50:06,71668,70198.67233034878,0.02093098944573612
2026-04-08 04:50:09,71668,69655.7225,0.028888904282056604
2026-04-08 05:34:39,71726,70342.26104841924,0.01967151653866058
2026-04-08 05:34:43,71726,69784.19900000001,0.02782579764224265
2026-04-08 06:03:43,71693,70472.58475970174,0.017317588739786467
2026-04-08 06:03:47,71693,69958.27450000001,0.024796573563288578
2026-04-08 06:31:15,71828,70485.40856922555,0.01904779241587086
2026-04-08 06:31:18,71828,69965.00700000001,0.026627496799935823
2026-04-08 07:02:13,71704,70591.73434967667,0.015756315673074617
2026-04-08 07:02:18,71704,70127.993,0.022473293938413404
2026-04-08 08:00:43,71624,70684.22412057902,0.013295411969406817
2026-04-08 08:00:46,71624,70285.3265,0.01904627276647857
2026-04-08 08:37:55,71680,70689.51269200759,0.014011799915893361
2026-04-08 08:37:58,71680,70288.10299999999,0.019802739590226413
2026-04-08 09:24:47,71900,70810.09301803657,0.015391972182352777
2026-04-08 09:24:53,71900,70471.942,0.02026420671080704
2026-04-08 09:42:31,71900,70804.15035201667,0.015477195087224348
2026-04-08 09:42:35,71900,70471.942,0.02026420671080704
2026-04-08 09:52:40,71634,70778.78178058809,0.012082974556740142
2026-04-08 09:52:43,71634,70458.6235,0.016681797651071036
2026-04-08 10:23:10,71604,70857.37713319616,0.010536981426794177
2026-04-08 10:23:13,71604,70645.536,0.013567226668080024
2026-04-08 10:40:04,71532,70850.50570462474,0.00961876402430219
2026-04-08 10:40:07,71532,70641.9285,0.01259976219363838
2026-04-08 10:48:15,71564,70853.51999033902,0.010027448315311058
2026-04-08 10:48:19,71564,70643.511,0.013030057353746212
2026-04-08 11:20:48,71658,70925.3512939905,0.010329856569516523
2026-04-08 11:20:51,71658,70811.167,0.0119590318289769
2026-04-08 11:27:21,71627,70922.46843684764,0.009933827441154279
2026-04-08 11:27:24,71627,70809.6535,0.011542868233354646
2026-04-08 11:47:52,71549,70915.0312939905,0.008939835383859247
2026-04-08 11:47:59,71549,70805.74900000001,0.010497043114394413
2026-04-08 12:16:56,71853,71017.04975009836,0.011771120496321098
2026-04-08 12:17:01,71853,70994.44750000001,0.012093234474428307
2026-04-08 12:53:27,71983,71029.51260724122,0.013423820011705544
2026-04-08 12:53:32,71983,71000.9905,0.01383092676714137
2026-04-08 13:32:01,72219,71154.01258537124,0.014967355682871438
2026-04-08 13:32:06,72219,71182.138,0.014566322804184297
2026-04-08 14:34:12,71129,71092.64551863483,0.0005113676822680433
2026-04-08 14:34:16,71129,71281.39199999999,-0.0021378931544994598
2026-04-08 15:29:48,71159,71078.02377473887,0.0011392582539682865
2026-04-08 15:29:53,71159,71376.65099999998,-0.003049330515660976
2026-04-08 16:03:20,71356,71120.79526646709,0.0033071161908647677
2026-04-08 16:03:25,71356,71488.115,-0.0018480694308418292
2026-04-08 16:54:19,71524,71136.77431408613,0.005443396747288217
2026-04-08 16:54:24,71524,71496.504,0.00038457824455303695
2026-04-08 17:24:46,71615,71190.55337443676,0.0059621200488610675
2026-04-08 17:24:51,71615,71583.9605,0.0004336097050679244
2026-04-08 17:51:38,71888,71216.55527919866,0.009428211153558333
2026-04-08 17:51:44,71888,71597.6115,0.00405584060580011
2026-04-08 18:26:24,71333,71225.61542196234,0.0015076679562749816
2026-04-08 18:26:28,71333,71588.2605,-0.0035656754084701352
2026-04-08 18:53:10,71187,71211.74304100996,-0.00034745731466947967
2026-04-08 18:53:14,71187,71580.97750000001,-0.005503941322958437
2026-04-08 19:30:49,71122,71195.20241786975,-0.0010281931279596027
2026-04-08 19:30:54,71122,71534.215,-0.005762487223771122
2026-04-08 19:54:19,71367,71218.56241786975,0.0020842541198642303
2026-04-08 19:54:22,71367,71546.47899999999,-0.002508565096543634
2026-04-08 20:13:15,71448,71236.26266986727,0.0029723250799104017
2026-04-08 20:13:21,71448,71531.73049999999,-0.0011705364796115282
2026-04-08 20:25:27,71395,71231.19505081966,0.0022996237682587433
2026-04-08 20:25:31,71395,71529.06999999999,-0.0018743428371149303
2026-04-08 20:42:24,71329,71224.93314605775,0.0014611014618833337
2026-04-08 20:42:29,71329,71525.7825,-0.0027512107260064043
2026-04-08 20:46:17,71316,71223.64838415298,0.0012966425891145945
2026-04-08 20:46:21,71316,71525.108,-0.002923560772533093
2026-04-08 20:52:23,71330,71224.9979079625,0.00147423088973874
2026-04-08 20:52:29,71330,71525.81649999999,-0.002737703805170631
2026-04-08 20:55:27,71373,71229.09028891489,0.0020203783384203982
2026-04-08 20:55:32,71373,71527.965,-0.0021664953001248747
2026-04-08 21:11:32,71498,71255.60164911771,0.0034018146682126445
2026-04-08 21:11:38,71498,71529.7935,-0.00044447912463216837
2026-04-08 21:13:58,71568,71262.3102205463,0.00428964172656826
2026-04-08 21:14:03,71568,71533.3155,0.0004848719754923568
2026-04-08 21:16:04,71547,71260.32926816534,0.004022865664230468
2026-04-08 21:16:08,71547,71532.27549999999,0.0002058441437391598
2026-04-08 21:16:51,71547,71260.32926816534,0.004022865664230468
2026-04-08 21:16:54,71547,71532.27549999999,0.0002058441437391598
2026-04-08 21:18:25,71566,71262.1197443558,0.004264260686242967
2026-04-08 21:18:29,71566,71533.21549999999,0.0004583115657649816
2026-04-08 21:22:45,71627,71267.94355387962,0.005038119920619342
2026-04-08 21:22:48,71627,71536.27299999999,0.0012682656811043751
2026-04-08 21:34:25,71645,71269.60260149867,0.0052672862594779655
2026-04-08 21:34:30,71645,71537.144,0.0015076922836058393
2026-04-08 21:45:38,71573,71262.75117292724,0.0043535903675667575
2026-04-08 21:45:44,71573,71533.54699999999,0.0005515314374108783
2026-04-08 21:46:10,71573,71262.75117292724,0.0043535903675667575
2026-04-08 21:46:15,71573,71533.54699999999,0.0005515314374108783
2026-04-08 21:50:44,71587,71264.12545864153,0.00453067429482245
2026-04-08 21:50:47,71587,71534.26849999999,0.0007371501953641837
2026-04-08 22:13:35,71406,71274.79923485983,0.0018407735489768507
2026-04-08 22:13:40,71406,71536.20499999999,-0.001820127304768085
2026-04-08 22:45:36,71252,71260.11733009793,-0.00011391126484294418
2026-04-08 22:45:41,71252,71528.497,-0.0038655502575428505
2026-04-08 23:13:54,71140,71242.78104843025,-0.0014426872016741824
2026-04-08 23:13:57,71140,71517.5495,-0.005279116841104766
2026-04-08 23:44:57,71079,71236.98485795406,-0.0022177364506523714
2026-04-08 23:45:01,71079,71514.50649999999,-0.0060897644591868735
2026-04-09 00:15:52,71000,71214.35176392291,-0.0030099517669344373
2026-04-09 00:15:56,71000,71482.3245,-0.0067474652422642245
2026-04-09 00:53:30,70696,71185.32319249434,-0.00687393370640667
2026-04-09 00:53:36,70696,71467.08450000001,-0.010789365557510767
2026-04-09 01:33:57,70820,71164.29984503587,-0.0048380978353697495
2026-04-09 01:34:01,70820,71429.04149999999,-0.00852652488693961
2026-04-09 03:02:28,71052,71154.87595704495,-0.0014458033361909306
2026-04-09 03:02:33,71052,71373.26899999999,-0.004501251021583245
2026-04-09 04:20:05,70926,71131.15060040638,-0.002884117558548432
2026-04-09 04:20:09,70926,71331.9175,-0.0056905451896760795
2026-04-09 05:15:25,70869,71094.13549236435,-0.00316672382053977
2026-04-09 05:15:30,70869,71286.684,-0.005859214885068772
2026-04-09 06:03:08,71042,71099.28979915561,-0.0008057717498647871
2026-04-09 06:03:11,71042,71269.24100000001,-0.00318848632048725
2026-04-09 06:59:57,70978,71093.21837058419,-0.0016206661229429186
2026-04-09 07:00:01,70978,71266.05350000001,-0.0040419454404053545
2026-04-09 07:42:01,71015,71085.79925723947,-0.000995969068073214
2026-04-09 07:42:05,71015,71231.969,-0.0030459497757249604
2026-04-09 08:30:35,70995,71076.25335085996,-0.0011431856214882481
2026-04-09 08:30:39,70995,71175.5075,-0.002536090100938261
2026-04-09 08:56:48,71299,71105.22287466947,0.0027252164819464566
2026-04-09 08:56:52,71299,71190.71650000001,0.0015210339960546743
2026-04-09 09:30:33,71306,71124.29605880118,0.002554737990638262
2026-04-09 09:30:37,71306,71179.30900000001,0.001779885219172212
2026-04-09 09:58:43,71550,71147.5636778488,0.005656361249042998
2026-04-09 09:58:47,71550,71191.52450000001,0.005035367658126015
2026-04-09 10:34:01,71365,71168.29754936801,0.002763905522617542
2026-04-09 10:34:07,71365,71215.46650000001,0.002099733489774871
2026-04-09 11:21:49,71182,71163.2771022532,0.0002630977452022249
2026-04-09 11:21:54,71182,71203.49250000001,-0.00030184614890916433
2026-04-09 11:48:05,71199,71164.8571022532,0.0004797718865330395
2026-04-09 11:48:11,71199,71204.322,-7.474265396418094e-05
2026-04-09 12:18:18,71252,71173.19131110233,0.0011072805286079005
2026-04-09 12:18:21,71252,71185.9445,0.0009279289677754043
2026-04-09 12:51:04,71174,71165.76654919758,0.00011569398042989625
2026-04-09 12:51:10,71174,71182.0465,-0.00011304114444077891
2026-04-09 13:32:39,71092,71171.30431944516,-0.0011142737962088042
2026-04-09 13:32:45,71092,71150.74149999999,-0.0008255922392599265
2026-04-09 14:36:34,70620,71095.30813953378,-0.006685506427525786
2026-04-09 14:36:37,70620,71113.378,-0.0069379069575347275
2026-04-09 15:31:40,71288,71155.99979298675,0.001855081896077258
2026-04-09 15:31:45,71288,71136.413,0.002130933984540372
2026-04-09 16:20:49,72313,71338.58480553691,0.013659020530323975
2026-04-09 16:20:54,72313,71224.8755,0.015277309961742305
2026-04-09 16:26:38,72187,71326.65242458454,0.01206207702408481
2026-04-09 16:26:42,72187,71218.61099999999,0.013597414866740525
2026-04-09 16:29:06,72111,71319.38004363216,0.01109964719103751
2026-04-09 16:29:12,72111,71214.79299999999,0.012584562311372716
2026-04-09 16:32:45,72014,71310.12861506073,0.009870566756916607
2026-04-09 16:32:50,72014,71209.93599999999,0.01129145797856093
2026-04-09 16:38:21,71999,71308.75623410835,0.00967964948968622
2026-04-09 16:38:24,71999,71209.21549999999,0.01109104340575145
2026-04-09 16:42:06,71834,71293.02956744168,0.0075879849101737045
2026-04-09 16:42:12,71834,71200.959,0.008890905528393198
2026-04-09 16:49:42,71775,71287.36290077501,0.006840442392345604
2026-04-09 16:49:45,71775,71197.984,0.008104386775895273
2026-04-09 16:54:48,71887,71298.0209960131,0.008260804378004149
2026-04-09 16:54:52,71887,71203.57949999999,0.00959811999339173
2026-04-09 17:07:22,72451,71423.04265038483,0.014392516917082541
2026-04-09 17:07:26,72451,71257.22949999999,0.016752973815800872
2026-04-09 17:12:45,72490,71426.77503133721,0.014885523925675215
2026-04-09 17:12:52,72490,71259.18899999998,0.01727231276797181
2026-04-09 17:25:01,72409,71419.02645990864,0.013861481865019386
2026-04-09 17:25:07,72409,71255.121,0.016193629086672955
2026-04-09 17:50:24,72385,71416.71312657531,0.01355826712031042
2026-04-09 17:50:30,72385,71253.9065,0.015874126143525936
2026-04-09 17:54:11,72346,71413.06836467054,0.01306387831657708
2026-04-09 17:54:15,72346,71251.99299999999,0.015354054727985117
2026-04-09 18:04:46,71922,71459.90378153697,0.006466510504628259
2026-04-09 18:04:51,71922,71287.9955,0.008893566098376205
2026-04-09 18:20:37,71894,71457.27044820364,0.00611175810462746
2026-04-09 18:20:41,71894,71286.61300000001,0.00852035149993713
2026-04-09 18:48:28,71829,71451.09140058458,0.0052890528613020425
2026-04-09 18:48:34,71829,71283.369,0.007654394112601411
2026-04-09 19:10:39,72066,71515.39991451314,0.007699042250270971
2026-04-09 19:10:45,72066,71336.097,0.010231888632763378
2026-04-09 19:27:40,71851,71494.91515260837,0.004980561857183147
2026-04-09 19:27:44,71851,71325.3425,0.007369855952672098
2026-04-09 19:40:32,71905,71500.05896213219,0.0056635063487469215
2026-04-09 19:40:36,71905,71328.043,0.008088782135800289
2026-04-09 19:50:05,72177,71525.99610498933,0.009101640388972605
2026-04-09 19:50:10,72177,71341.66,0.011709007051419836
2026-04-09 19:54:15,72267,71534.56086689408,0.010238954768573772
2026-04-09 19:54:19,72267,71346.1565,0.012906700867621407
2026-04-09 19:58:26,72076,71516.35610498933,0.007825397230657059
2026-04-09 19:58:32,72076,71336.599,0.010364960067692573
2026-04-09 20:17:20,72200,71581.43309320824,0.00864144345903649
2026-04-09 20:17:25,72200,71403.8055,0.011150589165727276
2026-04-09 20:47:09,72356,71596.35690273205,0.010610080318751032
2026-04-09 20:47:14,72356,71411.64050000001,0.0132241675641101
2026-04-09 21:15:31,72314,71667.69792530673,0.009018038717622285
2026-04-09 21:15:34,72314,71482.60900000001,0.01163067509189527
2026-04-09 21:46:29,72397,71675.6207824496,0.010064499053868563
2026-04-09 21:46:33,72397,71486.7685,0.012732866782193328
2026-04-09 22:14:35,72487,71740.36947053752,0.010407397326955557
2026-04-09 22:14:41,72487,71549.87049999999,0.013097570875407945
2026-04-09 22:45:36,72307,71723.2561372042,0.008138836609413285
2026-04-09 22:45:41,72307,71540.886,0.010708757506861202
2026-04-09 23:15:46,71764,71698.84145597719,0.0009087809886414314
2026-04-09 23:15:50,71764,71561.149,0.00283465264091826
2026-04-09 23:44:53,71860,71707.97955121528,0.002119993475428299
2026-04-09 23:44:58,71860,71565.94649999999,0.004108846656559054
2026-04-10 00:18:13,71724,71707.14169349044,0.0002350994072754881
2026-04-10 00:18:17,71724,71611.4855,0.0015711795281778476
2026-04-10 01:01:56,71950,71744.383563949,0.002865958641455549
2026-04-10 01:02:00,71950,71667.811,0.0039374580590999
2026-04-10 02:17:25,72259,71814.16767913973,0.006194213972481643
2026-04-10 02:17:30,72259,71743.89249999999,0.007179809765688597
2026-04-10 03:40:12,71926,71799.69725259939,0.0017590986067289567
2026-04-10 03:40:18,71926,71775.365,0.002098700577837462
2026-04-10 04:57:24,72104,71821.87156543642,0.0039281687933533475
2026-04-10 04:57:29,72104,71811.661,0.004070912661385276
2026-04-10 05:45:10,72204,71858.24102684757,0.004811681558184161
2026-04-10 05:45:14,72204,71844.34650000001,0.005006009763064457
2026-04-10 06:35:15,71943,71856.60870834264,0.0012022734333039951
2026-04-10 06:35:21,71943,71871.295,0.0009976862111640225
2026-04-10 06:48:58,71960,71858.1696607236,0.0014171017680689008
2026-04-10 06:49:03,71960,71872.1145,0.0012228038733993832
2026-04-10 07:32:36,71713,71831.60194393106,-0.0016511109417222543
2026-04-10 07:32:40,71713,71890.4225,-0.0024679573972457955
2026-04-10 08:30:30,71641,71790.86825374467,-0.0020875670874318437
2026-04-10 08:30:34,71641,71893.3425,-0.0035099564330313177
2026-04-10 08:57:48,71538,71781.04920612564,-0.0033859801272575437
2026-04-10 08:57:52,71538,71888.1875,-0.00487128013903536
2026-04-10 09:33:16,71775,71780.49906610357,-7.660947158511354e-05
2026-04-10 09:33:22,71775,71936.02149999999,-0.0022383987415816155
2026-04-10 10:21:59,71751,71775.73451416877,-0.0003446083044108251
2026-04-10 10:22:05,71751,71966.84700000001,-0.0029992560324340572
2026-04-10 10:47:29,71830,71783.31927607354,0.0006503004374446542
2026-04-10 10:47:33,71830,71970.829,-0.001956751116483567
2026-04-10 11:18:41,72122,71823.43138212276,0.004156980697410124
2026-04-10 11:18:47,72122,71975.0615,0.0020415196171802348
2026-04-10 11:47:05,72146,71825.73995355133,0.0044588478539278895
2026-04-10 11:47:08,72146,71976.2735,0.002358089572392273
2026-04-10 12:15:19,72123,71855.32588703437,0.003725181253599027
2026-04-10 12:15:24,72123,71979.99500000001,0.0019867325636795346
2026-04-10 12:52:30,72373,71879.07064893915,0.006871671358596576
2026-04-10 12:52:35,72373,71992.46100000001,0.005285817358014608
2026-04-10 13:31:47,72290,71909.13331308463,0.005296499476041729
2026-04-10 13:31:50,72290,71985.31100000002,0.004232655187111491
2026-04-10 14:23:51,72957,72013.3190751227,0.013104255393268002
2026-04-10 14:23:56,72957,72040.9195,0.01271611337498262
2026-04-10 14:46:43,72859,72004.06097988461,0.011873483363031803
2026-04-10 14:46:48,72859,72036.05900000001,0.011424014742394382
2026-04-10 15:17:11,73011,72101.97199495438,0.012607533190759792
2026-04-10 15:17:15,73011,72083.98300000001,0.012860235539426178
2026-04-10 15:47:25,72664,72068.86056638295,0.00825792761172994
2026-04-10 15:47:31,72664,72066.59950000001,0.008289561379956449
2026-04-10 16:17:40,72699,72104.02419723714,0.008251631020417498
2026-04-10 16:17:43,72699,72067.5915,0.008761337611789136
2026-04-10 16:47:06,72780,72111.81086390381,0.009266015207373704
2026-04-10 16:47:12,72780,72071.6795,0.009828000470004332
2026-04-10 17:17:09,72856,72199.71290123876,0.009089885158670489
2026-04-10 17:17:13,72856,72111.7445,0.010320863892011367
2026-04-10 17:46:44,72931,72206.83766314352,0.010028999472803524
2026-04-10 17:46:49,72931,72115.48499999999,0.011308458925292038
2026-04-10 18:16:20,73153,72311.5924473273,0.011635859814394044
2026-04-10 18:16:26,73153,72182.664,0.013442784544499433
2026-04-10 18:47:04,72988,72295.78959018445,0.009574698799742208
2026-04-10 18:47:08,72988,72174.36750000001,0.011273150402045328
2026-04-10 19:19:24,73158,72387.6993951687,0.010641319053754978
2026-04-10 19:19:28,73158,72246.37000000002,0.012618350236835087
2026-04-10 19:46:12,72945,72367.37272850204,0.007981874285598559
2026-04-10 19:46:16,72945,72235.69850000001,0.009819265470243728
2026-04-10 20:10:31,73172,72460.36548489565,0.009821017467165408
2026-04-10 20:10:37,73172,72309.41299999999,0.011929110806085707
2026-04-10 20:45:25,73188,72461.89881822899,0.01002045479918264
2026-04-10 20:45:28,73188,72310.21799999998,0.012139114281193584
2026-04-10 21:11:00,73216,72547.84071557011,0.009209912767072712
2026-04-10 21:11:04,73216,72369.6705,0.011694533001915591
2026-04-10 21:45:41,73044,72531.45500128441,0.007066520293940218
2026-04-10 21:45:47,73044,72361.068,0.00943783748465405
2026-04-10 22:11:02,73163,72603.09001385569,0.007711930525786933
2026-04-10 22:11:07,73163,72427.4965,0.010155031383695641
2026-04-10 22:44:57,72854,72573.69763290332,0.0038623134308867924
2026-04-10 22:45:01,72854,72412.0655,0.0061030506028032444
2026-04-10 23:11:03,72879,72606.89930236057,0.0037475873540103225
2026-04-10 23:11:07,72879,72466.095,0.005697906034539309
2026-04-10 23:45:04,72912,72610.09168331296,0.004157938789057116
2026-04-10 23:45:08,72912,72467.771,0.006130021578834082
2026-04-11 00:17:21,72876,72639.44917298786,0.003256506343389242
2026-04-11 00:17:25,72876,72508.698,0.005065626747290318
2026-04-11 00:58:39,72831,72635.23774441643,0.0026951416648817693
2026-04-11 00:58:43,72831,72506.48700000001,0.004475640917480828
2026-04-11 01:42:00,72870,72658.4790524744,0.002911166739023482
2026-04-11 01:42:06,72870,72545.988,0.004466297984665981
2026-04-11 03:01:41,72943,72715.60895364234,0.0031271284065382387
2026-04-11 03:01:44,72943,72680.67749999999,0.0036092467630067064
2026-04-11 04:17:09,72768,72712.82203420268,0.0007588478105191574
2026-04-11 04:17:13,72768,72737.69399999999,0.0004166477974956343
2026-04-11 05:06:51,72788,72724.92889847397,0.0008672555955892414
2026-04-11 05:06:55,72788,72792.32,-5.9346920114745406e-05
2026-04-11 05:50:46,72813,72727.39937466444,0.001177006548722807
2026-04-11 05:50:50,72813,72793.617,0.0002662733464666501
2026-04-11 06:21:55,72734,72728.0372674101,8.198671123189294e-05
2026-04-11 06:22:01,72734,72834.213,-0.0013759055788795764
2026-04-11 06:48:13,72719,72726.56488645771,-0.00010401820118300989
2026-04-11 06:48:18,72719,72833.44,-0.0015712562800823677
2026-04-11 07:22:37,72771,72730.75570692222,0.0005533325301877181
2026-04-11 07:22:40,72771,72863.967,-0.0012758981404348212
2026-04-11 07:47:17,72771,72730.75570692222,0.0005533325301877181
2026-04-11 07:47:21,72771,72863.967,-0.0012758981404348212
2026-04-11 08:12:16,72797,72731.69024721986,0.0008979545581596077
2026-04-11 08:12:20,72797,72887.3235,-0.00123922097372664
2026-04-11 08:46:02,72687,72721.207390077,-0.00047039084339615023
2026-04-11 08:46:07,72687,72881.81999999999,-0.0026730946071323747
2026-04-11 09:14:38,72647,72711.94688268096,-0.000893207862880511
2026-04-11 09:14:43,72647,72895.8355,-0.0034135763489534466
2026-04-11 09:45:45,72818,72728.25259696667,0.0012340101656322243
2026-04-11 09:45:51,72818,72904.39600000001,-0.001185058854338604
2026-04-11 10:10:23,72885,72751.11604387837,0.0018403010620604175
2026-04-11 10:10:26,72885,72909.1245,-0.00033088451089555127
2026-04-11 10:44:48,72825,72745.41604387837,0.0010940064742172057
2026-04-11 10:44:53,72825,72906.13200000001,-0.0011128282049034275
2026-04-11 11:09:18,72892,72755.29419255083,0.0018789808902066399
2026-04-11 11:09:23,72892,72929.573,-0.0005151956669210713
2026-04-11 11:42:11,72835,72749.83133540797,0.0011707060075419704
2026-04-11 11:42:18,72835,72926.70500000002,-0.0012574954538260884
2026-04-11 12:08:38,72938,72771.87088209679,0.0022828754557151715
2026-04-11 12:08:42,72938,72927.09150000001,0.00014958090026105666
2026-04-11 12:47:02,72925,72770.65183447774,0.002121022165272521
2026-04-11 12:47:05,72925,72926.45150000001,-1.9903614808546222e-05
2026-04-11 13:24:45,72641,72757.67483602409,-0.0016036086404223639
2026-04-11 13:24:48,72641,72903.16799999999,-0.00359611258594401
2026-04-11 13:48:01,72630,72756.62531221457,-0.0017403956226830872
2026-04-11 13:48:06,72630,72902.617,-0.0037394679535303703
2026-04-11 14:12:24,72717,72757.48481749315,-0.0005564350883583617
2026-04-11 14:12:27,72717,72886.09150000001,-0.0023199419329545134
2026-04-11 14:44:48,72663,72752.33624606459,-0.001227950203034478
2026-04-11 14:44:53,72663,72883.3885,-0.0030238509012242335
2026-04-11 15:10:18,72696,72753.29487311617,-0.000787522726167908
2026-04-11 15:10:22,72696,72865.13,-0.0023211376964537723
2026-04-11 15:43:41,72771,72760.4443969257,0.00014507337278919614
2026-04-11 15:43:46,72771,72868.88350000001,-0.0013432825548920454
2026-04-11 16:08:15,72838,72772.29331150047,0.0009029080369677645
2026-04-11 16:08:21,72838,72845.7675,-0.0001066293933961468
2026-04-11 16:45:10,73195,72806.30950197666,0.005338692493578249
2026-04-11 16:45:14,73195,72863.626,0.004547865899509258
2026-04-11 17:10:38,73024,72819.00041657753,0.002815193593014486
2026-04-11 17:10:44,73024,72851.30249999999,0.002370547870437997
2026-04-11 17:43:18,73144,72830.44708324419,0.004305244980817238
2026-04-11 17:43:22,73144,72857.312,0.00393492419813669
2026-04-11 18:09:04,73079,72849.41778362928,0.003151462610896961
2026-04-11 18:09:09,73079,72863.39899999999,0.0029589753286147096
2026-04-11 18:45:56,73470,72886.60159315309,0.008004192733575308
2026-04-11 18:45:59,73470,72882.9205,0.008055103938926366
2026-04-11 19:15:33,73599,72959.65849934146,0.008762945356498793
2026-04-11 19:15:38,73599,72917.9195,0.009340372087823985
2026-04-11 19:43:18,73649,72964.46516600813,0.009381756344467449
2026-04-11 19:43:21,73649,72920.443,0.00999112141981914
2026-04-11 20:06:33,73548,73022.89139399256,0.007191013612077329
2026-04-11 20:06:39,73548,72957.37999999999,0.008095411320965884
2026-04-11 20:44:39,73329,73001.9885368497,0.004479487061989099
2026-04-11 20:44:44,73329,72946.40599999999,0.005244864291189506
2026-04-11 21:09:01,73413,73038.3278215293,0.005129802251034877
2026-04-11 21:09:05,73413,72968.39300000001,0.006093145014170574
2026-04-11 21:43:59,73487,73045.40496438644,0.006045486856139129
2026-04-11 21:44:03,73487,72972.1085,0.007056004144377956
2026-04-11 22:06:52,73510,73087.77448937144,0.005776964938095906
2026-04-11 22:06:57,73510,72999.3585,0.006995150512178787
2026-04-11 22:44:15,73348,73072.3792512762,0.003771886881854681
2026-04-11 22:44:21,73348,72991.276,0.004887214192556409
2026-04-11 23:09:19,73000,73067.90724858869,-0.0009293717467185017
2026-04-11 23:09:23,73000,73000.00749999999,-1.0273971536828959e-07
2026-04-11 23:45:02,73087,73076.1691533506,0.0001482131148210145
2026-04-11 23:45:08,73087,73004.345,0.001132192885231678
2026-04-12 00:19:20,72977,73063.80896357691,-0.0011881253497225829
2026-04-12 00:19:26,72977,73010.215,-0.00045493634007236536
2026-04-12 01:06:33,73000,73067.23131715695,-0.0009201295292705073
2026-04-12 01:06:37,73000,73025.01550000001,-0.0003425606941501931
2026-04-12 02:17:23,71921,72845.16219831753,-0.012686665393118902
2026-04-12 02:17:28,71921,72919.608,-0.013694643010148834
2026-04-12 03:42:19,71661,72722.25107264803,-0.014593209877233546
2026-04-12 03:42:22,71661,72861.37,-0.016474710810406055
2026-04-12 04:58:12,71469,72602.09476940303,-0.015606915654457909
2026-04-12 04:58:17,71469,72801.29299999999,-0.018300402988721515
2026-04-12 05:41:44,71661,72512.43574001174,-0.011741927178732589
2026-04-12 05:41:48,71661,72738.8155,-0.014817611375593504
2026-04-12 06:31:01,71688,72439.30387714932,-0.010371494988735134
2026-04-12 06:31:04,71688,72687.45300000001,-0.013750007171113954
2026-04-12 06:59:32,71672,72437.81530572075,-0.010572037581319391
2026-04-12 06:59:38,71672,72686.67150000001,-0.013959526266105212
2026-04-12 07:38:08,71651,72362.91828092547,-0.009838164322805222
2026-04-12 07:38:14,71651,72625.10300000002,-0.01341275894644882
2026-04-12 08:16:31,71546,72288.02466326728,-0.0102648352437874
2026-04-12 08:16:34,71546,72558.16300000002,-0.013949677860505024
2026-04-12 08:46:21,71720,72304.56656802919,-0.008084780751423007
2026-04-12 08:46:25,71720,72566.84750000002,-0.011669895126697048
2026-04-12 09:16:53,71560,72225.09999688687,-0.00920870994869566
2026-04-12 09:16:58,71560,72505.70449999999,-0.013043173727109881
2026-04-12 09:46:10,71624,72231.16475879162,-0.008405855849330216
2026-04-12 09:46:16,71624,72508.8885,-0.012203862427156098
2026-04-12 10:14:04,71662,72170.88601774503,-0.007051126095637839
2026-04-12 10:14:07,71662,72451.651,-0.010899006290415632
2026-04-12 10:45:13,71649,72169.69173203074,-0.007214825497164262
2026-04-12 10:45:19,71649,72451.024,-0.011069878046168193
2026-04-12 11:12:36,71449,72085.5882341641,-0.008831005610943935
2026-04-12 11:12:41,71449,72373.376,-0.012772321136435639
2026-04-29 08:16:40,77043,76758.65231774785,0.003704438179491097
2026-04-29 08:16:44,77043,76536.555,0.006617034174062408
2026-05-01 00:28:45,76523,76290.64825202846,0.003045612447858044
2026-05-01 00:28:49,76523,76234.71599999999,0.0037815317630358098
2026-05-01 01:20:20,76617,76312.23292499142,0.003993685721503424
2026-05-01 01:20:25,76617,76279.25149999998,0.004427789908242822
2026-05-01 02:18:42,76695,76354.83474022857,0.004455058555607176
2026-05-01 02:18:47,76695,76329.504,0.00478839741969238
2026-05-01 03:45:31,77164,76417.55048199385,0.009768037751773189
2026-05-01 03:45:36,77164,76373.543,0.010349879931588283
2026-05-01 05:16:00,77173,76538.25441273495,0.008293180869296556
2026-05-01 05:16:06,77173,76469.39600000002,0.009201118837135543
2026-05-01 06:29:22,77155,76598.2323552256,0.007268674846077155
2026-05-01 06:29:27,77155,76526.319,0.008215225927696808
2026-05-01 07:21:17,77069,76638.89108829397,0.0056121494661308955
2026-05-01 07:21:20,77069,76573.80500000002,0.006466898177516159
2026-05-01 08:15:35,77237,76699.83659262913,0.007003449175829035
2026-05-01 08:15:38,77237,76621.83350000001,0.008028605841179617
2026-05-01 09:08:46,77348,76774.24007685205,0.007473339007636064
2026-05-01 09:08:50,77348,76674.6615,0.008781760321172047
2026-05-01 10:03:32,77251,76811.29966592276,0.005724422526238126
2026-05-01 10:03:37,77251,76713.078,0.007012129014038597
2026-05-01 10:56:01,77270,76813.13014211324,0.005947809405000161
2026-05-01 10:56:07,77270,76714.03899999999,0.007247187180432649
2026-05-01 11:25:18,77434,76877.13374280903,0.007243587658379039
2026-05-01 11:25:21,77434,76763.24299999999,0.008737997168775328
2026-05-01 11:48:53,77410,76874.90136185665,0.006960641622479518
2026-05-01 11:48:58,77410,76762.071,0.008440744127395986
2026-05-01 12:18:39,77655,76953.93001067192,0.009110255827491327
2026-05-01 12:18:42,77655,76834.3655,0.010680565846541677
2026-05-01 12:48:22,78025,76989.18620114811,0.013454016725746866
2026-05-01 12:48:27,78025,76852.875,0.015251543940288506
2026-05-01 13:30:44,78245,77103.98213352144,0.014798429794490458
2026-05-01 13:30:49,78245,76948.2415,0.016852347431487388
2026-05-01 14:03:59,78674,77293.79122692344,0.017856657710377657
2026-05-01 14:04:05,78674,77087.3875,0.0205819985792099
2026-05-01 14:47:37,78197,77248.36265549486,0.012280355361521236
2026-05-01 14:47:42,78197,77063.5375,0.01470815559174135
2026-05-01 15:23:14,78500,77379.53877237158,0.014480071158403936
2026-05-01 15:23:20,78500,77174.3695,0.017177082347268148
2026-05-01 15:48:06,78655,77394.34067713348,0.016288779151509496
2026-05-01 15:48:09,78655,77182.1405,0.01908290558487434
2026-05-01 16:20:24,78356,77469.8378974202,0.011438801559817175
2026-05-01 16:20:30,78356,77263.957,0.014133925343740875
2026-05-01 16:47:46,78213,77456.22075456307,0.009770412732050971
2026-05-01 16:47:49,78213,77256.80799999999,0.01237679920713279
2026-05-01 17:21:52,78332,77543.80342828028,0.010164533294381333
2026-05-01 17:21:55,78332,77361.9335,0.012539325946397149
2026-05-01 17:48:15,78428,77552.92057113742,0.011283642478169308
2026-05-01 17:48:20,78428,77366.72,0.013717526088736847
2026-05-01 18:22:02,78607,77662.77025596095,0.012158074466402134
2026-05-01 18:22:06,78607,77491.4555,0.014395709730861923
2026-05-01 18:51:38,78442,77647.13882738951,0.010236837887581047
2026-05-01 18:51:44,78442,77483.24899999998,0.012373655110926217
2026-05-01 19:30:06,78463,77723.53366263692,0.009514059674290776
2026-05-01 19:30:11,78463,77589.28399999999,0.011260781836832198
2026-05-01 19:55:08,78360,77713.73175787502,0.008316010922477527
2026-05-01 19:55:12,78360,77584.13799999999,0.01000026577597612
2026-05-01 20:18:00,78286,77774.12845812085,0.006581514341941905
2026-05-01 20:18:03,78286,77681.23149999998,0.007785258914182125
2026-05-01 20:46:57,78003,77747.15226764466,0.0032907666055032063
2026-05-01 20:47:00,78003,77667.06899999999,0.00432526943948421
2026-05-01 21:17:00,77974,77759.87915020462,0.0027536160309839437
2026-05-01 21:17:03,77974,77726.17799999999,0.0031883981224448566
2026-05-01 21:48:27,78149,77776.57057877604,0.004788452595074846
2026-05-01 21:48:33,78149,77734.94099999999,0.005326549357000328
2026-05-01 22:16:23,78329,77832.54131543028,0.006378549077020779
2026-05-01 22:16:28,78329,77826.9495,0.006450856717697737
2026-05-01 22:46:38,78224,77822.5527440017,0.005158495087135767
2026-05-01 22:46:44,78224,77821.7055,0.005169438235968802
2026-05-01 23:17:23,78145,77848.76608639843,0.0038052486698735566
2026-05-01 23:17:28,78145,77870.975,0.003518961975241663
2026-05-01 23:46:52,78118,77846.2108483032,0.003491360064093832
2026-05-01 23:46:55,78118,77869.6335,0.0031895167453177206
2026-05-02 00:26:02,78333,77902.65648024918,0.0055241186782883115
2026-05-02 00:26:05,78333,77940.4095,0.005037059755248088
2026-05-02 01:10:22,78366,77948.39039803224,0.00535751411716523
2026-05-02 01:10:27,78366,78000.2435,0.004689171258805149
2026-05-02 02:18:00,78306,77978.92285312197,0.004194430173062266
2026-05-02 02:18:03,78306,78058.17399999998,0.003174888513277489
2026-05-02 03:43:20,78434,78026.71937416912,0.00521975842503146
2026-05-02 03:43:27,78434,78126.63849999999,0.003934144689970422
2026-05-02 05:02:01,78163,78055.93777948654,0.0013716089199506522
2026-05-02 05:02:06,78163,78213.93499999998,-0.0006512266644042795
2026-05-02 06:14:42,78230,78076.44834599273,0.0019666833886553487
2026-05-02 06:14:46,78230,78261.36849999998,-0.0004008171669012191
2026-05-02 07:08:35,78332,78109.39922604714,0.002849858994673038
2026-05-02 07:08:40,78332,78309.7115,0.0002846198711892216
2026-05-02 08:03:09,78191,78107.98400365295,0.0010628362440281143
2026-05-02 08:03:15,78191,78315.4305,-0.0015888375918459926
2026-05-02 08:53:25,78336,78121.81257508152,0.0027417108981262405
2026-05-02 08:53:28,78336,78322.6905,0.00016993159855767503
2026-05-02 09:25:08,78313,78139.99506919712,0.0022140381586878504
2026-05-02 09:25:14,78313,78302.717,0.00013132366786194416
2026-05-02 09:49:56,78333,78141.91887872093,0.0024453087922711118
2026-05-02 09:50:00,78333,78303.727,0.00037383916604634984
2026-05-02 10:19:24,78317,78158.62410711982,0.002026339315583683
2026-05-02 10:19:30,78317,78302.79699999999,0.00018138560235605143
2026-05-02 10:46:47,78240,78151.30791664362,0.0011348765071337939
2026-05-02 10:46:51,78240,78298.95599999999,-0.0007529602310405141
2026-05-02 11:16:39,78190,78157.90469392785,0.0004106469614025464
2026-05-02 11:16:42,78190,78286.69849999998,-0.001235184288681992
2026-05-02 11:45:56,78137,78152.88850345166,-0.00020330027150506784
2026-05-02 11:46:02,78137,78284.06499999999,-0.0018786070958372921
2026-05-02 12:16:24,78123,78149.3357301137,-0.0003369923732256649
2026-05-02 12:16:29,78123,78276.764,-0.0019643632687727816
2026-05-02 12:47:41,78235,78160.03668249465,0.0009591003367854777
2026-05-02 12:47:45,78235,78282.382,-0.0006052702892969939
2026-05-02 13:30:26,78320,78174.36797714129,0.0018629126992276744
2026-05-02 13:30:31,78320,78270.92300000001,0.000627014453374853
2026-05-02 13:59:55,78359,78178.12416761747,0.0023136374057111594
2026-05-02 13:59:58,78359,78272.895,0.0011000615219354786
2026-05-02 14:27:58,78456,78204.53608838316,0.0032154645266694905
2026-05-02 14:28:03,78456,78274.31599999998,0.0023211189734321405
2026-05-02 14:48:36,78400,78199.24370743078,0.00256724084596411
2026-05-02 14:48:40,78400,78271.53749999999,0.0016412415560382821
2026-05-02 15:15:45,78444,78225.75283656878,0.0027899656509179486
2026-05-02 15:15:50,78444,78274.15600000002,0.002169860509259055
2026-05-02 15:45:50,78448,78226.15474133068,0.002835947381063138
2026-05-02 15:45:53,78448,78274.36700000001,0.0022182613115221623
2026-05-02 16:15:53,78553,78257.99249313535,0.0037696789486458175
2026-05-02 16:15:57,78553,78307.4445,0.0031357874282310697
2026-05-02 16:46:13,78429,78246.19439789726,0.0023362874515422665
2026-05-02 16:46:17,78429,78301.2505,0.0016315128964639635
2026-05-02 17:16:59,78433,78268.34431796677,0.0021037327858158894
2026-05-02 17:17:03,78433,78316.03349999999,0.0014935192038295652
2026-05-02 17:45:38,78431,78268.10050844296,0.0020813012006016957
2026-05-02 17:45:42,78431,78315.90550000001,0.001469618454452933
2026-05-02 18:16:58,78334,78272.19293742157,0.0007896426592755081
2026-05-02 18:17:04,78334,78322.7495,0.00014364281223292147
2026-05-02 18:47:22,78401,78278.56531837395,0.0015640894940790748
2026-05-02 18:47:24,78401,78326.095,0.0009563224108133929
2026-05-02 19:22:22,78448,78299.23717584209,0.0018999268642147895
2026-05-02 19:22:25,78448,78339.369,0.001386671878860729
2026-05-02 19:47:40,78479,78302.21241393733,0.0022577597824196246
2026-05-02 19:47:43,78479,78340.93100000001,0.0017624120397546537
2026-05-02 20:13:08,78447,78314.87252110873,0.0016871313792365223
2026-05-02 20:13:14,78447,78345.03650000002,0.0013014672601497027
2026-05-02 20:45:30,78435,78313.67823539444,0.0015491771978949664
2026-05-02 20:45:34,78435,78344.40950000001,0.0011563109681743296
2026-05-02 21:14:15,78463,78330.31029215458,0.001693976537952133
2026-05-02 21:14:19,78463,78352.6855,0.0014079223870379417
2026-05-02 21:46:39,78867,78368.7779112022,0.006357405360618579
2026-05-02 21:46:45,78867,78372.88100000001,0.006304719103027379
2026-05-02 22:12:52,78774,78395.56133140824,0.00482729713474402
2026-05-02 22:12:58,78774,78386.82750000001,0.0049392546215751105
2026-05-02 22:45:32,78668,78385.46514093205,0.003604429195641947
2026-05-02 22:45:39,78668,78381.52700000002,0.0036548535217996395
2026-05-02 23:15:15,78756,78436.25561792657,0.004076487072903515
2026-05-02 23:15:19,78756,78405.398,0.004471656403045093
2026-05-02 23:45:34,78713,78432.17466554562,0.0035804863967101083
2026-05-02 23:45:38,78713,78403.2555,0.003950658656004414
2026-05-03 00:25:55,78616,78446.46802236966,0.002161116770508945
2026-05-03 00:26:00,78616,78422.5445,0.002466835286121026
2026-05-03 01:17:16,78374,78433.47601819002,-0.0007582988949288266
2026-05-03 01:17:21,78374,78427.282,-0.0006793809327729414
2026-05-03 02:18:21,78173,78399.7000215065,-0.002891592970946539
2026-05-03 02:18:25,78173,78414.21,-0.0030761006200280073
2026-05-03 03:44:58,78196,78380.86322215796,-0.002358524958241349
2026-05-03 03:45:02,78196,78413.0855,-0.002768485624762222
2026-05-03 05:07:48,78241,78349.44286173634,-0.0013840923148325931
2026-05-03 05:07:54,78241,78400.25450000001,-0.002031300804004533
2026-05-03 06:19:33,78160,78331.34190398494,-0.0021873990642846744
2026-05-03 06:19:39,78160,78394.486,-0.002991103226316254
2026-05-03 07:16:34,78376,78347.81120804239,0.0003597904207273825
2026-05-03 07:16:37,78376,78413.9095,-0.0004834537678547235
2026-05-03 08:12:50,78449,78355.29898355987,0.001195847857842887
2026-05-03 08:12:54,78449,78423.86750000001,0.0003204700405777926
2026-05-03 09:01:46,78415,78358.01928380929,0.0007271842334902149
2026-05-03 09:01:50,78415,78424.9345,-0.00012667527315567
2026-05-03 09:54:47,78506,78366.71928380929,0.0017772942068213758
2026-05-03 09:54:53,78506,78429.50200000001,0.000975372762152593
2026-05-03 10:21:19,78468,78379.1930543838,0.0011330423567206876
2026-05-03 10:21:23,78468,78432.68549999999,0.00045025233771968305
2026-05-03 10:47:27,78441,78376.62829247904,0.0008213125382319367
2026-05-03 10:47:31,78441,78431.339,0.00012317780268921306
2026-05-03 11:15:27,78532,78391.4075980142,0.0017934669920299802
2026-05-03 11:15:30,78532,78435.10449999999,0.0012353588436924093
2026-05-03 11:45:28,78733,78410.5533122999,0.0041122868552633364
2026-05-03 11:45:32,78733,78445.15599999999,0.003669366149262447
2026-05-03 12:15:18,78861,78453.12833214247,0.005198921655880267
2026-05-03 12:15:21,78861,78464.0265,0.0050593057443973095
2026-05-03 12:47:47,78789,78446.24737976152,0.004369267258626107
2026-05-03 12:47:53,78789,78460.41400000002,0.004187920802966717
2026-05-03 13:30:27,78663,78463.9818749374,0.0025364265272672087
2026-05-03 13:30:33,78663,78471.6305,0.0024387093626148204
2026-05-03 14:00:29,78707,78488.15750907325,0.002788223062841684
2026-05-03 14:00:34,78707,78484.888,0.002829997030765893
2026-05-03 14:27:31,78673,78484.9346519304,0.0023961967848179886
2026-05-03 14:27:36,78673,78483.196,0.0024184030426080473
2026-05-03 14:48:14,78708,78488.24322335896,0.002799868714294699
2026-05-03 14:48:21,78708,78484.93299999999,0.0028421633487284758
2026-05-03 15:15:09,78764,78520.05669711271,0.0031067642223984574
2026-05-03 15:15:13,78764,78503.075,0.0033237551522663656
2026-05-03 15:46:19,78708,78514.650982827,0.0024625851959181933
2026-05-03 15:46:23,78708,78500.237,0.002646654429845942
2026-05-03 16:16:37,78633,78521.55092619665,0.0014193437659949112
2026-05-03 16:16:41,78633,78506.2335,0.0016147316505764845
2026-05-03 16:46:35,78735,78531.24425952998,0.002594581843076984
2026-05-03 16:46:39,78735,78511.3225,0.0028489839793490327
2026-05-03 17:17:16,78717,78546.43899805202,0.0021714670215948182
2026-05-03 17:17:23,78717,78509.2555,0.00264611476286386
2026-05-03 17:46:19,78783,78552.7494742425,0.002931158072741872
2026-05-03 17:46:25,78783,78512.5685,0.0034444357784576374
2026-05-03 18:17:21,78684,78560.29347615426,0.0015746698283821035
2026-05-03 18:17:25,78684,78501.4725,0.002325147467775162
2026-05-03 18:47:13,78715,78563.27633329711,0.0019312288614239932
2026-05-03 18:47:19,78715,78503.03850000001,0.002700041986272803
2026-05-03 19:22:59,78705,78580.83352087135,0.0015801115051250591
2026-05-03 19:23:03,78705,78506.9,0.002523345081769957
2026-05-03 19:47:38,78767,78586.68971134754,0.0022944125692880737
2026-05-03 19:47:42,78767,78509.9745,0.0032737942106961632
2026-05-03 20:12:45,78764,78605.77644772523,0.0020128743640104823
2026-05-03 20:12:50,78764,78522.11649999999,0.0030804505887205786
2026-05-03 20:45:45,79028,78630.74597153476,0.005052146250895871
2026-05-03 20:45:50,79028,78535.22549999999,0.006274566563764615
2026-05-03 21:15:18,79009,78658.29195993522,0.0044586277088678305
2026-05-03 21:15:21,79009,78567.31400000001,0.0056217525776684546
2026-05-03 21:45:27,78648,78623.93386469712,0.0003060917219469023
2026-05-03 21:45:31,78648,78549.27600000001,0.0012568416289411427
2026-05-03 22:13:33,79172,78692.68316307204,0.006090996235757879
2026-05-03 22:13:36,79172,78608.482,0.0071686666077586435
2026-05-03 22:45:34,79291,78704.01554402443,0.007458125889996467
2026-05-03 22:45:39,79291,78614.4315,0.008606161579887452
2026-05-03 23:15:31,79079,78731.03265713688,0.004419697432122764
2026-05-03 23:15:35,79079,78653.14200000002,0.005414380012943135
2026-05-03 23:45:57,78534,78679.13265713688,-0.0018446143498980186
2026-05-03 23:46:02,78534,78625.89450000001,-0.0011687561786659154
2026-05-04 00:26:08,78311,78646.87806462665,-0.004270710712135979
2026-05-04 00:26:14,78311,78634.876,-0.0041187322531036205
2026-05-04 01:14:54,78480,78653.29746372216,-0.0022033083076026722
2026-05-04 01:14:58,78480,78659.854,-0.0022864776738589754
2026-05-04 02:18:09,79868,78877.2478897998,0.01256068304493073
2026-05-04 02:18:14,79868,78800.962,0.013540926061283369
2026-05-04 03:44:54,79995,79011.7732627931,0.012444053545497482
2026-05-04 03:44:58,79995,78899.46599999999,0.013885189032838504
2026-05-04 05:08:29,80362,79276.23306933764,0.013695995491015692
2026-05-04 05:08:32,80362,79100.76849999999,0.01594461752922172
2026-05-04 06:28:45,79651,79284.83740448115,0.004618318048012478
2026-05-04 06:28:50,79651,79145.52649999998,0.0063866338674242315
2026-05-04 07:35:38,79855,79359.33971938929,0.0062457712269701525
2026-05-04 07:35:41,79855,79213.57099999998,0.008097463501550996
2026-05-04 08:49:27,79700,79387.35922514701,0.003938168216004292
2026-05-04 08:49:30,79700,79258.252,0.005573526905438274
2026-05-04 09:44:21,79834,79431.69608250636,0.005064778134357923
2026-05-04 09:44:24,79834,79317.2425,0.0065150714234676905
2026-05-04 10:39:42,79006,79392.90578051345,-0.004873304191473675
2026-05-04 10:39:47,79006,79329.9335,-0.004083370371160077
2026-05-04 11:34:12,78909,79338.97667361735,-0.0054194885243626836
2026-05-04 11:34:17,78909,79337.98300000001,-0.00540703183744925
2026-05-04 12:31:21,79006,79301.0524347293,-0.0037206622821575543
2026-05-04 12:31:25,79006,79349.37350000002,-0.004327362458633854
2026-05-04 13:33:59,78979,79257.36990580162,-0.0035122273945308435
2026-05-04 13:34:02,78979,79354.4535,-0.004731347560726421
2026-05-04 14:43:50,79543,79269.39792522724,0.0034515472797061173
2026-05-04 14:43:53,79543,79384.721,0.001993821959769752
2026-05-04 15:39:14,79654,79367.56159447329,0.003609011033881386
2026-05-04 15:39:18,79654,79463.60200000001,0.002396040390919939
2026-05-04 16:33:11,80227,79482.2159779296,0.009370448633153412
2026-05-04 16:33:17,80227,79547.48000000001,0.008542319630992577
2026-05-04 17:32:19,80437,79554.08464183695,0.011098303275539588
2026-05-04 17:32:25,80437,79616.2395,0.0103089583878174
2026-05-04 18:32:34,80227,79612.17135373992,0.007722797102571405
2026-05-04 18:32:40,80227,79664.606,0.007059521514485369
2026-05-04 19:06:26,80092,79648.62243970048,0.005566669538260792
2026-05-04 19:06:29,80092,79735.55799999999,0.004470301694007209
2026-05-04 20:02:01,80010,79682.69308623238,0.00410762865925491
2026-05-04 20:02:05,80010,79807.37150000001,0.002538969724118675
2026-05-04 20:52:36,79952,79677.23022908952,0.003448535674752496
2026-05-04 20:52:40,79952,79804.5035,0.0018482227635185252
2026-05-04 21:23:46,80212,79728.44549498885,0.006065018601692753
2026-05-04 21:23:49,80212,79828.396,0.0048053577326044065
2026-05-04 21:48:59,80300,79736.85597117932,0.007062531146503024
2026-05-04 21:49:03,80300,79832.8115,0.005852086269064993
2026-05-04 22:20:41,80298,79789.82743413466,0.006368889145484542
2026-05-04 22:20:46,80298,79837.76500000001,0.005764627804898921
2026-05-04 22:49:21,80186,79779.19219603941,0.005099171760989397
2026-05-04 22:49:28,80186,79832.18150000002,0.004432028454589823
2026-05-04 23:19:55,79913,79783.90834736175,0.0016180161552905238
2026-05-04 23:20:01,79913,79808.15100000001,0.001313763051595913
2026-05-04 23:47:11,79749,79768.29310926652,-0.0002418643863934294
2026-05-04 23:47:17,79749,79799.95300000001,-0.0006385091479942176
2026-05-05 00:26:44,79878,79788.17702219065,0.0011257680167873786
2026-05-05 00:26:47,79878,79783.7485,0.0011813370739280128
2026-05-05 01:09:39,80196,79850.85028404565,0.004322430064634041
2026-05-05 01:09:42,80196,79805.00499999999,0.004899379431152344
2026-05-05 02:17:53,80460,79921.31165299925,0.00674023406096751
2026-05-05 02:17:57,80460,79840.9145,0.007753988088400479
2026-05-05 03:44:34,80918,80022.06835142177,0.011196057125688063
2026-05-05 03:44:38,80918,79900.0195,0.012740678993201061
2026-05-05 05:02:45,80915,80183.7078227648,0.009120209043607965
2026-05-05 05:02:51,80915,80012.524,0.011279184243706586
2026-05-05 06:16:36,80972,80264.5482712806,0.008814000003193637
2026-05-05 06:16:43,80972,80118.68350000001,0.010650655536545182
2026-05-05 07:17:18,80993,80328.71754057793,0.008269551410260118
2026-05-05 07:17:24,80993,80223.4945,0.009592021698830376
2026-05-05 08:15:41,80903,80369.51805275743,0.0066378642073276675
2026-05-05 08:15:45,80903,80317.798,0.007286081224487813
2026-05-05 09:14:28,80729,80393.4545706677,0.004173790405254274
2026-05-05 09:14:33,80729,80408.129,0.0039905293655073
2026-05-05 10:12:04,80585,80399.27930754804,0.0023099795676218226
2026-05-05 10:12:10,80585,80417.33050000001,0.002084992114976871
2026-05-05 11:01:05,80818,80453.56438666387,0.004529763424584062
2026-05-05 11:01:10,80818,80464.8555,0.004388804252559614
2026-05-05 11:36:26,81008,80471.63010094958,0.006665329115087612
2026-05-05 11:36:32,81008,80474.34000000001,0.006631430590173077
2026-05-05 12:23:28,81123,80530.68904663948,0.007355096055585451
2026-05-05 12:23:32,81123,80528.4805,0.007382723432860438
2026-05-05 12:54:38,81302,80547.76809425853,0.00936378404500116
2026-05-05 12:54:44,81302,80537.44700000001,0.009493136776485915
2026-05-05 15:37:48,81658,80774.82860923042,0.010933745152740048
2026-05-05 15:37:53,81658,80719.7645,0.011623367657372131
2026-05-05 16:32:45,81318,80817.56479235002,0.006192158956234079
2026-05-05 16:32:50,81318,80782.62250000001,0.0066273844972040575
2026-05-05 17:32:23,81322,80859.43799852044,0.005720569087903142
2026-05-05 17:32:29,81322,80830.40349999999,0.006081826623567632
2026-05-05 18:28:51,81515,80915.81828910629,0.0074050009449682375
2026-05-05 18:28:57,81515,80898.00799999999,0.007626788536004657
2026-05-05 18:58:21,81511,80915.40305101105,0.00736073635588857
2026-05-05 18:58:27,81511,80897.79,0.0075800587383166645
2026-05-05 19:38:20,81536,80974.83947013282,0.006930060418016139
2026-05-05 19:38:24,81536,80981.854,0.006842841607454348
2026-05-05 20:23:27,81648,81042.47692403437,0.0074716753355554095
2026-05-05 20:23:31,81648,81058.5685,0.007271674184574406
2026-05-05 20:49:19,81604,81038.30263832009,0.0069806171065139
2026-05-05 20:49:24,81604,81056.37700000001,0.006756075465845115
2026-05-05 21:21:49,81569,81091.62852574475,0.005886815728502729
2026-05-05 21:21:53,81569,81119.443,0.005541914285580101
2026-05-05 21:48:54,81412,81076.67995431618,0.004135838392405374
2026-05-05 21:49:00,81412,81111.595,0.0037036011928997183
2026-05-05 22:20:06,81388,81108.73811693674,0.0034430554530467073
2026-05-05 22:20:10,81388,81155.9715,0.0028590440815559745
2026-05-05 22:47:50,80982,81070.11049788912,-0.001086843194711295
2026-05-05 22:47:54,80982,81135.692,-0.0018942588176852607
2026-05-05 23:18:39,81194,81094.30545887689,0.0012293654968617855
2026-05-05 23:18:43,81194,81157.448,0.0004503838021126051
2026-05-05 23:46:17,80903,81066.59212554355,-0.0020179968252545606
2026-05-05 23:46:22,80903,81142.89850000001,-0.0029564940917166057
2026-05-06 00:26:46,81048,81067.4098006369,-0.00023942791171736348
2026-05-06 00:26:52,81048,81150.57100000003,-0.0012639590669057071
2026-05-06 01:10:46,81157,81074.35212160277,0.0010194084347817439
2026-05-06 01:10:53,81157,81158.44450000001,-1.7798517565382118e-05
2026-05-06 02:18:04,81267,81114.66683792083,0.0018779977532738517
2026-05-06 02:18:08,81267,81188.915,0.000961769226747351
2026-05-06 03:44:50,81543,81162.88078008035,0.004683412124683283
2026-05-06 03:44:54,81543,81228.7785,0.00386835190436847
2026-05-06 05:04:42,81310,81193.37122929934,0.00143643217340099
2026-05-06 05:04:47,81310,81293.76650000001,0.00019968935748582324
2026-05-06 06:21:56,81286,81199.30652405016,0.0010676627629099575
2026-05-06 06:21:59,81286,81318.8095,-0.0004034675396963728
2026-05-06 09:17:44,81858,81350.89266992167,0.00623358040010577
2026-05-06 09:17:49,81858,81411.4595,0.005484983351760237
2026-05-06 10:16:57,82015,81424.21787794426,0.007255606961326008
2026-05-06 10:17:02,82015,81450.2555,0.0069336123813632565
2026-05-06 11:13:33,82363,81536.08395093786,0.010141718966534104
2026-05-06 11:13:36,82363,81503.7655,0.010542267522596929
2026-05-06 12:08:32,82365,81628.2592133489,0.009025560433985396
2026-05-06 12:08:39,82365,81567.38500000001,0.009778602072384577
2026-05-06 13:04:57,82149,81664.46626220472,0.005933226040314304
2026-05-06 13:05:00,82149,81604.5015,0.006672407648982471
2026-05-06 14:16:21,81464,81605.18597704479,-0.001730110352110549
2026-05-06 14:16:25,81464,81578.6135,-0.0014049454272719007
2026-05-06 15:18:40,81681,81617.92962486233,0.0007727514705109472
2026-05-06 15:18:43,81681,81587.04100000001,0.0011516412269442153
2026-05-06 16:10:27,81798,81636.5301387993,0.001977911860366582
2026-05-06 16:10:33,81798,81595.94350000002,0.002476305700172177
2026-05-06 17:03:14,81600,81617.91602836532,-0.0002195109754957686
2026-05-06 17:03:20,81600,81595.17250000002,5.9164039391973405e-05
2026-05-06 18:00:44,81466,81595.14249457381,-0.0015827228266976675
2026-05-06 18:00:49,81466,81607.311,-0.0017315973075010586
2026-05-06 18:46:45,81430,81591.71963743096,-0.001982059431393165
2026-05-06 18:46:51,81430,81605.514,-0.0021507615281976607
2026-05-06 19:33:31,81293,81556.77204489954,-0.003234213889121605
2026-05-06 19:33:36,81293,81619.736,-0.004003149434347648
2026-05-06 20:31:30,81463,81565.84368825665,-0.0012608670934578035
2026-05-06 20:31:34,81463,81651.88999999998,-0.002313357351556527
2026-05-06 21:24:42,81425,81546.96576310572,-0.0014956505366494062
2026-05-06 21:24:46,81425,81649.385,-0.0027481529713909636
2026-05-06 21:49:41,81503,81554.44004882,-0.000630744920683797
2026-05-06 21:49:45,81503,81653.309,-0.0018408194577882182
2026-05-06 22:17:41,81391,81539.46230644711,-0.0018207417886709604
2026-05-06 22:17:47,81391,81655.54299999999,-0.003239743320303321
2026-05-06 22:47:10,81317,81532.35183025662,-0.0026413052662207846
2026-05-06 22:47:13,81317,81651.81,-0.004100460234745533
2026-05-06 23:17:25,81237,81507.35953638365,-0.0033169953967526807
2026-05-06 23:17:31,81237,81636.504,-0.004893693144919591
2026-05-06 23:46:54,81406,81523.46715543127,-0.0014408998970481149
2026-05-06 23:46:58,81406,81644.9605,-0.002926824858957474
2026-05-07 00:26:28,81268,81502.45250725199,-0.0028766313164763813
2026-05-07 00:26:31,81268,81644.202,-0.004607822610600135
2026-05-07 01:14:26,81096,81439.39768501438,-0.00421660393833646
2026-05-07 01:14:30,81096,81621.0495,-0.006432770752353457
2026-05-07 02:18:06,80938,81399.51134634964,-0.005669706595484798
2026-05-07 02:18:09,80938,81598.38699999999,-0.00809313791950309
2026-05-07 03:45:59,80980,81376.03445316214,-0.004866720967953832
2026-05-07 03:46:04,80980,81589.9825,-0.0074761935388330085
2026-05-07 05:07:40,81064,81301.9810054427,-0.0029271243148032964
2026-05-07 05:07:44,81064,81489.74399999999,-0.005224510215665809
2026-05-07 06:26:00,80980,81270.09173044046,-0.0035694770888489223
2026-05-07 06:26:04,80980,81424.23400000001,-0.005455795875218319
2026-05-07 07:28:16,81635,81343.54690668908,0.0035829897317515794
2026-05-07 07:28:20,81635,81402.599,0.0028549579848181263
2026-05-07 08:20:52,81422,81339.52076147811,0.0010140118573325973
2026-05-07 08:20:55,81422,81356.5415,0.0008045880367222021
2026-05-07 09:20:26,81152,81303.99881197882,-0.0018695121297825162
2026-05-07 09:20:32,81152,81319.79750000002,-0.0020634274206107694
2026-05-07 10:17:34,80939,81251.55238322802,-0.0038467250662958803
2026-05-07 10:17:39,80939,81280.0785,-0.004196335760182654
2026-05-07 11:14:36,80940,81214.96907246675,-0.0033856944798119053
2026-05-07 11:14:39,80940,81238.162,-0.0036702208993846593
2026-05-07 12:08:31,80950,81185.63224477295,-0.0029023884923692037
2026-05-07 12:08:34,80950,81202.13749999998,-0.003105059888355557
2026-05-07 13:06:36,81092,81194.61162905916,-0.0012637738761279533
2026-05-07 13:06:42,81092,81191.96599999999,-0.0012312301933911272
2026-05-07 14:16:43,80609,81094.9988841294,-0.005992957529030906
2026-05-07 14:16:49,80609,81129.25600000001,-0.006412680525506217
2026-05-07 15:20:30,80012,80958.24828835909,-0.011688102304149604
2026-05-07 15:20:33,80012,81035.2355,-0.012627044194867494
2026-05-07 16:13:43,79800,80835.13346454324,-0.012805489645134036
2026-05-07 16:13:49,79800,80947.818,-0.014179727488145503
2026-05-07 17:07:57,79911,80746.57307264271,-0.010348093310300613
2026-05-07 17:08:02,79911,80867.56000000001,-0.011828723408991344
2026-05-07 18:02:44,80156,80707.23929093464,-0.006830109613185041
2026-05-07 18:02:48,80156,80817.517,-0.008185317051995138
2026-05-07 19:05:29,80121,80656.82306027052,-0.0066432452945750595
2026-05-07 19:05:32,80121,80754.46449999999,-0.007844327913288155
2026-05-07 20:01:01,80116,80604.86564189296,-0.006064964416228505
2026-05-07 20:01:05,80116,80710.74400000002,-0.007368833076300479
2026-05-07 20:36:17,80085,80601.8865942739,-0.006412834936181595
2026-05-07 20:36:21,80085,80709.18000000002,-0.007733692747219361
2026-05-07 21:21:20,79863,80512.8576118671,-0.008071476173407107
2026-05-07 21:21:26,79863,80632.144,-0.00953892531990716
2026-05-07 21:47:44,79845,80511.19951662901,-0.008274619191227125
2026-05-07 21:47:49,79845,80631.2735,-0.009751470687114917
2026-05-07 22:23:23,79974,80454.11156406414,-0.005967520549671752
2026-05-07 22:23:27,79974,80570.0615,-0.0073980519426560965
2026-05-07 22:48:45,79871,80444.28584977842,-0.007126495607767239
2026-05-07 22:48:50,79871,80564.903,-0.008612968850716616
2026-05-07 23:19:00,79912,80399.60369025769,-0.006064752410176041
2026-05-07 23:19:04,79912,80521.93249999998,-0.007574737479133166
2026-05-07 23:47:14,80013,80409.23321406721,-0.004927707904045636
2026-05-07 23:47:17,80013,80526.98799999998,-0.006382804234525487
2026-05-08 00:26:56,80086,80380.3579500879,-0.003662063190495866
2026-05-08 00:27:01,80086,80483.0375,-0.004933182349137926
2026-05-08 01:15:30,79665,80284.44176827278,-0.007715589155626091
2026-05-08 01:15:36,79665,80397.654,-0.009112877845913204
2026-05-08 02:18:50,79379,80205.778481816,-0.010308215909947741
2026-05-08 02:18:55,79379,80299.583,-0.011464355923243073
2026-05-08 03:44:37,79635,80168.0371280406,-0.006648998118654876
2026-05-08 03:44:42,79635,80215.858,-0.007241186649153499
2026-05-08 05:00:43,79659,80070.65984785453,-0.0051412071367557865
2026-05-08 05:00:49,79659,80070.3685,-0.005137587196192271
2026-05-08 05:47:59,79692,80073.78175261643,-0.004767874630873846
2026-05-08 05:48:05,79692,80072.00749999999,-0.004745822065220389
2026-05-08 06:34:31,79581,80019.24027616812,-0.005476686290142582
2026-05-08 06:34:34,79581,80003.72099999999,-0.005283766738799443
2026-05-08 07:32:38,79308,79943.3563159783,-0.007947581203208811
2026-05-08 07:32:43,79308,79919.78099999999,-0.007654938393787493
2026-05-08 08:31:05,79763,79961.53905532834,-0.002482931890429966
2026-05-08 08:31:11,79763,79870.52949999999,-0.0013462975727485274
2026-05-08 09:01:04,79930,79972.84435435596,-0.0005357362827576046
2026-05-08 09:01:09,79930,79846.18599999999,0.0010496932189098306
2026-05-08 09:44:23,79860,79966.16625911785,-0.0013276397267043083
2026-05-08 09:44:27,79860,79842.68,0.00021692658613171534
2026-05-08 10:31:12,79943,79966.5523763339,-0.0002945278448801919
2026-05-08 10:31:15,79943,79830.387,0.0014106533142573586
2026-05-08 10:59:08,80227,79993.67237633391,0.0029168260030417027
2026-05-08 10:59:12,80227,79844.625,0.00478898861382341
2026-05-08 11:39:00,80291,80022.03030439526,0.0033611955930336807
2026-05-08 11:39:06,80291,79866.0425,0.00532087839459435
2026-05-08 12:26:30,80300,80038.8614295491,0.0032626472414373064
2026-05-08 12:26:34,80300,79885.777,0.0051851908506816945
2026-05-08 12:57:58,80140,80023.61095335863,0.001454433825901821
2026-05-08 12:58:02,80140,79877.7705,0.0032828845667393944
2026-05-08 13:39:14,79823,79992.46410419416,-0.002118500862449112
2026-05-08 13:39:19,79823,79856.5685,-0.00042035991065649095
2026-05-08 14:35:50,79987,79976.0849664903,0.00013647871753495104
2026-05-08 14:35:56,79987,79835.80999999998,0.0018937617091881063
2026-05-08 15:32:33,79691,79961.02998512625,-0.0033770198454982684
2026-05-08 15:32:37,79691,79821.573,-0.0016358109104164604
2026-05-08 16:29:38,80001,80002.25949143544,-1.574319829774481e-05
2026-05-08 16:29:42,80001,79849.90400000001,0.0018922502398999808
2026-05-08 16:58:37,79842,79987.05663429257,-0.001813501338795162
2026-05-08 16:58:43,79842,79841.9225,9.7066800964641e-07
2026-05-08 17:35:50,80252,80012.31860727989,0.002995556145504667
2026-05-08 17:35:53,80252,79865.693,0.004836957966419958
2026-05-08 18:27:52,80272,80017.458888324,0.003181069671698053
2026-05-08 18:27:56,80272,79870.88949999999,0.005021986139268048
2026-05-08 18:59:11,80149,80005.68460260972,0.0017913151809416056
2026-05-08 18:59:16,80149,79864.708,0.0035596699358119645
2026-05-08 19:33:57,80050,80004.2554757749,0.0005717761380699203
2026-05-08 19:34:00,80050,79862.18249999998,0.002351770188599833
2026-05-08 20:21:32,80215,80031.16305014199,0.002297067078018529
2026-05-08 20:21:36,80215,79888.70749999999,0.004084338202617817
2026-05-08 20:47:41,80254,80034.88781204676,0.002737708441196357
2026-05-08 20:47:44,80254,79890.66299999999,0.004547928210334343
